x_index,lasso_index,resolved_name,confidence,n_candidates,note
5,0,Chi1,unique,1,
6,1,NumValenceElectrons,unique,1,
7,2,Chi2n,unique,1,
8,3,Chi4n,unique,1,
9,4,Chi0,unique,1,
10,5,BalabanJ,unique,1,
11,6,BCUT2D_MRHI,unique,1,
12,7,FractionCSP3,unique,1,
13,8,TPSA,unique,1,
14,9,Chi0v,unique,1,
15,10,HallKierAlpha,unique,1,
16,11,fr_halogen,unique,1,
17,12,NumHAcceptors,unique,1,
18,13,SMR_VSA6,unique,1,
19,14,NumHDonors,unique,1,
20,15,SMR_VSA1,unique,1,
21,16,PEOE_VSA1,unique,1,
22,17,BCUT2D_MWHI,unique,1,
23,18,BCUT2D_LOGPLOW,unique,1,
24,19,SPS,unique,1,
25,20,NumRotatableBonds,unique,1,
26,21,SlogP_VSA1,unique,1,
27,22,SMR_VSA5,unique,1,
28,23,fr_Al_OH,unique,1,
29,24,VSA_EState6,unique,1,
30,25,MolLogP,unique,1,
31,26,BCUT2D_CHGLO,unique,1,
32,27,SlogP_VSA5,unique,1,
33,28,fr_C_O,unique,1,
34,29,MinEStateIndex,unique,1,
35,30,fr_NH0,unique,1,
36,31,SlogP_VSA12,unique,1,
37,32,fr_Al_OH_noTert,unique,1,
38,33,SMR_VSA3,unique,1,
39,34,SMR_VSA9,unique,1,
40,35,VSA_EState9,unique,1,
41,36,AvgIpc,unique,1,
42,37,Chi3n,unique,1,
43,38,EState_VSA4,unique,1,
44,39,fr_epoxide,unique,1,
45,40,NumAromaticRings,unique,1,
46,41,fr_N_O,unique,1,
47,42,BCUT2D_MRLOW,unique,1,
48,43,EState_VSA3,unique,1,
49,44,SMR_VSA10,unique,1,
50,45,NumSaturatedCarbocycles,unique,1,
51,46,fr_phos_acid,ambiguous,2,fr_phos_acid;fr_phos_ester
52,47,NumUnspecifiedAtomStereoCenters,unique,1,
53,48,fr_ketone,unique,1,
54,49,NumRadicalElectrons,unique,1,
55,50,fr_bicyclic,unique,1,
56,51,fr_aniline,unique,1,
57,52,fr_NH2,unique,1,
58,53,SlogP_VSA11,unique,1,
59,54,NumHeterocycles,unique,1,
60,55,FpDensityMorgan3,unique,1,
61,56,NumAmideBonds,ambiguous,2,NumAmideBonds;fr_amide
62,57,MaxAbsEStateIndex,ambiguous,2,MaxAbsEStateIndex;MaxEStateIndex
63,58,SlogP_VSA8,unique,1,
64,59,SlogP_VSA4,unique,1,
65,60,fr_ether,unique,1,
66,61,fr_C_S,unique,1,
67,62,VSA_EState10,unique,1,
68,63,Chi2v,unique,1,
69,64,Chi3v,unique,1,
70,65,fr_phos_ester,ambiguous,2,fr_phos_acid;fr_phos_ester
71,66,EState_VSA8,unique,1,
72,67,fr_Ar_OH,unique,1,
73,68,NumAtomStereoCenters,unique,1,
74,69,VSA_EState3,unique,1,
75,70,PEOE_VSA6,unique,1,
76,71,MorganFP_130,unique,1,
77,72,fr_ketone_Topliss,unique,1,
78,73,EState_VSA5,unique,1,
79,74,EState_VSA9,unique,1,
80,75,fr_guanido,unique,1,
81,76,PEOE_VSA11,unique,1,
82,77,fr_Al_COO,unique,1,
83,78,MorganFP_117,unique,1,
84,79,EState_VSA10,unique,1,
85,80,fr_quatN,unique,1,
86,81,MaxAbsPartialCharge,unique,1,
87,82,fr_pyridine,unique,1,
88,83,MorganFP_188,unique,1,
89,84,SlogP_VSA10,unique,1,
90,85,VSA_EState5,unique,1,
91,86,HeavyAtomMolWt,unique,1,
92,87,fr_sulfide,unique,1,
93,88,PEOE_VSA14,unique,1,
94,89,MorganFP_128,unique,1,
95,90,fr_imide,unique,1,
96,91,PEOE_VSA10,unique,1,
97,92,MorganFP_35,unique,1,
98,93,MorganFP_11,unique,1,
99,94,MaxPartialCharge,unique,1,
100,95,VSA_EState2,unique,1,
101,96,MorganFP_119,unique,1,
102,97,EState_VSA7,unique,1,
103,98,fr_sulfonamd,unique,1,
104,99,fr_allylic_oxid,unique,1,
105,100,BCUT2D_CHGHI,unique,1,
106,101,fr_piperdine,unique,1,
107,102,MorganFP_42,unique,1,
108,103,MorganFP_105,unique,1,
109,104,MorganFP_13,unique,1,
110,105,MorganFP_36,unique,1,
111,106,MorganFP_136,unique,1,
112,107,MorganFP_87,unique,1,
113,108,fr_alkyl_halide,unique,1,
114,109,MorganFP_26,unique,1,
115,110,MorganFP_138,unique,1,
116,111,PEOE_VSA8,unique,1,
117,112,fr_piperzine,unique,1,
118,113,FpDensityMorgan1,unique,1,
119,114,fr_aldehyde,unique,1,
120,115,MorganFP_70,unique,1,
121,116,fr_nitro_arom_nonortho,unique,1,
122,117,MorganFP_147,unique,1,
123,118,SlogP_VSA2,unique,1,
124,119,MorganFP_120,unique,1,
125,120,Chi4v,unique,1,
126,121,MolWt,unique,1,
127,122,fr_phenol,ambiguous,2,fr_phenol;fr_phenol_noOrthoHbond
128,123,MorganFP_102,unique,1,
129,124,MinAbsEStateIndex,unique,1,
130,125,fr_term_acetylene,unique,1,
131,126,fr_methoxy,unique,1,
132,127,EState_VSA2,unique,1,
133,128,fr_Imine,unique,1,
134,129,MorganFP_2,unique,1,
135,130,VSA_EState8,unique,1,
136,131,SlogP_VSA6,unique,1,
137,132,MorganFP_150,unique,1,
138,133,MorganFP_49,unique,1,
139,134,RingCount,unique,1,
140,135,PEOE_VSA12,unique,1,
141,136,MorganFP_118,unique,1,
142,137,fr_Ndealkylation2,unique,1,
143,138,MorganFP_64,unique,1,
144,139,MorganFP_131,unique,1,
145,140,MorganFP_170,unique,1,
146,141,EState_VSA11,unique,1,
147,142,MorganFP_145,unique,1,
148,143,fr_amidine,unique,1,
149,144,BCUT2D_MWLOW,unique,1,
150,145,MorganFP_33,unique,1,
151,146,MorganFP_46,unique,1,
152,147,MorganFP_69,unique,1,
153,148,PEOE_VSA5,unique,1,
154,149,NOCount,unique,1,
155,150,MorganFP_178,unique,1,
156,151,MorganFP_137,unique,1,
157,152,EState_VSA6,unique,1,
158,153,MorganFP_51,unique,1,
159,154,MorganFP_129,unique,1,
160,155,fr_nitro,unique,1,
161,156,MorganFP_184,unique,1,
162,157,fr_lactone,unique,1,
163,158,SMR_VSA7,unique,1,
164,159,EState_VSA1,unique,1,
165,160,fr_NH1,unique,1,
166,161,MorganFP_16,unique,1,
167,162,MorganFP_23,unique,1,
168,163,MorganFP_80,unique,1,
169,164,MinAbsPartialCharge,unique,1,
170,165,MorganFP_172,unique,1,
171,166,MorganFP_63,unique,1,
172,167,MorganFP_90,unique,1,
173,168,fr_SH,unique,1,
174,169,fr_ester,unique,1,
175,170,fr_isothiocyan,ambiguous,2,fr_isothiocyan;MorganFP_27
176,171,MorganFP_72,unique,1,
177,172,MorganFP_116,unique,1,
178,173,MorganFP_194,unique,1,
179,174,MorganFP_179,unique,1,
180,175,MorganFP_99,unique,1,
181,176,fr_aryl_methyl,unique,1,
182,177,MorganFP_103,unique,1,
183,178,MorganFP_82,unique,1,
184,179,MorganFP_171,unique,1,
185,180,MorganFP_125,unique,1,
186,181,MorganFP_114,unique,1,
187,182,SMR_VSA8,ambiguous,13,SMR_VSA8;SlogP_VSA9;fr_alkyl_carbamate;fr_azide;fr_barbitur;fr_diazo
188,183,MorganFP_165,unique,1,
189,184,MorganFP_7,unique,1,
190,185,MorganFP_84,unique,1,
191,186,MorganFP_29,unique,1,
192,187,MorganFP_101,unique,1,
193,188,fr_priamide,unique,1,
194,189,MorganFP_91,unique,1,
195,190,MorganFP_108,unique,1,
196,191,fr_hdrzine,unique,1,
197,192,MorganFP_155,unique,1,
198,193,MorganFP_45,unique,1,
199,194,MorganFP_191,unique,1,
200,195,MorganFP_143,unique,1,
201,196,MorganFP_186,unique,1,
202,197,MorganFP_124,unique,1,
203,198,MorganFP_31,unique,1,
204,199,MorganFP_89,unique,1,
205,200,fr_urea,unique,1,
206,201,MorganFP_198,unique,1,
207,202,MorganFP_21,unique,1,
208,203,MorganFP_3,unique,1,
209,204,MorganFP_152,unique,1,
210,205,fr_amide,ambiguous,2,NumAmideBonds;fr_amide
211,206,PEOE_VSA4,unique,1,
212,207,MorganFP_98,unique,1,
213,208,MorganFP_24,unique,1,
214,209,PEOE_VSA2,unique,1,
215,210,MorganFP_133,unique,1,
216,211,MorganFP_189,unique,1,
217,212,MorganFP_95,unique,1,
218,213,fr_ArN,unique,1,
219,214,MorganFP_146,unique,1,
220,215,MorganFP_163,unique,1,
221,216,fr_thiophene,unique,1,
222,217,MorganFP_93,unique,1,
223,218,MorganFP_78,unique,1,
224,219,MorganFP_107,unique,1,
225,220,MorganFP_126,unique,1,
226,221,MorganFP_15,unique,1,
227,222,MorganFP_193,unique,1,
228,223,MorganFP_19,unique,1,
229,224,MorganFP_56,unique,1,
230,225,MorganFP_48,unique,1,
231,226,MorganFP_14,unique,1,
232,227,MorganFP_151,unique,1,
233,228,MorganFP_173,unique,1,
234,229,Kappa2,unique,1,
235,230,MorganFP_162,unique,1,
236,231,MorganFP_148,unique,1,
237,232,MorganFP_139,unique,1,
238,233,MorganFP_123,unique,1,
239,234,MorganFP_96,unique,1,
240,235,MorganFP_183,unique,1,
241,236,MorganFP_122,unique,1,
242,237,MorganFP_94,unique,1,
243,238,MorganFP_192,unique,1,
244,239,MorganFP_112,unique,1,
245,240,MorganFP_144,unique,1,
246,241,SlogP_VSA3,unique,1,
247,242,MorganFP_176,unique,1,
248,243,MorganFP_106,unique,1,
249,244,MorganFP_167,unique,1,
250,245,MorganFP_77,unique,1,
251,246,MorganFP_141,unique,1,
252,247,fr_nitro_arom,unique,1,
253,248,MorganFP_158,unique,1,
254,249,MorganFP_185,unique,1,
255,250,fr_nitrile,unique,1,
256,251,MorganFP_25,unique,1,
257,252,MorganFP_142,unique,1,
258,253,MorganFP_54,unique,1,
259,254,MorganFP_0,unique,1,
260,255,Ipc,unique,1,
261,256,MorganFP_182,unique,1,
262,257,MorganFP_134,unique,1,
263,258,MorganFP_175,unique,1,
264,259,MorganFP_199,unique,1,
265,260,MorganFP_57,unique,1,
266,261,MorganFP_71,unique,1,
267,262,SlogP_VSA9,ambiguous,13,SMR_VSA8;SlogP_VSA9;fr_alkyl_carbamate;fr_azide;fr_barbitur;fr_diazo
268,263,MorganFP_85,unique,1,
269,264,MorganFP_28,unique,1,
270,265,PEOE_VSA9,unique,1,
271,266,NumSaturatedRings,unique,1,
272,267,MorganFP_52,unique,1,
273,268,MorganFP_190,unique,1,
274,269,MorganFP_164,unique,1,
275,270,MorganFP_149,unique,1,
276,271,Phi,unique,1,
277,272,MorganFP_140,unique,1,
278,273,MorganFP_20,unique,1,
279,274,NumSpiroAtoms,unique,1,
280,275,SlogP_VSA7,unique,1,
281,276,MorganFP_8,unique,1,
282,277,SMR_VSA2,unique,1,
283,278,fr_imidazole,unique,1,
284,279,MorganFP_38,unique,1,
285,280,MorganFP_197,unique,1,
286,281,MorganFP_9,unique,1,
287,282,NumAromaticCarbocycles,unique,1,
288,283,MorganFP_58,unique,1,
289,284,MorganFP_196,unique,1,
290,285,MorganFP_67,unique,1,
291,286,MorganFP_59,unique,1,
292,287,MorganFP_61,unique,1,
293,288,MorganFP_166,unique,1,
294,289,fr_Ndealkylation1,unique,1,
295,290,MorganFP_181,unique,1,
296,291,MorganFP_121,unique,1,
297,292,PEOE_VSA13,unique,1,
298,293,fr_unbrch_alkane,unique,1,
299,294,MorganFP_34,unique,1,
300,295,MorganFP_65,unique,1,
301,296,NumBridgeheadAtoms,unique,1,
302,297,MorganFP_160,unique,1,
303,298,MorganFP_62,unique,1,
304,299,MorganFP_41,unique,1,
305,300,MorganFP_79,unique,1,
306,301,MorganFP_111,unique,1,
307,302,MorganFP_109,unique,1,
308,303,MorganFP_195,unique,1,
309,304,MorganFP_1,unique,1,
310,305,MorganFP_169,unique,1,
311,306,MorganFP_115,unique,1,
312,307,MorganFP_73,unique,1,
313,308,MorganFP_83,unique,1,
314,309,VSA_EState7,unique,1,
315,310,fr_furan,unique,1,
316,311,BertzCT,unique,1,
317,312,MorganFP_92,unique,1,
318,313,Kappa3,unique,1,
319,314,NHOHCount,unique,1,
320,315,MorganFP_81,unique,1,
321,316,MorganFP_37,unique,1,
322,317,MorganFP_110,unique,1,
323,318,MorganFP_157,unique,1,
324,319,MorganFP_39,unique,1,
325,320,MorganFP_50,unique,1,
326,321,MorganFP_17,unique,1,
327,322,fr_azo,unique,1,
328,323,MorganFP_74,unique,1,
329,324,MorganFP_180,unique,1,
330,325,MorganFP_53,unique,1,
331,326,MorganFP_132,unique,1,
332,327,MorganFP_40,unique,1,
333,328,MorganFP_156,unique,1,
334,329,BCUT2D_LOGPHI,unique,1,
335,330,fr_benzene,unique,1,
336,331,MorganFP_86,unique,1,
337,332,qed,unique,1,
338,333,MorganFP_10,unique,1,
339,334,fr_Ar_COO,unique,1,
340,335,MorganFP_104,unique,1,
341,336,MorganFP_75,unique,1,
342,337,MorganFP_97,unique,1,
343,338,MorganFP_88,unique,1,
344,339,FpDensityMorgan2,unique,1,
345,340,NumAliphaticCarbocycles,unique,1,
346,341,MorganFP_5,unique,1,
347,342,MorganFP_4,unique,1,
348,343,MinPartialCharge,unique,1,
349,344,Kappa1,unique,1,
350,345,NumAliphaticHeterocycles,unique,1,
351,346,VSA_EState1,unique,1,
352,347,ExactMolWt,unique,1,
353,348,fr_phenol_noOrthoHbond,ambiguous,2,fr_phenol;fr_phenol_noOrthoHbond
354,349,NumHeteroatoms,unique,1,
355,350,NumSaturatedHeterocycles,unique,1,
356,351,NumAliphaticRings,unique,1,
357,352,NumAromaticHeterocycles,unique,1,
358,353,MaxEStateIndex,ambiguous,2,MaxAbsEStateIndex;MaxEStateIndex
359,354,fr_para_hydroxylation,unique,1,
360,355,fr_hdrzone,unique,1,
361,356,MolMR,unique,1,
362,357,PEOE_VSA7,unique,1,
363,358,MorganFP_32,unique,1,
364,359,PEOE_VSA3,unique,1,
365,360,MorganFP_43,unique,1,
366,361,fr_C_O_noCOO,unique,1,
367,362,MorganFP_68,unique,1,
368,363,Chi1v,unique,1,
369,364,Chi1n,unique,1,
370,365,fr_COO2,unique,1,
371,366,LabuteASA,unique,1,
372,367,Chi0n,unique,1,
373,368,fr_COO,unique,1,
374,369,SMR_VSA4,unique,1,
375,370,HeavyAtomCount,unique,1,
376,371,fr_Ar_NH,ambiguous,2,fr_Ar_NH;fr_Nhpyrrole
377,372,fr_Ar_N,unique,1,
378,373,VSA_EState4,unique,1,
379,374,fr_Nhpyrrole,ambiguous,2,fr_Ar_NH;fr_Nhpyrrole
