feature,target,abs_corr,corr
x12,gap,0.5338377158455062,0.5338377158455062
x396,gap,0.5338377158455062,0.5338377158455062
x396,lumo_minus_homo,0.5338347148310572,0.5338347148310572
x12,lumo_minus_homo,0.5338347148310572,0.5338347148310572
x163,gap,0.5297270644209464,-0.5297270644209464
x163,lumo_minus_homo,0.5297251004277524,-0.5297251004277524
x15,gap,0.5191613380713519,0.5191613380713519
x15,lumo_minus_homo,0.5191602646014745,0.5191602646014745
x136,gap,0.5178548842334231,-0.5178548842334231
x136,lumo_minus_homo,0.5178527648233014,-0.5178527648233014
x12,lumo,0.5130832499014997,0.5130832499014997
x396,lumo,0.5130832499014997,0.5130832499014997
x397,gap,0.4841909419004472,-0.4841909419004472
x397,lumo_minus_homo,0.4841889916695113,-0.4841889916695113
x398,gap,0.4828531357812283,-0.4828531357812283
x398,lumo_minus_homo,0.4828512392190337,-0.4828512392190337
x382,gap,0.47895126738750843,-0.47895126738750843
x91,gap,0.47895126738750843,-0.47895126738750843
x382,lumo_minus_homo,0.4789508739876009,-0.4789508739876009
x91,lumo_minus_homo,0.4789508739876009,-0.4789508739876009
x15,lumo,0.47308709164153395,0.47308709164153395
x386,gap,0.47117015433233644,-0.47117015433233644
x45,gap,0.47117015433233644,-0.47117015433233644
x45,lumo_minus_homo,0.4711683635424286,-0.4711683635424286
x386,lumo_minus_homo,0.4711683635424286,-0.4711683635424286
x5,gap,0.4694741645807873,-0.4694741645807873
x5,lumo_minus_homo,0.4694738429113703,-0.4694738429113703
x0,gap,0.463234213843299,-0.463234213843299
x0,lumo_minus_homo,0.4632338933415319,-0.4632338933415319
x380,gap,0.4631696675892379,-0.4631696675892379
x126,gap,0.4631696675892379,-0.4631696675892379
x126,lumo_minus_homo,0.4631693449790266,-0.4631693449790266
x380,lumo_minus_homo,0.4631693449790266,-0.4631693449790266
x352,gap,0.463107881735774,-0.463107881735774
x381,gap,0.463107881735774,-0.463107881735774
x381,lumo_minus_homo,0.4631075594886242,-0.4631075594886242
x352,lumo_minus_homo,0.4631075594886242,-0.4631075594886242
x384,gap,0.46253475715575315,-0.46253475715575315
x375,gap,0.46253475715575315,-0.46253475715575315
x384,lumo_minus_homo,0.4625344192532808,-0.4625344192532808
x375,lumo_minus_homo,0.4625344192532808,-0.4625344192532808
x1,lumo_minus_homo,0.4586050558357808,-0.4586050558357808
x1,gap,0.45860499083028394,-0.45860499083028394
x371,gap,0.45462601490722093,-0.45462601490722093
x371,lumo_minus_homo,0.45462563091279357,-0.45462563091279357
x163,lumo,0.4506414950426639,-0.4506414950426639
x393,gap,0.44905291382573476,-0.44905291382573476
x361,gap,0.44905291382573476,-0.44905291382573476
x361,lumo_minus_homo,0.4490524721628771,-0.4490524721628771
x393,lumo_minus_homo,0.4490524721628771,-0.4490524721628771
x9,gap,0.4478910474394894,-0.4478910474394894
x9,lumo_minus_homo,0.4478907677763123,-0.4478907677763123
x136,lumo,0.4354689409175251,-0.4354689409175251
x395,lumo,0.43466422561206036,-0.43466422561206036
x354,lumo,0.43466422561206036,-0.43466422561206036
x91,lumo,0.43357971368214043,-0.43357971368214043
x382,lumo,0.43357971368214043,-0.43357971368214043
x335,gap,0.43334691651276414,-0.43334691651276414
x335,lumo_minus_homo,0.4333456618867072,-0.4333456618867072
x287,gap,0.42694192794842767,-0.42694192794842767
x287,lumo_minus_homo,0.4269406979342503,-0.4269406979342503
x383,gap,0.42037379330513186,-0.42037379330513186
x6,gap,0.42037379330513186,-0.42037379330513186
x6,lumo_minus_homo,0.42037370187558715,-0.42037370187558715
x383,lumo_minus_homo,0.42037370187558715,-0.42037370187558715
x418,lumo_minus_homo,0.4170551509400156,0.4170551509400156
x418,gap,0.4170545585405146,0.4170545585405146
x0,lumo,0.4141340239177078,-0.4141340239177078
x380,lumo,0.41411585595362355,-0.41411585595362355
x126,lumo,0.41411585595362355,-0.41411585595362355
x352,lumo,0.4139855932703038,-0.4139855932703038
x381,lumo,0.4139855932703038,-0.4139855932703038
x49,gap,0.41346112944821994,-0.41346112944821994
x49,lumo_minus_homo,0.41346002654802455,-0.41346002654802455
x398,homo,0.41128825543906533,0.41128825543906533
x397,homo,0.41089252055709147,0.41089252055709147
x395,lumo_minus_homo,0.4103506440479759,-0.4103506440479759
x354,lumo_minus_homo,0.4103506440479759,-0.4103506440479759
x354,gap,0.4103499810009147,-0.4103499810009147
x395,gap,0.4103499810009147,-0.4103499810009147
x1,lumo,0.4099609139786836,-0.4099609139786836
x14,gap,0.40809176118412244,-0.40809176118412244
x14,lumo_minus_homo,0.4080915622563823,-0.4080915622563823
x154,lumo,0.40720208090648463,-0.40720208090648463
x5,lumo,0.40692325447760486,-0.40692325447760486
x136,homo,0.4051699146761204,0.4051699146761204
x375,lumo,0.40398463029244064,-0.40398463029244064
x384,lumo,0.40398463029244064,-0.40398463029244064
x386,homo,0.40309584739596843,0.40309584739596843
x45,homo,0.40309584739596843,0.40309584739596843
x424,lumo_minus_homo,0.40233998672901966,-0.40233998672901966
x424,gap,0.4023390141342096,-0.4023390141342096
x425,lumo_minus_homo,0.4008072028709325,-0.4008072028709325
x425,gap,0.40080624538451365,-0.40080624538451365
x163,homo,0.4007447443539989,0.4007447443539989
x9,lumo,0.3970713428907357,-0.3970713428907357
x17,lumo,0.39697443533001076,-0.39697443533001076
x389,lumo,0.39697443533001076,-0.39697443533001076
x361,homo,0.3966693057495812,0.3966693057495812
x393,homo,0.3966693057495812,0.3966693057495812
x4,gap,0.3965221048553283,-0.3965221048553283
x4,lumo_minus_homo,0.3965219629049621,-0.3965219629049621
x139,gap,0.3963295514110858,-0.3963295514110858
x139,lumo_minus_homo,0.39632848525754366,-0.39632848525754366
x385,gap,0.3962479020408092,-0.3962479020408092
x385,lumo_minus_homo,0.39624683603962463,-0.39624683603962463
x397,lumo,0.39502976310572546,-0.39502976310572546
x391,lumo,0.3950221457344527,-0.3950221457344527
x13,lumo,0.3950221457344527,-0.3950221457344527
x417,lumo_minus_homo,0.3945827567217632,0.3945827567217632
x417,gap,0.3945821509487224,0.3945821509487224
x414,lumo_minus_homo,0.39453169981804065,-0.39453169981804065
x414,gap,0.39453154596338447,-0.39453154596338447
x154,lumo_minus_homo,0.393657919125676,-0.393657919125676
x154,gap,0.39365699258178677,-0.39365699258178677
x398,lumo,0.3933590763943105,-0.3933590763943105
x412,lumo_minus_homo,0.39184978292201134,-0.39184978292201134
x412,gap,0.39184934845557745,-0.39184934845557745
x49,lumo,0.3897212889270374,-0.3897212889270374
x17,lumo_minus_homo,0.38961761617045143,-0.38961761617045143
x389,lumo_minus_homo,0.38961761617045143,-0.38961761617045143
x17,gap,0.3896168078882126,-0.3896168078882126
x389,gap,0.3896168078882126,-0.3896168078882126
x371,lumo,0.3894534151519683,-0.3894534151519683
x415,lumo_minus_homo,0.38878130154923285,-0.38878130154923285
x415,gap,0.38878102193650105,-0.38878102193650105
x316,gap,0.38669943945235374,-0.38669943945235374
x316,lumo_minus_homo,0.3866985280230722,-0.3866985280230722
x349,lumo_minus_homo,0.38551380480762076,-0.38551380480762076
x349,gap,0.38551367895598315,-0.38551367895598315
x401,gap,0.38464485949682103,-0.38464485949682103
x401,lumo_minus_homo,0.3846440770157081,-0.3846440770157081
x372,gap,0.383581564466951,-0.383581564466951
x372,lumo_minus_homo,0.38358140524459444,-0.38358140524459444
x368,lumo_minus_homo,0.3834931240108542,-0.3834931240108542
x368,gap,0.38349276252721964,-0.38349276252721964
x386,lumo,0.3831759877679888,-0.3831759877679888
x45,lumo,0.3831759877679888,-0.3831759877679888
x29,gap,0.38262511403871324,-0.38262511403871324
x29,lumo_minus_homo,0.3826234456914362,-0.3826234456914362
x411,lumo_minus_homo,0.38137295597158677,-0.38137295597158677
x411,gap,0.3813724004428691,-0.3813724004428691
x260,gap,0.38004540873492404,-0.38004540873492404
x260,lumo_minus_homo,0.3800440796579602,-0.3800440796579602
x41,lumo_minus_homo,0.37729308285102253,-0.37729308285102253
x41,gap,0.3772930717160568,-0.3772930717160568
x416,lumo_minus_homo,0.3753764662133355,-0.3753764662133355
x416,gap,0.3753759706798497,-0.3753759706798497
x29,homo,0.3735763852700822,0.3735763852700822
x335,homo,0.37308352429607317,0.37308352429607317
x401,homo,0.3728781395910593,0.3728781395910593
x169,lumo,0.37124356624066346,-0.37124356624066346
x426,lumo_minus_homo,0.37114302008578853,-0.37114302008578853
x426,gap,0.3711420356975878,-0.3711420356975878
x399,lumo,0.3691360021295557,-0.3691360021295557
x99,lumo,0.3690458532683311,-0.3690458532683311
x116,homo,0.3687245145825466,0.3687245145825466
x6,lumo,0.36783613436181856,-0.36783613436181856
x383,lumo,0.36783613436181856,-0.36783613436181856
x287,homo,0.3662753307064593,0.3662753307064593
x423,lumo_minus_homo,0.3660060209302044,-0.3660060209302044
x423,gap,0.3660054910073491,-0.3660054910073491
x391,lumo_minus_homo,0.36434918307615694,-0.36434918307615694
x13,lumo_minus_homo,0.36434918307615694,-0.36434918307615694
x13,gap,0.3643485898705806,-0.3643485898705806
x391,gap,0.3643485898705806,-0.3643485898705806
x139,homo,0.36243224060441287,0.36243224060441287
x385,homo,0.36241722475823823,0.36241722475823823
x361,lumo,0.3604629655813603,-0.3604629655813603
x393,lumo,0.3604629655813603,-0.3604629655813603
x424,lumo,0.3579151121898755,-0.3579151121898755
x418,lumo,0.3576398008621652,0.3576398008621652
x4,homo,0.3565223028978033,0.3565223028978033
x425,lumo,0.35489529213619714,-0.35489529213619714
x369,gap,0.35468094893652397,-0.35468094893652397
x369,lumo_minus_homo,0.3546808794630338,-0.3546808794630338
x84,lumo,0.35306950389267355,-0.35306950389267355
x335,lumo,0.35152920023312195,-0.35152920023312195
x413,lumo_minus_homo,0.3504469881191094,-0.3504469881191094
x413,gap,0.35044636474357055,-0.35044636474357055
x403,lumo,0.34791459202471087,-0.34791459202471087
x287,lumo,0.3468230803352392,-0.3468230803352392
x399,gap,0.34606832674149085,-0.34606832674149085
x399,lumo_minus_homo,0.3460682719586734,-0.3460682719586734
x20,lumo,0.34586565243307854,-0.34586565243307854
x349,lumo,0.3448768874623257,-0.3448768874623257
x414,lumo,0.3430650945342499,-0.3430650945342499
x417,lumo,0.34063375438390897,0.34063375438390897
x14,homo,0.34021358567452004,0.34021358567452004
x412,lumo,0.33829984424855153,-0.33829984424855153
x34,lumo,0.33810760696107056,0.33810760696107056
x371,homo,0.33679586041509685,0.33679586041509685
x415,lumo,0.3363597258034379,-0.3363597258034379
x18,homo,0.3361304975198293,0.3361304975198293
x100,lumo,0.33591289049489476,-0.33591289049489476
x14,lumo,0.3352534760775244,-0.3352534760775244
x5,homo,0.3352412716832517,0.3352412716832517
x26,lumo_minus_homo,0.3335015037351901,-0.3335015037351901
x26,gap,0.333500673726452,-0.333500673726452
x368,homo,0.3329925462092858,0.3329925462092858
x372,homo,0.3320017157904442,0.3320017157904442
x316,lumo,0.33196644256201313,-0.33196644256201313
x62,lumo,0.32769057433277055,-0.32769057433277055
x358,lumo,0.32767055267117906,-0.32767055267117906
x369,homo,0.3274115994852558,0.3274115994852558
x378,homo,0.3273008972914791,0.3273008972914791
x411,lumo,0.3264649647553547,-0.3264649647553547
x26,homo,0.3254404823488605,0.3254404823488605
x426,lumo,0.32360208872367024,-0.32360208872367024
x423,lumo,0.3228102582786518,-0.3228102582786518
x375,homo,0.3221556909888651,0.3221556909888651
x384,homo,0.3221556909888651,0.3221556909888651
x416,lumo,0.3217086273542228,-0.3217086273542228
x260,lumo,0.3200779957617746,-0.3200779957617746
x402,lumo_minus_homo,0.31959423707671675,-0.31959423707671675
x402,gap,0.31959286612222804,-0.31959286612222804
x4,lumo,0.31592878999393953,-0.31592878999393953
x59,lumo_minus_homo,0.31584802775663307,-0.31584802775663307
x59,gap,0.3158478221598537,-0.3158478221598537
x41,homo,0.31434138834935366,0.31434138834935366
x139,lumo,0.3134726980600129,-0.3134726980600129
x385,lumo,0.31338554867500645,-0.31338554867500645
x143,gap,0.31337810163173857,-0.31337810163173857
x143,lumo_minus_homo,0.31337621407316296,-0.31337621407316296
x372,lumo,0.3104938068397297,-0.3104938068397297
x41,lumo,0.31002637804384525,-0.31002637804384525
x368,lumo,0.31001853942322466,-0.31001853942322466
x15,homo,0.3096760914055977,-0.3096760914055977
x418,homo,0.307982349687088,-0.307982349687088
x116,gap,0.30711210340980816,-0.30711210340980816
x116,lumo_minus_homo,0.3071115744620963,-0.3071115744620963
x157,gap,0.30476313674395344,-0.30476313674395344
x157,lumo_minus_homo,0.3047624063415309,-0.3047624063415309
x362,homo,0.3041076817970765,0.3041076817970765
x71,homo,0.30252586530179976,0.30252586530179976
x100,gap,0.3014482638280978,-0.3014482638280978
x100,lumo_minus_homo,0.30144800328849797,-0.30144800328849797
x86,lumo,0.2999795508189642,-0.2999795508189642
x234,lumo_minus_homo,0.29973348159337915,-0.29973348159337915
x234,gap,0.29973267586069235,-0.29973267586069235
x21,lumo_minus_homo,0.299402121845976,-0.299402121845976
x21,gap,0.29940205522710245,-0.29940205522710245
x352,homo,0.29744591578843227,0.29744591578843227
x381,homo,0.29744591578843227,0.29744591578843227
x0,homo,0.2974332410143995,0.2974332410143995
x413,lumo,0.2973362396561782,-0.2973362396561782
x380,homo,0.297287297230395,0.297287297230395
x126,homo,0.297287297230395,0.297287297230395
x9,homo,0.2964245718606982,0.2964245718606982
x401,lumo,0.29623576993560274,-0.29623576993560274
x260,homo,0.2960419545687774,0.2960419545687774
x169,gap,0.29578417164085474,-0.29578417164085474
x169,lumo_minus_homo,0.2957831025888888,-0.2957831025888888
x63,gap,0.29492729473977974,-0.29492729473977974
x63,lumo_minus_homo,0.2949267199800007,-0.2949267199800007
x402,homo,0.2948749786390046,0.2948749786390046
x1,homo,0.29455339558884786,0.29455339558884786
x21,lumo,0.2944402023259868,-0.2944402023259868
x29,lumo,0.29367422613137273,-0.29367422613137273
x91,homo,0.29326714167563045,0.29326714167563045
x382,homo,0.29326714167563045,0.29326714167563045
x403,lumo_minus_homo,0.2930628203149897,-0.2930628203149897
x403,gap,0.2930624820651868,-0.2930624820651868
x84,lumo_minus_homo,0.2925526565222588,-0.2925526565222588
x84,gap,0.2925522705648055,-0.2925522705648055
x6,homo,0.2910058776520658,0.2910058776520658
x383,homo,0.2910058776520658,0.2910058776520658
x62,gap,0.28804713411849564,-0.28804713411849564
x62,lumo_minus_homo,0.28804687029511,-0.28804687029511
x358,gap,0.28801715840596825,-0.28801715840596825
x358,lumo_minus_homo,0.28801689463995533,-0.28801689463995533
x99,gap,0.28783231332467435,-0.28783231332467435
x99,lumo_minus_homo,0.2878317379888069,-0.2878317379888069
x164,lumo,0.28684544426228087,-0.28684544426228087
x123,lumo_minus_homo,0.2867214490894024,-0.2867214490894024
x123,gap,0.2867206021937437,-0.2867206021937437
x7,homo,0.28586829160565586,0.28586829160565586
x417,homo,0.28540133143060703,-0.28540133143060703
x135,lumo,0.28472704753665967,0.28472704753665967
x316,homo,0.2846173239346345,0.2846173239346345
x102,homo,0.28403628701248024,0.28403628701248024
x422,lumo_minus_homo,0.2834962159534371,-0.2834962159534371
x422,gap,0.28349562127529254,-0.28349562127529254
x319,gap,0.2834201152868989,-0.2834201152868989
x319,lumo_minus_homo,0.2834200799878123,-0.2834200799878123
x412,homo,0.2833574430840364,0.2833574430840364
x411,homo,0.2831546716008201,0.2831546716008201
x20,lumo_minus_homo,0.2830563423094711,-0.2830563423094711
x20,gap,0.2830562896341803,-0.2830562896341803
x19,lumo,0.2829631577869455,-0.2829631577869455
x390,lumo,0.2829631577869455,-0.2829631577869455
x10,homo,0.2824833390472055,-0.2824833390472055
x132,lumo,0.2815073318876704,-0.2815073318876704
x39,gap,0.28117112307141345,-0.28117112307141345
x39,lumo_minus_homo,0.2811708425957044,-0.2811708425957044
x123,lumo,0.28096470542574425,-0.28096470542574425
x19,gap,0.2806160078719338,-0.2806160078719338
x390,gap,0.2806160078719338,-0.2806160078719338
x390,lumo_minus_homo,0.280615878945961,-0.280615878945961
x19,lumo_minus_homo,0.280615878945961,-0.280615878945961
x56,homo,0.28022892600218074,0.28022892600218074
x369,lumo,0.27937217167954875,-0.27937217167954875
x415,homo,0.27926462152121423,0.27926462152121423
x319,lumo,0.27905683827901767,-0.27905683827901767
x414,homo,0.27882201194184697,0.27882201194184697
x35,lumo_minus_homo,0.2781587849116616,-0.2781587849116616
x35,gap,0.2781571959878861,-0.2781571959878861
x416,homo,0.277706620091656,0.277706620091656
x132,gap,0.2770534490564138,-0.2770534490564138
x132,lumo_minus_homo,0.27705325194797253,-0.27705325194797253
x96,lumo,0.27672247268540995,-0.27672247268540995
x364,lumo,0.2755142661533503,-0.2755142661533503
x81,gap,0.27393321262464876,-0.27393321262464876
x81,lumo_minus_homo,0.2739330416486182,-0.2739330416486182
x86,gap,0.2735115184381999,-0.2735115184381999
x86,lumo_minus_homo,0.2735108892154636,-0.2735108892154636
x42,homo,0.2719030490155746,0.2719030490155746
x38,gap,0.271551322863192,-0.271551322863192
x38,lumo_minus_homo,0.2715512649014569,-0.2715512649014569
x63,homo,0.2697835023905051,0.2697835023905051
x42,gap,0.2683833060191282,-0.2683833060191282
x42,lumo_minus_homo,0.2683829811094361,-0.2683829811094361
x143,lumo,0.268357274726552,-0.268357274726552
x96,gap,0.2675615054481276,-0.2675615054481276
x96,lumo_minus_homo,0.26756110279398443,-0.26756110279398443
x102,gap,0.26723360567818666,-0.26723360567818666
x102,lumo_minus_homo,0.26723200851187157,-0.26723200851187157
x18,lumo_minus_homo,0.2672193325699585,-0.2672193325699585
x18,gap,0.2672179761983378,-0.2672179761983378
x413,homo,0.2672111725986437,0.2672111725986437
x357,gap,0.26664823369386076,-0.26664823369386076
x357,lumo_minus_homo,0.26664656618602545,-0.26664656618602545
x425,homo,0.2664126418285321,0.2664126418285321
x8,gap,0.26607597857591986,-0.26607597857591986
x8,lumo_minus_homo,0.26607551050327305,-0.26607551050327305
x348,lumo,0.2652819139457003,0.2652819139457003
x59,lumo,0.26483622487117053,-0.26483622487117053
x7,gap,0.26463485786937585,-0.26463485786937585
x7,lumo_minus_homo,0.2646345757385626,-0.2646345757385626
x234,lumo,0.26454422692557694,-0.26454422692557694
x81,lumo,0.26335596514393833,-0.26335596514393833
x424,homo,0.26303726916785053,0.26303726916785053
x246,lumo,0.262642240261974,-0.262642240261974
x79,lumo,0.26242549117318714,-0.26242549117318714
x8,homo,0.2617232717388064,0.2617232717388064
x157,lumo,0.2617132971296261,-0.2617132971296261
x426,homo,0.2599812658493454,0.2599812658493454
x58,lumo_minus_homo,0.25848890039260775,-0.25848890039260775
x58,gap,0.2584888038021017,-0.2584888038021017
x34,lumo_minus_homo,0.25793020510600057,0.25793020510600057
x34,gap,0.25792969681233757,0.25792969681233757
x348,gap,0.2570593043515387,0.2570593043515387
x348,lumo_minus_homo,0.2570582270213623,0.2570582270213623
x364,gap,0.25667454533684814,-0.25667454533684814
x364,lumo_minus_homo,0.2566739792873282,-0.2566739792873282
x214,lumo,0.2566341488212188,-0.2566341488212188
x26,lumo,0.25603813849417656,-0.25603813849417656
x419,lumo_minus_homo,0.2550182142381567,0.2550182142381567
x419,gap,0.25501748221660986,0.25501748221660986
x55,gap,0.2538481011749981,-0.2538481011749981
x55,lumo_minus_homo,0.25384734951314475,-0.25384734951314475
x38,homo,0.2535973665721417,0.2535973665721417
x43,homo,0.25350986460831887,0.25350986460831887
x402,lumo,0.25179124746228887,-0.25179124746228887
x378,lumo_minus_homo,0.24999063873166966,-0.24999063873166966
x378,gap,0.249990004640742,-0.249990004640742
x59,homo,0.2491408700061657,0.2491408700061657
x12,homo,0.24806353807663925,-0.24806353807663925
x396,homo,0.24806353807663925,-0.24806353807663925
x33,lumo,0.24788603902160014,-0.24788603902160014
x68,lumo_minus_homo,0.24737612441304357,-0.24737612441304357
x68,gap,0.24737564666577208,-0.24737564666577208
x349,homo,0.24693576099108405,0.24693576099108405
x270,lumo_minus_homo,0.24689950266221222,-0.24689950266221222
x270,gap,0.2468981346683397,-0.2468981346683397
x423,homo,0.24663791375827226,0.24663791375827226
x11,gap,0.24657095246274827,-0.24657095246274827
x11,lumo_minus_homo,0.2465697097226091,-0.2465697097226091
x58,homo,0.2462880310986375,0.2462880310986375
x74,lumo,0.24519946112776947,-0.24519946112776947
x68,homo,0.2447629868516665,0.2447629868516665
x263,gap,0.24331172928546835,-0.24331172928546835
x263,lumo_minus_homo,0.2433107750540543,-0.2433107750540543
x422,lumo,0.24223725451350706,-0.24223725451350706
x39,homo,0.23886405761659527,0.23886405761659527
x214,lumo_minus_homo,0.23561855036976184,-0.23561855036976184
x214,gap,0.23561821426208554,-0.23561821426208554
x35,homo,0.23531181130661635,0.23531181130661635
x63,lumo,0.23323933303587172,-0.23323933303587172
x270,lumo,0.23314221327591156,-0.23314221327591156
x246,gap,0.23278634686184616,-0.23278634686184616
x246,lumo_minus_homo,0.23278584709372074,-0.23278584709372074
x143,homo,0.2324073998307175,0.2324073998307175
x56,gap,0.22964165627869082,-0.22964165627869082
x56,lumo_minus_homo,0.22964090008324953,-0.22964090008324953
x44,lumo_minus_homo,0.2296249485631229,0.2296249485631229
x44,gap,0.22962430648254653,0.22962430648254653
x39,lumo,0.22929848282412965,-0.22929848282412965
x35,lumo,0.2272179799838905,-0.2272179799838905
x79,lumo_minus_homo,0.22651146772079325,-0.22651146772079325
x79,gap,0.22651145509621365,-0.22651145509621365
x357,homo,0.22642808008641552,0.22642808008641552
x164,lumo_minus_homo,0.22601965223523857,-0.22601965223523857
x164,gap,0.22601956398695125,-0.22601956398695125
x135,lumo_minus_homo,0.22430837414599566,0.22430837414599566
x135,gap,0.22430809413110295,0.22430809413110295
x157,homo,0.22408352593847058,0.22408352593847058
x74,lumo_minus_homo,0.2209974539411842,-0.2209974539411842
x74,gap,0.2209967103727703,-0.2209967103727703
x118,lumo_minus_homo,0.2196687162862457,0.2196687162862457
x118,gap,0.21966782327395928,0.21966782327395928
x419,lumo,0.21889690525212827,0.21889690525212827
x357,lumo,0.2174904923498161,-0.2174904923498161
x30,homo,0.21705468516599855,0.21705468516599855
x392,homo,0.21705468516599855,0.21705468516599855
x351,lumo,0.21703772257556944,-0.21703772257556944
x366,lumo,0.21466426642093278,-0.21466426642093278
x165,homo,0.21434414803925497,0.21434414803925497
x38,lumo,0.21278694934891784,-0.21278694934891784
x49,homo,0.21238977752457877,0.21238977752457877
x55,homo,0.21224140273338016,0.21224140273338016
x422,homo,0.21165508211907744,0.21165508211907744
x297,lumo,0.21140157987723088,-0.21140157987723088
x405,homo,0.2112381886055367,0.2112381886055367
x350,lumo_minus_homo,0.21061136808340694,-0.21061136808340694
x350,gap,0.21061013397977676,-0.21061013397977676
x11,lumo,0.2096802644320123,-0.2096802644320123
x116,lumo,0.20965698132983668,-0.20965698132983668
x55,lumo,0.2083062089319477,-0.2083062089319477
x377,gap,0.20740366381244776,-0.20740366381244776
x377,lumo_minus_homo,0.20740298550161465,-0.20740298550161465
x263,homo,0.20665609002181273,0.20665609002181273
x140,lumo_minus_homo,0.2066446564227187,-0.2066446564227187
x140,gap,0.20664460021848124,-0.20664460021848124
x165,lumo_minus_homo,0.20438975816839514,-0.20438975816839514
x165,gap,0.2043896462714342,-0.2043896462714342
x8,lumo,0.20348674034442432,-0.20348674034442432
x42,lumo,0.2022585339935905,-0.2022585339935905
x234,homo,0.20149016824733396,0.20149016824733396
x58,lumo,0.20070133004941654,-0.20070133004941654
x150,lumo,0.20062778620132524,0.20062778620132524
x140,lumo,0.19911969057400256,-0.19911969057400256
x297,lumo_minus_homo,0.19893804243436133,-0.19893804243436133
x297,gap,0.1989377739339119,-0.1989377739339119
x263,lumo,0.19843996892203736,-0.19843996892203736
x276,lumo_minus_homo,0.19832418309087624,-0.19832418309087624
x276,gap,0.19832302317643644,-0.19832302317643644
x33,gap,0.1980262387799548,-0.1980262387799548
x33,lumo_minus_homo,0.1980249239487904,-0.1980249239487904
x102,lumo,0.1963591369617901,-0.1963591369617901
x44,lumo,0.19542685422510556,0.19542685422510556
x50,lumo_minus_homo,0.1937012802308349,0.1937012802308349
x50,gap,0.19370094342217203,0.19370094342217203
x50,lumo,0.19366481812321334,0.19366481812321334
x7,lumo,0.19271282469941517,-0.19271282469941517
x118,lumo,0.18884238161865868,0.18884238161865868
x68,lumo,0.1886437126823173,-0.1886437126823173
x419,homo,0.18776909080315654,-0.18776909080315654
x129,gap,0.18754922607452149,0.18754922607452149
x129,lumo_minus_homo,0.18754877769726666,0.18754877769726666
x11,homo,0.18674134314185406,0.18674134314185406
x172,lumo_minus_homo,0.18436699349319605,-0.18436699349319605
x172,gap,0.1843663567929146,-0.1843663567929146
x181,homo,0.18352830054110264,0.18352830054110264
x10,gap,0.18323305644093282,0.18323305644093282
x10,lumo_minus_homo,0.18323243032324327,0.18323243032324327
x72,gap,0.18279436621035364,-0.18279436621035364
x72,lumo_minus_homo,0.18279364157133413,-0.18279364157133413
x172,homo,0.18201824378205717,0.18201824378205717
x276,lumo,0.1808558423753321,-0.1808558423753321
x48,homo,0.18030235275333495,0.18030235275333495
x359,homo,0.18025146089081562,0.18025146089081562
x350,lumo,0.18022520484558827,-0.18022520484558827
x129,homo,0.1801055409564134,-0.1801055409564134
x60,homo,0.1796301906099195,0.1796301906099195
x89,lumo,0.1791800335030407,-0.1791800335030407
x127,gap,0.17896951175070427,-0.17896951175070427
x127,lumo_minus_homo,0.17896901946323332,-0.17896901946323332
x174,homo,0.17822857854417395,-0.17822857854417395
x353,gap,0.17757887070878126,-0.17757887070878126
x353,lumo_minus_homo,0.17757837776533855,-0.17757837776533855
x36,gap,0.17692347390570592,-0.17692347390570592
x36,lumo_minus_homo,0.17692248627479965,-0.17692248627479965
x18,lumo,0.17663405995821796,-0.17663405995821796
x362,gap,0.17662414688887124,-0.17662414688887124
x362,lumo_minus_homo,0.17662324957009048,-0.17662324957009048
x113,homo,0.17564865808698402,-0.17564865808698402
x366,gap,0.17408638424522246,-0.17408638424522246
x366,lumo_minus_homo,0.17408621123293042,-0.17408621123293042
x44,homo,0.17349518621291454,-0.17349518621291454
x36,lumo,0.17291655587170565,-0.17291655587170565
x89,lumo_minus_homo,0.17269630167140998,-0.17269630167140998
x89,gap,0.1726960690682838,-0.1726960690682838
x377,lumo,0.17230890619149095,-0.17230890619149095
x405,gap,0.17208378435395535,-0.17208378435395535
x405,lumo_minus_homo,0.1720828331799604,-0.1720828331799604
x32,lumo,0.1711494460571528,0.1711494460571528
x226,gap,0.17031013719690832,-0.17031013719690832
x351,gap,0.17030925921896634,-0.17030925921896634
x351,lumo_minus_homo,0.1703086738960046,-0.1703086738960046
x226,lumo_minus_homo,0.17030847456506312,-0.17030847456506312
x131,homo,0.16950858571075808,0.16950858571075808
x27,lumo,0.16867723874276508,0.16867723874276508
x296,homo,0.16859029095185818,0.16859029095185818
x377,homo,0.16782010772466283,0.16782010772466283
x92,homo,0.16542033138639825,0.16542033138639825
x131,lumo_minus_homo,0.16514390285433572,-0.16514390285433572
x131,gap,0.1651429439449711,-0.1651429439449711
x61,lumo,0.16495549604051432,-0.16495549604051432
x210,lumo,0.16495549604051432,-0.16495549604051432
x181,gap,0.16490009422857743,-0.16490009422857743
x181,lumo_minus_homo,0.16489959699542556,-0.16489959699542556
x78,homo,0.16476916212277876,0.16476916212277876
x61,lumo_minus_homo,0.16344809432543514,-0.16344809432543514
x210,lumo_minus_homo,0.16344809432543514,-0.16344809432543514
x210,gap,0.16344795877764248,-0.16344795877764248
x61,gap,0.16344795877764248,-0.16344795877764248
x24,gap,0.16195035365578062,0.16195035365578062
x24,lumo_minus_homo,0.16194907809630554,0.16194907809630554
x118,homo,0.16098020597935492,-0.16098020597935492
x378,lumo,0.1603867594307311,-0.1603867594307311
x16,homo,0.15869192880911745,-0.15869192880911745
x294,homo,0.15781905946631117,0.15781905946631117
x106,homo,0.15704153479587435,0.15704153479587435
x40,homo,0.15662424346458378,0.15662424346458378
x350,homo,0.15653859938695994,0.15653859938695994
x404,homo,0.15650151800022138,-0.15650151800022138
x60,gap,0.15632155833079941,-0.15632155833079941
x60,lumo_minus_homo,0.15632104324693033,-0.15632104324693033
x104,gap,0.15595731739158977,-0.15595731739158977
x104,lumo_minus_homo,0.1559567012395017,-0.1559567012395017
x90,homo,0.15562088374017707,0.15562088374017707
x56,lumo,0.15506059856438517,-0.15506059856438517
x177,homo,0.15446134073335407,0.15446134073335407
x27,gap,0.15415866827472344,0.15415866827472344
x27,lumo_minus_homo,0.15415760269908096,0.15415760269908096
x94,homo,0.15415675923628994,0.15415675923628994
x218,homo,0.15299146314132814,0.15299146314132814
x72,lumo,0.15249703474089293,-0.15249703474089293
x359,lumo_minus_homo,0.15235915942164557,-0.15235915942164557
x359,gap,0.15235898920962207,-0.15235898920962207
x24,lumo,0.1519692950222273,0.1519692950222273
x226,homo,0.15190460159644867,0.15190460159644867
x165,lumo,0.15127992168444496,-0.15127992168444496
x53,lumo,0.1500959481380326,-0.1500959481380326
x127,lumo,0.14866126164265572,-0.14866126164265572
x379,homo,0.1477158934303299,0.1477158934303299
x376,homo,0.1477158934303299,0.1477158934303299
x353,lumo,0.14686853052249516,-0.14686853052249516
x72,homo,0.1462334329777969,0.1462334329777969
x150,gap,0.14615408483186706,0.14615408483186706
x150,lumo_minus_homo,0.14615365315611661,0.14615365315611661
x353,homo,0.14543796863512345,0.14543796863512345
x129,lumo,0.14508732884757458,0.14508732884757458
x314,lumo,0.1448840219130534,0.1448840219130534
x127,homo,0.14487860341524547,0.14487860341524547
x186,lumo_minus_homo,0.14419999416544768,0.14419999416544768
x186,gap,0.1441994779150682,0.1441994779150682
x421,lumo_minus_homo,0.14307311593981983,-0.14307311593981983
x421,gap,0.14307183795738276,-0.14307183795738276
x379,lumo_minus_homo,0.14119645737404532,-0.14119645737404532
x376,lumo_minus_homo,0.14119645737404532,-0.14119645737404532
x379,gap,0.1411963509983796,-0.1411963509983796
x376,gap,0.1411963509983796,-0.1411963509983796
x172,lumo,0.14074610629142023,-0.14074610629142023
x186,lumo,0.13932057376907653,0.13932057376907653
x22,gap,0.13851536735873662,-0.13851536735873662
x22,lumo_minus_homo,0.138514911763435,-0.138514911763435
x90,lumo,0.13848972286207825,0.13848972286207825
x65,lumo,0.13820036167224675,-0.13820036167224675
x32,gap,0.1377029664633433,0.1377029664633433
x32,lumo_minus_homo,0.1377024315533657,0.1377024315533657
x93,lumo,0.13736534242214068,-0.13736534242214068
x48,gap,0.13699947240597649,-0.13699947240597649
x48,lumo_minus_homo,0.13699945608746658,-0.13699945608746658
x226,lumo,0.13615628045777636,-0.13615628045777636
x394,lumo_minus_homo,0.13597747037544106,-0.13597747037544106
x25,lumo_minus_homo,0.13597747037544106,-0.13597747037544106
x25,gap,0.13597636838059657,-0.13597636838059657
x394,gap,0.13597636838059657,-0.13597636838059657
x104,lumo,0.13480712440543322,-0.13480712440543322
x53,gap,0.13322328694051458,-0.13322328694051458
x53,lumo_minus_homo,0.13322320225837214,-0.13322320225837214
x208,homo,0.1329964888952611,0.1329964888952611
x421,homo,0.1326820495913316,0.1326820495913316
x296,lumo_minus_homo,0.13202627393412447,-0.13202627393412447
x296,gap,0.1320255330851141,-0.1320255330851141
x51,lumo,0.13140608540420765,-0.13140608540420765
x373,lumo,0.13044694062911769,-0.13044694062911769
x28,lumo,0.13017254715360013,-0.13017254715360013
x57,lumo_minus_homo,0.13014986808438092,-0.13014986808438092
x57,gap,0.13014875159474062,-0.13014875159474062
x65,lumo_minus_homo,0.1300139116198404,-0.1300139116198404
x65,gap,0.13001384950413858,-0.13001384950413858
x16,lumo,0.129964121517571,-0.129964121517571
x370,lumo,0.12969373849956736,-0.12969373849956736
x87,gap,0.12884164898567887,-0.12884164898567887
x87,lumo_minus_homo,0.12884145265149458,-0.12884145265149458
x67,lumo,0.12841982862611354,-0.12841982862611354
x43,gap,0.12810019564884867,-0.12810019564884867
x43,lumo_minus_homo,0.12810009149202123,-0.12810009149202123
x81,homo,0.12710319880478804,0.12710319880478804
x270,homo,0.12572368627467734,0.12572368627467734
x190,lumo,0.1250606460988525,-0.1250606460988525
x22,lumo,0.12439061186951049,-0.12439061186951049
x70,lumo,0.12429125889825322,-0.12429125889825322
x37,lumo,0.12396420589637182,-0.12396420589637182
x142,homo,0.12388488040187563,0.12388488040187563
x131,lumo,0.12362368933730461,-0.12362368933730461
x66,homo,0.12349465149469012,0.12349465149469012
x57,homo,0.12216850493770211,0.12216850493770211
x122,gap,0.12191498160454514,-0.12191498160454514
x122,lumo_minus_homo,0.12191474996740805,-0.12191474996740805
x171,lumo_minus_homo,0.12170538080348828,-0.12170538080348828
x171,gap,0.12170504589782484,-0.12170504589782484
x17,homo,0.12157629086320677,0.12157629086320677
x389,homo,0.12157629086320677,0.12157629086320677
x21,homo,0.12148103988008718,0.12148103988008718
x199,homo,0.12141107402079898,0.12141107402079898
x337,lumo,0.12092786972183635,0.12092786972183635
x190,gap,0.12080593900185167,-0.12080593900185167
x190,lumo_minus_homo,0.12080538101723158,-0.12080538101723158
x75,homo,0.12035756012119589,0.12035756012119589
x67,gap,0.11977509146743846,-0.11977509146743846
x67,lumo_minus_homo,0.1197743034793877,-0.1197743034793877
x394,lumo,0.11958648800624894,-0.11958648800624894
x25,lumo,0.11958648800624894,-0.11958648800624894
x123,homo,0.11899201660858406,0.11899201660858406
x34,homo,0.11854806573706403,0.11854806573706403
x374,gap,0.11837454292885355,0.11837454292885355
x374,lumo_minus_homo,0.11837436093144624,0.11837436093144624
x94,gap,0.11820500988496274,-0.11820500988496274
x94,lumo_minus_homo,0.11820469164878618,-0.11820469164878618
x181,lumo,0.1180413464813733,-0.1180413464813733
x276,homo,0.11795022127281542,0.11795022127281542
x243,lumo,0.117894002961516,-0.117894002961516
x122,lumo,0.11724387542594371,-0.11724387542594371
x374,lumo,0.11694112212013291,0.11694112212013291
x133,lumo_minus_homo,0.11674459862721936,-0.11674459862721936
x133,gap,0.1167439161031536,-0.1167439161031536
x405,lumo,0.11572383563431612,-0.11572383563431612
x69,lumo_minus_homo,0.11566537319743526,-0.11566537319743526
x69,gap,0.11566509784016361,-0.11566509784016361
x218,gap,0.11561959454380989,-0.11561959454380989
x218,lumo_minus_homo,0.11561922283949547,-0.11561922283949547
x208,gap,0.11541461055095668,-0.11541461055095668
x208,lumo_minus_homo,0.11541362898697219,-0.11541362898697219
x319,homo,0.11411415465215764,0.11411415465215764
x244,lumo,0.11369773285816286,-0.11369773285816286
x3,homo,0.11361077226827657,0.11361077226827657
x51,lumo_minus_homo,0.11285604164777914,-0.11285604164777914
x51,gap,0.11285537512018762,-0.11285537512018762
x111,lumo_minus_homo,0.11268062226166704,-0.11268062226166704
x111,gap,0.11268052065881723,-0.11268052065881723
x85,homo,0.11254612547478221,0.11254612547478221
x421,lumo,0.11246426531963119,-0.11246426531963119
x104,homo,0.11234484915367786,0.11234484915367786
x82,lumo,0.11118977538365366,-0.11118977538365366
x31,homo,0.11106149662598706,-0.11106149662598706
x199,gap,0.11061637453415046,-0.11061637453415046
x199,lumo_minus_homo,0.11061636568652947,-0.11061636568652947
x99,homo,0.11046534662938964,-0.11046534662938964
x93,lumo_minus_homo,0.11006376389093586,-0.11006376389093586
x93,gap,0.1100630134663696,-0.1100630134663696
x60,lumo,0.10976289330078773,-0.10976289330078773
x243,lumo_minus_homo,0.10966079894499584,-0.10966079894499584
x243,gap,0.10965953293294488,-0.10965953293294488
x334,homo,0.10965412369634343,0.10965412369634343
x314,homo,0.1096259583425684,0.1096259583425684
x294,gap,0.10961752393969239,-0.10961752393969239
x294,lumo_minus_homo,0.10961660494454144,-0.10961660494454144
x69,homo,0.10870423089111964,0.10870423089111964
x237,homo,0.10863955406723155,0.10863955406723155
x406,lumo,0.10790891965939871,-0.10790891965939871
x171,homo,0.10779540268024886,0.10779540268024886
x87,lumo,0.10750711520233436,-0.10750711520233436
x154,homo,0.1066858480461652,0.1066858480461652
x70,lumo_minus_homo,0.10561040708996584,-0.10561040708996584
x70,gap,0.10560893141624632,-0.10560893141624632
x359,lumo,0.10502337234561061,-0.10502337234561061
x2,homo,0.10493296257911877,0.10493296257911877
x133,lumo,0.10470048685558585,-0.10470048685558585
x376,lumo,0.10464231159481363,-0.10464231159481363
x379,lumo,0.10464231159481363,-0.10464231159481363
x87,homo,0.10301894567659872,0.10301894567659872
x57,lumo,0.10174917735450253,-0.10174917735450253
x10,lumo,0.10144361633065212,0.10144361633065212
x244,lumo_minus_homo,0.10140184659896277,-0.10140184659896277
x244,gap,0.10140180796101265,-0.10140180796101265
x117,homo,0.10088866228048435,0.10088866228048435
x373,gap,0.09995005221331821,-0.09995005221331821
x373,lumo_minus_homo,0.09994725503439106,-0.09994725503439106
x103,lumo,0.09965355894365699,-0.09965355894365699
x337,homo,0.09913427989731649,0.09913427989731649
x77,lumo,0.09891450699868397,-0.09891450699868397
x370,gap,0.09873793306372046,-0.09873793306372046
x370,lumo_minus_homo,0.09873514104483883,-0.09873514104483883
x387,homo,0.09864443901969695,0.09864443901969695
x356,homo,0.09860004035250569,0.09860004035250569
x111,homo,0.0980323765651999,0.0980323765651999
x103,gap,0.09783816525158243,-0.09783816525158243
x103,lumo_minus_homo,0.09783802818963676,-0.09783802818963676
x171,lumo,0.09758652904404147,-0.09758652904404147
x66,gap,0.09566590229440856,-0.09566590229440856
x66,lumo_minus_homo,0.09566578883060631,-0.09566578883060631
x54,lumo,0.09549172898491906,-0.09549172898491906
x19,homo,0.09536365044161067,0.09536365044161067
x390,homo,0.09536365044161067,0.09536365044161067
x347,lumo,0.09474071171846334,0.09474071171846334
x140,homo,0.09468197476149653,0.09468197476149653
x312,lumo_minus_homo,0.0938378780148065,-0.0938378780148065
x312,gap,0.09383771237252275,-0.09383771237252275
x388,lumo,0.0934888203457563,0.0934888203457563
x271,lumo,0.09348590489087256,0.09348590489087256
x160,homo,0.09334232255249936,-0.09334232255249936
x355,lumo_minus_homo,0.09329582538931054,-0.09329582538931054
x355,gap,0.09329413035492387,-0.09329413035492387
x277,lumo_minus_homo,0.0928947282160253,-0.0928947282160253
x277,gap,0.09289326568234703,-0.09289326568234703
x394,homo,0.09253677093441007,0.09253677093441007
x25,homo,0.09253677093441007,0.09253677093441007
x169,homo,0.0923808070231379,-0.0923808070231379
x242,lumo_minus_homo,0.09148173907005305,-0.09148173907005305
x242,gap,0.09148132979983617,-0.09148132979983617
x150,homo,0.09107264189682551,0.09107264189682551
x111,lumo,0.09101984790014693,-0.09101984790014693
x314,gap,0.09095037845987407,0.09095037845987407
x314,lumo_minus_homo,0.09094995314239766,0.09094995314239766
x205,lumo,0.09088210152381279,-0.09088210152381279
x46,lumo,0.09082996232396857,0.09082996232396857
x54,lumo_minus_homo,0.09042756349821512,-0.09042756349821512
x54,gap,0.0904263188704307,-0.0904263188704307
x69,lumo,0.09037548856399472,-0.09037548856399472
x283,lumo_minus_homo,0.08940768569190452,-0.08940768569190452
x283,gap,0.08940761013247693,-0.08940761013247693
x388,gap,0.08897200179689656,0.08897200179689656
x388,lumo_minus_homo,0.08897115883247575,0.08897115883247575
x271,gap,0.08896908296326501,0.08896908296326501
x271,lumo_minus_homo,0.08896823982562711,0.08896823982562711
x132,homo,0.08850601697366539,0.08850601697366539
x153,lumo,0.08840311860935231,-0.08840311860935231
x272,lumo_minus_homo,0.08830160859467821,-0.08830160859467821
x272,gap,0.08830093794257848,-0.08830093794257848
x198,homo,0.08811361829852375,0.08811361829852375
x305,gap,0.0879500481568218,-0.0879500481568218
x305,lumo_minus_homo,0.08794738370413145,-0.08794738370413145
x115,lumo,0.087886213110038,0.087886213110038
x37,homo,0.087856706648574,-0.087856706648574
x48,lumo,0.08754094166663559,-0.08754094166663559
x22,homo,0.08746446606246423,0.08746446606246423
x409,lumo,0.08733484511341952,-0.08733484511341952
x296,lumo,0.08631813816134563,-0.08631813816134563
x355,lumo,0.08631279237273305,-0.08631279237273305
x95,lumo,0.08630032906430478,-0.08630032906430478
x211,lumo,0.0862124680284856,-0.0862124680284856
x312,lumo,0.08618225899692952,-0.08618225899692952
x28,lumo_minus_homo,0.08591725591100245,-0.08591725591100245
x28,gap,0.08591590799854817,-0.08591590799854817
x28,homo,0.08586703558587522,-0.08586703558587522
x153,lumo_minus_homo,0.08581668889801859,-0.08581668889801859
x153,gap,0.08581570753183379,-0.08581570753183379
x362,lumo,0.08574741468159344,-0.08574741468159344
x400,lumo,0.08568249795373258,-0.08568249795373258
x77,lumo_minus_homo,0.08557023681895765,-0.08557023681895765
x77,gap,0.08557001416120236,-0.08557001416120236
x272,lumo,0.0852550550351864,-0.0852550550351864
x40,lumo,0.08517286330134305,0.08517286330134305
x24,homo,0.08499260278037557,-0.08499260278037557
x345,lumo,0.08477822121509297,0.08477822121509297
x202,lumo,0.08476448482016505,0.08476448482016505
x106,lumo_minus_homo,0.08449285601177363,-0.08449285601177363
x106,gap,0.08449124347833223,-0.08449124347833223
x277,lumo,0.08448716082436888,-0.08448716082436888
x242,homo,0.08439959603175923,0.08439959603175923
x395,homo,0.08426470057181801,0.08426470057181801
x354,homo,0.08426470057181801,0.08426470057181801
x52,lumo,0.08394743312901687,0.08394743312901687
x152,lumo_minus_homo,0.08344915312806574,-0.08344915312806574
x152,gap,0.0834483990455412,-0.0834483990455412
x342,homo,0.08293477458554027,0.08293477458554027
x356,lumo_minus_homo,0.08244769375055096,-0.08244769375055096
x356,gap,0.08244747836577179,-0.08244747836577179
x387,lumo_minus_homo,0.0824258353510154,-0.0824258353510154
x387,gap,0.08242562012496218,-0.08242562012496218
x82,gap,0.08207698105801911,-0.08207698105801911
x82,lumo_minus_homo,0.08207526337587123,-0.08207526337587123
x280,lumo,0.08207257943818831,-0.08207257943818831
x322,homo,0.08188521144799024,0.08188521144799024
x209,gap,0.08175770270358526,-0.08175770270358526
x209,lumo_minus_homo,0.08175751162931058,-0.08175751162931058
x344,lumo,0.0815315020769492,0.0815315020769492
x334,gap,0.08124579093320483,-0.08124579093320483
x334,lumo_minus_homo,0.0812454569568545,-0.0812454569568545
x47,homo,0.08115899115521784,0.08115899115521784
x152,lumo,0.08107348739573025,-0.08107348739573025
x208,lumo,0.08089791017243575,-0.08089791017243575
x202,lumo_minus_homo,0.08086850513683583,0.08086850513683583
x202,gap,0.08086812268983491,0.08086812268983491
x341,gap,0.08049549748693016,-0.08049549748693016
x341,lumo_minus_homo,0.08049531715560614,-0.08049531715560614
x199,lumo,0.07982719829175886,-0.07982719829175886
x409,lumo_minus_homo,0.07980445874422473,-0.07980445874422473
x409,gap,0.07980303238850377,-0.07980303238850377
x37,lumo_minus_homo,0.07979457637741297,-0.07979457637741297
x37,gap,0.07979310198706777,-0.07979310198706777
x323,gap,0.07973953294144143,-0.07973953294144143
x323,lumo_minus_homo,0.07973885557308458,-0.07973885557308458
x83,lumo,0.07955575280927096,-0.07955575280927096
x164,homo,0.07895266854998716,-0.07895266854998716
x83,gap,0.07886555126924265,-0.07886555126924265
x83,lumo_minus_homo,0.07886445377321402,-0.07886445377321402
x147,gap,0.07854879577004378,-0.07854879577004378
x147,lumo_minus_homo,0.07854792981515567,-0.07854792981515567
x135,homo,0.07849606397744874,0.07849606397744874
x256,lumo_minus_homo,0.07844814512364723,-0.07844814512364723
x256,gap,0.07844777122735634,-0.07844777122735634
x283,homo,0.07797040010629726,0.07797040010629726
x301,homo,0.07784837170475024,0.07784837170475024
x345,lumo_minus_homo,0.07765832539070767,0.07765832539070767
x345,gap,0.0776575229164394,0.0776575229164394
x322,lumo_minus_homo,0.07753911815035858,-0.07753911815035858
x322,gap,0.07753867800601993,-0.07753867800601993
x64,gap,0.07683974954094475,0.07683974954094475
x64,lumo_minus_homo,0.07683953274547642,0.07683953274547642
x115,gap,0.07624736500107307,0.07624736500107307
x115,lumo_minus_homo,0.07624725766921885,0.07624725766921885
x148,lumo_minus_homo,0.0761656804390993,-0.0761656804390993
x148,gap,0.07616499148761426,-0.07616499148761426
x94,lumo,0.07606488004366141,-0.07606488004366141
x178,lumo_minus_homo,0.07587707943147678,-0.07587707943147678
x178,gap,0.07587669193887041,-0.07587669193887041
x209,lumo,0.07586792357861057,-0.07586792357861057
x305,lumo,0.07582831226162816,-0.07582831226162816
x420,lumo_minus_homo,0.07564328583426798,0.07564328583426798
x420,gap,0.07564319537124564,0.07564319537124564
x23,homo,0.07524223576729581,-0.07524223576729581
x117,gap,0.07505894076477355,-0.07505894076477355
x117,lumo_minus_homo,0.07505791511906522,-0.07505791511906522
x147,lumo,0.0748734329363426,-0.0748734329363426
x360,lumo_minus_homo,0.07467226330230013,-0.07467226330230013
x360,gap,0.07467179297088594,-0.07467179297088594
x36,homo,0.0746235797739221,0.0746235797739221
x339,lumo,0.0744671790520659,-0.0744671790520659
x233,lumo_minus_homo,0.07445429970239788,-0.07445429970239788
x233,gap,0.07445423680867876,-0.07445423680867876
x330,gap,0.07439022595572126,-0.07439022595572126
x330,lumo_minus_homo,0.07438848787507864,-0.07438848787507864
x142,lumo_minus_homo,0.07428288342456968,-0.07428288342456968
x142,gap,0.07428097653952595,-0.07428097653952595
x280,gap,0.0741154029018809,-0.0741154029018809
x280,lumo_minus_homo,0.07411484259044493,-0.07411484259044493
x133,homo,0.07408699698425446,0.07408699698425446
x233,lumo,0.07383236844371713,-0.07383236844371713
x218,lumo,0.07356624610750917,-0.07356624610750917
x337,lumo_minus_homo,0.07337089874360896,0.07337089874360896
x337,gap,0.07336993502633654,0.07336993502633654
x341,lumo,0.07329630805677155,-0.07329630805677155
x301,lumo_minus_homo,0.07320765149115388,-0.07320765149115388
x301,gap,0.07320723843046179,-0.07320723843046179
x420,lumo,0.07317832323683271,0.07317832323683271
x340,lumo_minus_homo,0.07313206831263959,-0.07313206831263959
x340,gap,0.07313196893315035,-0.07313196893315035
x344,lumo_minus_homo,0.07279733848108828,0.07279733848108828
x344,gap,0.07279659460445352,0.07279659460445352
x235,lumo_minus_homo,0.07277903283277011,-0.07277903283277011
x235,gap,0.07277809886047565,-0.07277809886047565
x400,gap,0.07270614351342079,-0.07270614351342079
x400,lumo_minus_homo,0.07270551014005981,-0.07270551014005981
x96,homo,0.07262927555281586,0.07262927555281586
x346,lumo_minus_homo,0.07246434232559154,-0.07246434232559154
x346,gap,0.07246255094662894,-0.07246255094662894
x46,gap,0.07223147477643257,0.07223147477643257
x46,lumo_minus_homo,0.07223146772690543,0.07223146772690543
x406,homo,0.07219805637023477,-0.07219805637023477
x283,lumo,0.0721505077242459,-0.0721505077242459
x242,lumo,0.07207600979307313,-0.07207600979307313
x109,lumo,0.0713201063896662,-0.0713201063896662
x348,homo,0.07130606203063292,-0.07130606203063292
x205,lumo_minus_homo,0.07122205615304067,-0.07122205615304067
x205,gap,0.071221293133009,-0.071221293133009
x406,gap,0.07088468308876486,-0.07088468308876486
x406,lumo_minus_homo,0.07088423527199371,-0.07088423527199371
x50,homo,0.07020548460104235,-0.07020548460104235
x90,gap,0.07002015270161781,0.07002015270161781
x90,lumo_minus_homo,0.07001916659359228,0.07001916659359228
x52,gap,0.06969069894820099,0.06969069894820099
x52,lumo_minus_homo,0.06968777453766367,0.06968777453766367
x141,lumo_minus_homo,0.06932204739011844,-0.06932204739011844
x141,gap,0.06932127941765592,-0.06932127941765592
x211,gap,0.06901519873680226,-0.06901519873680226
x211,lumo_minus_homo,0.06901370188050063,-0.06901370188050063
x404,lumo,0.06865365318284346,-0.06865365318284346
x256,homo,0.06842359631717919,0.06842359631717919
x328,homo,0.06840868435837802,0.06840868435837802
x23,lumo_minus_homo,0.06833008170963252,0.06833008170963252
x23,gap,0.0683299292413761,0.0683299292413761
x184,lumo,0.06811802246797097,-0.06811802246797097
x253,homo,0.0681160956331794,0.0681160956331794
x323,lumo,0.06807187405646069,-0.06807187405646069
x188,gap,0.06769562825805289,-0.06769562825805289
x188,lumo_minus_homo,0.06769560308742867,-0.06769560308742867
x231,lumo_minus_homo,0.06723913342563688,-0.06723913342563688
x231,gap,0.06723899662922381,-0.06723899662922381
x303,lumo_minus_homo,0.06722539472901651,-0.06722539472901651
x303,gap,0.06722499138320254,-0.06722499138320254
x241,gap,0.06718530687137764,-0.06718530687137764
x241,lumo_minus_homo,0.06718499594902139,-0.06718499594902139
x98,gap,0.06685737401483315,-0.06685737401483315
x98,lumo_minus_homo,0.06685613071845697,-0.06685613071845697
x330,homo,0.06652320343024686,0.06652320343024686
x178,lumo,0.06651233433158453,-0.06651233433158453
x187,gap,0.06636521878975686,-0.06636521878975686
x187,lumo_minus_homo,0.06636515234297438,-0.06636515234297438
x85,lumo,0.0661623662921961,0.0661623662921961
x92,gap,0.06615235578533919,-0.06615235578533919
x92,lumo_minus_homo,0.06615150305284297,-0.06615150305284297
x148,lumo,0.06608381071774738,-0.06608381071774738
x339,gap,0.06590629057742046,-0.06590629057742046
x339,lumo_minus_homo,0.0659028021169422,-0.0659028021169422
x303,homo,0.06575917536956184,0.06575917536956184
x128,lumo,0.0657496363401689,-0.0657496363401689
x328,lumo_minus_homo,0.06555153430797817,-0.06555153430797817
x328,gap,0.06555094507677893,-0.06555094507677893
x141,lumo,0.0654168096997324,-0.0654168096997324
x162,lumo,0.06515215184723729,-0.06515215184723729
x186,homo,0.06508843932144744,-0.06508843932144744
x294,lumo,0.06491498811898289,-0.06491498811898289
x64,lumo,0.06479483580238427,0.06479483580238427
x298,homo,0.06471242544096835,-0.06471242544096835
x360,lumo,0.06457292456144224,-0.06457292456144224
x231,homo,0.06452250316033091,0.06452250316033091
x399,homo,0.06429076527832861,0.06429076527832861
x338,lumo_minus_homo,0.06427408945002025,-0.06427408945002025
x338,gap,0.06427202795002265,-0.06427202795002265
x305,homo,0.06386211711266779,0.06386211711266779
x245,homo,0.0635644110932754,0.0635644110932754
x20,homo,0.06355088094346234,-0.06355088094346234
x256,lumo,0.06330227004142853,-0.06330227004142853
x258,gap,0.06329753306324429,-0.06329753306324429
x258,lumo_minus_homo,0.06329693553530003,-0.06329693553530003
x235,lumo,0.06327304243631629,-0.06327304243631629
x221,homo,0.0631769100133588,0.0631769100133588
x247,gap,0.06312981348609947,-0.06312981348609947
x247,lumo_minus_homo,0.0631290592920556,-0.0631290592920556
x292,lumo_minus_homo,0.06310272010180455,-0.06310272010180455
x292,gap,0.0631017963375275,-0.0631017963375275
x315,gap,0.063090343935477,-0.063090343935477
x315,lumo_minus_homo,0.06308895517122018,-0.06308895517122018
x255,homo,0.06290682453556096,-0.06290682453556096
x347,gap,0.0628025163724964,0.0628025163724964
x347,lumo_minus_homo,0.06280183228627333,0.06280183228627333
x255,lumo,0.06245464255994313,-0.06245464255994313
x98,lumo,0.06235928144828444,-0.06235928144828444
x188,lumo,0.062162407700193115,-0.062162407700193115
x66,lumo,0.06204082428348512,-0.06204082428348512
x351,homo,0.061860029846359424,-0.061860029846359424
x347,homo,0.06168193335530773,0.06168193335530773
x16,gap,0.061499318864930756,-0.061499318864930756
x16,lumo_minus_homo,0.061498473792617116,-0.061498473792617116
x282,lumo,0.061193946994797806,-0.061193946994797806
x237,lumo_minus_homo,0.06112434189708501,-0.06112434189708501
x237,gap,0.06112332695437905,-0.06112332695437905
x329,lumo_minus_homo,0.060946083541071165,-0.060946083541071165
x329,gap,0.060945719957880166,-0.060945719957880166
x247,lumo,0.060846307359034665,-0.060846307359034665
x195,gap,0.060666284081787064,-0.060666284081787064
x195,lumo_minus_homo,0.06066599639496045,-0.06066599639496045
x340,lumo,0.06054002185123749,-0.06054002185123749
x317,lumo_minus_homo,0.06026391549305007,-0.06026391549305007
x317,gap,0.06026185725047617,-0.06026185725047617
x33,homo,0.060106165248797895,-0.060106165248797895
x71,gap,0.06003771815657078,-0.06003771815657078
x71,lumo_minus_homo,0.06003724156381186,-0.06003724156381186
x346,lumo,0.059882455752067895,-0.059882455752067895
x340,homo,0.059749841989485186,0.059749841989485186
x323,homo,0.05969623636150725,0.05969623636150725
x64,homo,0.05964512357278258,-0.05964512357278258
x221,lumo_minus_homo,0.059579117086562994,-0.059579117086562994
x221,gap,0.05957836083341996,-0.05957836083341996
x346,homo,0.05948131019810854,0.05948131019810854
x330,lumo,0.059405696826113734,-0.059405696826113734
x73,lumo,0.0593476470885878,-0.0593476470885878
x176,homo,0.05924460822916564,0.05924460822916564
x2,lumo_minus_homo,0.05920978277559354,-0.05920978277559354
x2,gap,0.05920968834526771,-0.05920968834526771
x95,lumo_minus_homo,0.05909568516168735,-0.05909568516168735
x95,gap,0.059094964584869306,-0.059094964584869306
x258,lumo,0.059071085979072166,-0.059071085979072166
x285,gap,0.059060576706124315,-0.059060576706124315
x285,lumo_minus_homo,0.05905946447254901,-0.05905946447254901
x168,lumo,0.05902801759269154,0.05902801759269154
x149,homo,0.05902565200489882,-0.05902565200489882
x292,lumo,0.0589579883902837,-0.0589579883902837
x252,homo,0.05892382894723312,-0.05892382894723312
x291,lumo,0.058680598803351885,-0.058680598803351885
x161,gap,0.05827182230425824,-0.05827182230425824
x161,lumo_minus_homo,0.05827052948650606,-0.05827052948650606
x241,lumo,0.057869048335803405,-0.057869048335803405
x128,lumo_minus_homo,0.05784108867626436,-0.05784108867626436
x128,gap,0.05784052658254737,-0.05784052658254737
x309,lumo_minus_homo,0.0578290141914681,0.0578290141914681
x309,gap,0.057828594065674005,0.057828594065674005
x215,gap,0.05780974452308023,-0.05780974452308023
x215,lumo_minus_homo,0.05780969401543264,-0.05780969401543264
x291,gap,0.05773279113329487,-0.05773279113329487
x291,lumo_minus_homo,0.057732233865158626,-0.057732233865158626
x274,lumo,0.05769540043978895,-0.05769540043978895
x288,lumo_minus_homo,0.057541705200273026,-0.057541705200273026
x288,gap,0.05754061806360772,-0.05754061806360772
x97,lumo,0.057450060391470825,-0.057450060391470825
x203,gap,0.05722335587130519,-0.05722335587130519
x203,lumo_minus_homo,0.05722227179356994,-0.05722227179356994
x322,lumo,0.057175340047803676,-0.057175340047803676
x315,lumo,0.056591171258917966,-0.056591171258917966
x122,homo,0.0564712419720947,0.0564712419720947
x236,lumo_minus_homo,0.05645038288106983,-0.05645038288106983
x236,gap,0.056449775011911806,-0.056449775011911806
x356,lumo,0.05643181356361297,-0.05643181356361297
x387,lumo,0.05639016277775838,-0.05639016277775838
x47,lumo,0.0563488839531338,0.0563488839531338
x156,gap,0.05613034970757658,-0.05613034970757658
x156,lumo_minus_homo,0.056130080329158547,-0.056130080329158547
x228,gap,0.056075880604754595,-0.056075880604754595
x228,lumo_minus_homo,0.05607499388566809,-0.05607499388566809
x250,lumo_minus_homo,0.055916632081469485,-0.055916632081469485
x250,gap,0.05591656786633624,-0.05591656786633624
x187,lumo,0.05585265674707332,-0.05585265674707332
x277,homo,0.05584347902643395,0.05584347902643395
x110,lumo,0.05576491978914156,0.05576491978914156
x109,lumo_minus_homo,0.055598037160390176,-0.055598037160390176
x109,gap,0.05559691550224572,-0.05559691550224572
x317,lumo,0.05551262366260709,-0.05551262366260709
x61,homo,0.05517516200245545,0.05517516200245545
x210,homo,0.05517516200245545,0.05517516200245545
x176,lumo_minus_homo,0.054971673295397296,-0.054971673295397296
x176,gap,0.05497095384062164,-0.05497095384062164
x160,lumo,0.05482284379966768,-0.05482284379966768
x113,lumo,0.05468333016374642,-0.05468333016374642
x31,gap,0.05465323499512534,0.05465323499512534
x31,lumo_minus_homo,0.05465321924345138,0.05465321924345138
x138,lumo_minus_homo,0.054603448478123616,-0.054603448478123616
x138,gap,0.05460259952488856,-0.05460259952488856
x250,homo,0.05449142744325329,0.05449142744325329
x198,gap,0.05443457400064012,-0.05443457400064012
x198,lumo_minus_homo,0.05443228889139275,-0.05443228889139275
x342,gap,0.05427690234655451,-0.05427690234655451
x342,lumo_minus_homo,0.054276732846119724,-0.054276732846119724
x148,homo,0.05421358136615998,0.05421358136615998
x312,homo,0.05419748848011597,0.05419748848011597
x274,lumo_minus_homo,0.05408285264138112,-0.05408285264138112
x274,gap,0.054081761274017086,-0.054081761274017086
x84,homo,0.054054888289862386,-0.054054888289862386
x213,gap,0.053898532087842364,-0.053898532087842364
x213,lumo_minus_homo,0.05389790810938233,-0.05389790810938233
x301,lumo,0.05377809214776772,-0.05377809214776772
x360,homo,0.05371921687841482,0.05371921687841482
x97,lumo_minus_homo,0.05352676242039177,-0.05352676242039177
x97,gap,0.05352640551079069,-0.05352640551079069
x225,lumo_minus_homo,0.053217855141434255,-0.053217855141434255
x225,gap,0.05321729851728186,-0.05321729851728186
x338,lumo,0.05308776163885674,-0.05308776163885674
x259,lumo_minus_homo,0.053078172564043416,-0.053078172564043416
x259,gap,0.053077231074857574,-0.053077231074857574
x338,homo,0.05282850751222404,0.05282850751222404
x228,lumo,0.052675980988456925,-0.052675980988456925
x184,lumo_minus_homo,0.05260270416805364,-0.05260270416805364
x184,gap,0.05260101312334363,-0.05260101312334363
x168,gap,0.052429588717393186,0.052429588717393186
x168,lumo_minus_homo,0.05242830937518793,0.05242830937518793
x329,lumo,0.05242336323143983,-0.05242336323143983
x355,homo,0.05222368746496981,0.05222368746496981
x178,homo,0.05221380263711064,0.05221380263711064
x231,lumo,0.05203425325554044,-0.05203425325554044
x119,homo,0.051972463887296344,-0.051972463887296344
x110,lumo_minus_homo,0.051913113526207554,0.051913113526207554
x110,gap,0.0519126024404372,0.0519126024404372
x212,gap,0.05188351807729856,-0.05188351807729856
x212,lumo_minus_homo,0.05188309123793755,-0.05188309123793755
x187,homo,0.051804454558842625,0.051804454558842625
x267,homo,0.05159004871495229,0.05159004871495229
x303,lumo,0.05155071866978148,-0.05155071866978148
x252,lumo,0.05150031949067026,-0.05150031949067026
x138,lumo,0.05149066253672332,-0.05149066253672332
x235,homo,0.0514657852405745,0.0514657852405745
x285,lumo,0.05140147393224373,-0.05140147393224373
x203,lumo,0.05139878941070897,-0.05139878941070897
x161,lumo,0.051159726160410125,-0.051159726160410125
x195,homo,0.051064993068580755,0.051064993068580755
x334,lumo,0.05088244699837934,-0.05088244699837934
x293,gap,0.05082190147113777,-0.05082190147113777
x293,lumo_minus_homo,0.0508217059171753,-0.0508217059171753
x13,homo,0.05080722716041926,0.05080722716041926
x391,homo,0.05080722716041926,0.05080722716041926
x95,homo,0.05051102728011582,-0.05051102728011582
x215,lumo,0.05039402549556067,-0.05039402549556067
x288,lumo,0.05032429931411611,-0.05032429931411611
x167,gap,0.05013478411788223,-0.05013478411788223
x167,lumo_minus_homo,0.05013377742998371,-0.05013377742998371
x179,lumo_minus_homo,0.05008425796293502,-0.05008425796293502
x179,gap,0.05008204823932156,-0.05008204823932156
x167,lumo,0.05003078841532773,-0.05003078841532773
x248,lumo,0.05001107608554989,-0.05001107608554989
x173,homo,0.04989020562188189,0.04989020562188189
x407,lumo,0.04986487993700151,-0.04986487993700151
x43,lumo,0.04972361686726287,-0.04972361686726287
x195,lumo,0.04965280304919671,-0.04965280304919671
x257,lumo_minus_homo,0.04950816289733867,-0.04950816289733867
x257,gap,0.04950787653419539,-0.04950787653419539
x183,lumo_minus_homo,0.049445903243001944,-0.049445903243001944
x183,gap,0.04944392012493704,-0.04944392012493704
x23,lumo,0.049218624395505596,0.049218624395505596
x193,lumo,0.04904022895394444,-0.04904022895394444
x156,lumo,0.04898455340775797,-0.04898455340775797
x241,homo,0.04893878154774344,0.04893878154774344
x408,homo,0.048667606962685135,0.048667606962685135
x230,lumo_minus_homo,0.04865748138201263,-0.04865748138201263
x230,gap,0.04865519199121648,-0.04865519199121648
x328,lumo,0.04864514393701447,-0.04864514393701447
x279,lumo_minus_homo,0.04863103925609553,-0.04863103925609553
x279,gap,0.048630794106004634,-0.048630794106004634
x200,homo,0.048554824502414155,0.048554824502414155
x259,lumo,0.04841425737992353,-0.04841425737992353
x225,lumo,0.048376610803830364,-0.048376610803830364
x162,homo,0.04823960591046713,-0.04823960591046713
x341,homo,0.04816142661343858,0.04816142661343858
x309,lumo,0.048030377726906846,0.048030377726906846
x293,lumo,0.04785695649408414,-0.04785695649408414
x177,gap,0.04774165620936463,-0.04774165620936463
x177,lumo_minus_homo,0.04774147626938857,-0.04774147626938857
x219,homo,0.047720687785882406,0.047720687785882406
x194,lumo,0.04766730926290478,-0.04766730926290478
x236,lumo,0.047429546826213434,-0.047429546826213434
x189,lumo,0.04730856686927036,-0.04730856686927036
x223,gap,0.047259166721782285,-0.047259166721782285
x223,lumo_minus_homo,0.047258003790493296,-0.047258003790493296
x82,homo,0.047241371837951594,-0.047241371837951594
x117,lumo,0.04716408772348034,-0.04716408772348034
x189,lumo_minus_homo,0.04715771365073422,-0.04715771365073422
x189,gap,0.047155583691423024,-0.047155583691423024
x88,lumo,0.04714145014590648,0.04714145014590648
x227,lumo_minus_homo,0.04711588238080193,-0.04711588238080193
x227,gap,0.047115517674989074,-0.047115517674989074
x307,lumo_minus_homo,0.04701177829863727,-0.04701177829863727
x307,gap,0.04701143776307182,-0.04701143776307182
x137,lumo_minus_homo,0.0468856778500267,-0.0468856778500267
x137,gap,0.04688454472717293,-0.04688454472717293
x309,homo,0.046828155454177144,-0.046828155454177144
x279,lumo,0.04667873736755301,-0.04667873736755301
x374,homo,0.046632923294993,-0.046632923294993
x257,lumo,0.046264960486099495,-0.046264960486099495
x71,lumo,0.04620624010485275,0.04620624010485275
x370,homo,0.04608523741760587,-0.04608523741760587
x248,gap,0.04608032783739618,-0.04608032783739618
x248,lumo_minus_homo,0.04607880504669118,-0.04607880504669118
x320,lumo,0.04601370538138731,-0.04601370538138731
x222,lumo,0.04596037365923683,-0.04596037365923683
x213,homo,0.045753192716932345,0.045753192716932345
x307,lumo,0.04549169811986031,-0.04549169811986031
x73,lumo_minus_homo,0.04540089951256737,-0.04540089951256737
x73,gap,0.045400120315573174,-0.045400120315573174
x89,homo,0.04537033150372062,0.04537033150372062
x121,lumo,0.04534618415977318,-0.04534618415977318
x101,homo,0.045198632133315875,0.045198632133315875
x295,lumo,0.045164115130823385,-0.045164115130823385
x209,homo,0.04515754273342901,0.04515754273342901
x76,lumo,0.04504361763402903,-0.04504361763402903
x408,gap,0.0445868951168556,-0.0445868951168556
x408,lumo_minus_homo,0.04458488333466101,-0.04458488333466101
x329,homo,0.04458418497541901,0.04458418497541901
x327,lumo,0.04456847281357252,0.04456847281357252
x196,lumo_minus_homo,0.04450188278425282,-0.04450188278425282
x196,gap,0.04450092135535499,-0.04450092135535499
x230,lumo,0.044450874615295045,-0.044450874615295045
x373,homo,0.04443364043815904,-0.04443364043815904
x223,homo,0.04430842880184514,0.04430842880184514
x236,homo,0.04427348343675338,0.04427348343675338
x366,homo,0.04423603132618641,-0.04423603132618641
x219,gap,0.044131307288461645,-0.044131307288461645
x219,lumo_minus_homo,0.044131017160015724,-0.044131017160015724
x320,gap,0.04411399656890991,-0.04411399656890991
x320,lumo_minus_homo,0.04411377390171043,-0.04411377390171043
x194,lumo_minus_homo,0.04402395657880333,-0.04402395657880333
x194,gap,0.04402253603134634,-0.04402253603134634
x213,lumo,0.043967645928355566,-0.043967645928355566
x221,lumo,0.0438343438725021,-0.0438343438725021
x212,lumo,0.04367603925913216,-0.04367603925913216
x183,lumo,0.04358972371622874,-0.04358972371622874
x80,homo,0.04357698617892471,0.04357698617892471
x101,lumo_minus_homo,0.04356566103862216,-0.04356566103862216
x101,gap,0.04356292785607284,-0.04356292785607284
x137,lumo,0.04340610322481928,-0.04340610322481928
x107,homo,0.04333489957711254,0.04333489957711254
x364,homo,0.043107892342489844,0.043107892342489844
x295,lumo_minus_homo,0.043016322755067726,-0.043016322755067726
x295,gap,0.04301580804229076,-0.04301580804229076
x222,lumo_minus_homo,0.0429980716179546,-0.0429980716179546
x222,gap,0.04299766473912405,-0.04299766473912405
x250,lumo,0.04295658017032875,-0.04295658017032875
x286,gap,0.04291709412017336,-0.04291709412017336
x286,lumo_minus_homo,0.04291666788953116,-0.04291666788953116
x299,homo,0.042808430784819246,0.042808430784819246
x365,gap,0.04256817508475443,-0.04256817508475443
x365,lumo_minus_homo,0.04256803649522942,-0.04256803649522942
x124,gap,0.0424823127231231,0.0424823127231231
x124,lumo_minus_homo,0.04248189424971776,0.04248189424971776
x170,lumo,0.04239656637163791,-0.04239656637163791
x298,gap,0.0422458187062748,0.0422458187062748
x298,lumo_minus_homo,0.042243650051047854,0.042243650051047854
x300,lumo_minus_homo,0.042194689143863706,-0.042194689143863706
x300,gap,0.04219444164313263,-0.04219444164313263
x170,lumo_minus_homo,0.0420458760299684,-0.0420458760299684
x170,gap,0.042045522816706954,-0.042045522816706954
x282,gap,0.04191838922980999,-0.04191838922980999
x282,lumo_minus_homo,0.04191808708081332,-0.04191808708081332
x285,homo,0.041615900026021155,0.041615900026021155
x78,lumo,0.04144161450752082,0.04144161450752082
x179,lumo,0.041409883955951084,-0.041409883955951084
x193,lumo_minus_homo,0.041395521395295745,-0.041395521395295745
x193,gap,0.041394559956384365,-0.041394559956384365
x80,lumo_minus_homo,0.041337765748828005,-0.041337765748828005
x80,gap,0.04133648190020821,-0.04133648190020821
x162,gap,0.04125147414574299,-0.04125147414574299
x162,lumo_minus_homo,0.041250753228471305,-0.041250753228471305
x88,gap,0.04115928566682847,0.04115928566682847
x88,lumo_minus_homo,0.04115887337833089,0.04115887337833089
x173,gap,0.04111119159350743,-0.04111119159350743
x173,lumo_minus_homo,0.04111118522467639,-0.04111118522467639
x179,homo,0.041053619143224356,0.041053619143224356
x158,lumo,0.04103716159703617,-0.04103716159703617
x245,gap,0.040796616129539116,-0.040796616129539116
x245,lumo_minus_homo,0.04079565288194967,-0.04079565288194967
x207,gap,0.04079198659318379,-0.04079198659318379
x207,lumo_minus_homo,0.04079171750320537,-0.04079171750320537
x196,lumo,0.040712260728434695,-0.040712260728434695
x201,lumo,0.040646804659467003,-0.040646804659467003
x215,homo,0.04052310860126883,0.04052310860126883
x212,homo,0.040469590416811,0.040469590416811
x144,homo,0.04021634795192109,0.04021634795192109
x227,lumo,0.040136581859875,-0.040136581859875
x176,lumo,0.04008377090329026,-0.04008377090329026
x272,homo,0.04001215802459931,0.04001215802459931
x315,homo,0.040007989410926134,0.040007989410926134
x392,lumo,0.03996335892315922,0.03996335892315922
x30,lumo,0.03996335892315922,0.03996335892315922
x288,homo,0.03990211421415823,0.03990211421415823
x161,homo,0.039884163432732406,0.039884163432732406
x107,gap,0.03985810332663368,-0.03985810332663368
x107,lumo_minus_homo,0.03985547211657226,-0.03985547211657226
x313,homo,0.03962978220641416,0.03962978220641416
x121,homo,0.03945988668578122,-0.03945988668578122
x156,homo,0.039201212150398956,0.039201212150398956
x188,homo,0.039125985642199934,0.039125985642199934
x125,lumo_minus_homo,0.039125194897627974,-0.039125194897627974
x125,gap,0.039125131508922335,-0.039125131508922335
x297,homo,0.03906408645024737,0.03906408645024737
x403,homo,0.03889775199060813,-0.03889775199060813
x299,lumo_minus_homo,0.0388688267697133,-0.0388688267697133
x299,gap,0.038868304539176037,-0.038868304539176037
x124,lumo,0.038855201732829414,0.038855201732829414
x216,gap,0.03863232234870648,-0.03863232234870648
x216,lumo_minus_homo,0.038632259284189806,-0.038632259284189806
x32,homo,0.038557990328826154,0.038557990328826154
x201,lumo_minus_homo,0.03835716281456492,-0.03835716281456492
x201,gap,0.038356029163486835,-0.038356029163486835
x229,homo,0.038293710054377754,0.038293710054377754
x281,gap,0.03827876052331842,-0.03827876052331842
x281,lumo_minus_homo,0.0382785647246033,-0.0382785647246033
x261,lumo,0.038188619270798835,-0.038188619270798835
x134,lumo,0.03817299368829974,0.03817299368829974
x147,homo,0.03814148729162645,0.03814148729162645
x266,lumo_minus_homo,0.03798067828303921,-0.03798067828303921
x266,gap,0.03798066852010199,-0.03798066852010199
x304,lumo_minus_homo,0.0379641990837193,-0.0379641990837193
x304,gap,0.037964084642386986,-0.037964084642386986
x232,lumo,0.037933467838574944,-0.037933467838574944
x253,gap,0.03779184208241377,-0.03779184208241377
x253,lumo_minus_homo,0.037790858957980004,-0.037790858957980004
x365,lumo,0.0377615402009645,-0.0377615402009645
x300,lumo,0.03767081338987869,-0.03767081338987869
x142,lumo,0.03758193608631604,-0.03758193608631604
x229,gap,0.037580102683260716,-0.037580102683260716
x229,lumo_minus_homo,0.037578999556273085,-0.037578999556273085
x290,gap,0.03717534690579237,-0.03717534690579237
x290,lumo_minus_homo,0.03717341942789638,-0.03717341942789638
x232,lumo_minus_homo,0.03713017267232866,-0.03713017267232866
x232,gap,0.03712952176323109,-0.03712952176323109
x286,lumo,0.0371199581852507,-0.0371199581852507
x407,lumo_minus_homo,0.03710907087137622,-0.03710907087137622
x407,gap,0.03710852255973837,-0.03710852255973837
x392,gap,0.037085322659701395,-0.037085322659701395
x30,gap,0.037085322659701395,-0.037085322659701395
x30,lumo_minus_homo,0.037084125267791986,-0.037084125267791986
x392,lumo_minus_homo,0.037084125267791986,-0.037084125267791986
x223,lumo,0.0369650730879414,-0.0369650730879414
x262,gap,0.03695731779044325,-0.03695731779044325
x262,lumo_minus_homo,0.036956776189025806,-0.036956776189025806
x174,lumo_minus_homo,0.03689465915723003,0.03689465915723003
x174,gap,0.03689435123842987,0.03689435123842987
x268,lumo,0.03680229565500503,-0.03680229565500503
x180,lumo_minus_homo,0.03679849980938853,-0.03679849980938853
x180,gap,0.03679635286087933,-0.03679635286087933
x106,lumo,0.03664479551908475,-0.03664479551908475
x152,homo,0.03648271849582857,0.03648271849582857
x207,homo,0.036143295306000536,0.036143295306000536
x203,homo,0.03610243341736711,0.03610243341736711
x98,homo,0.03608313707796927,0.03608313707796927
x327,homo,0.03595438156926575,0.03595438156926575
x302,homo,0.03585709318946805,0.03585709318946805
x158,lumo_minus_homo,0.035825237608943364,-0.035825237608943364
x158,gap,0.03582441277786535,-0.03582441277786535
x105,lumo,0.03578084815652637,-0.03578084815652637
x282,homo,0.03577302212089739,-0.03577302212089739
x262,lumo,0.035629544732769004,-0.035629544732769004
x185,lumo,0.03562195844473056,-0.03562195844473056
x227,homo,0.03549924529438671,0.03549924529438671
x410,homo,0.03542561243669045,-0.03542561243669045
x144,gap,0.03541449630859277,-0.03541449630859277
x144,lumo_minus_homo,0.03541396337662531,-0.03541396337662531
x141,homo,0.03541206504151598,0.03541206504151598
x185,lumo_minus_homo,0.035385458123254,-0.035385458123254
x185,gap,0.035383761155820724,-0.035383761155820724
x306,lumo,0.034745515468986445,-0.034745515468986445
x75,gap,0.034620081296537916,-0.034620081296537916
x75,lumo_minus_homo,0.034619569045431786,-0.034619569045431786
x266,lumo,0.034583628026032286,-0.034583628026032286
x216,lumo,0.03445346786040203,-0.03445346786040203
x273,lumo,0.03438817873703313,-0.03438817873703313
x317,homo,0.034369598669221145,0.034369598669221145
x114,gap,0.034332131707566015,0.034332131707566015
x114,lumo_minus_homo,0.03433208913334514,0.03433208913334514
x204,lumo_minus_homo,0.034318091069758506,-0.034318091069758506
x204,gap,0.03431629573878998,-0.03431629573878998
x264,lumo_minus_homo,0.03430708966582507,-0.03430708966582507
x264,gap,0.03430217182802894,-0.03430217182802894
x258,homo,0.034078668448750724,0.034078668448750724
x255,gap,0.03399792045114706,-0.03399792045114706
x255,lumo_minus_homo,0.03399704702450058,-0.03399704702450058
x420,homo,0.03389343432435405,-0.03389343432435405
x292,homo,0.03379398320701805,0.03379398320701805
x239,gap,0.03374837370090332,-0.03374837370090332
x239,lumo_minus_homo,0.03374744864623568,-0.03374744864623568
x310,lumo_minus_homo,0.033656965410385445,-0.033656965410385445
x310,gap,0.03365668464186326,-0.03365668464186326
x304,lumo,0.03362348019580303,-0.03362348019580303
x76,lumo_minus_homo,0.03358626925431863,-0.03358626925431863
x76,gap,0.03358551182658133,-0.03358551182658133
x192,lumo,0.03358082156916708,0.03358082156916708
x204,homo,0.03337963921514851,0.03337963921514851
x336,lumo,0.03337858898393808,-0.03337858898393808
x183,homo,0.033374236185135346,0.033374236185135346
x180,homo,0.033075169188596876,0.033075169188596876
x302,lumo_minus_homo,0.03305506907625412,-0.03305506907625412
x302,gap,0.03305455708607613,-0.03305455708607613
x125,lumo,0.03296655664251117,-0.03296655664251117
x207,lumo,0.0327026525080281,-0.0327026525080281
x190,homo,0.03247841285096401,0.03247841285096401
x3,lumo,0.03247292824691441,0.03247292824691441
x101,lumo,0.032430251102498135,-0.032430251102498135
x273,gap,0.032415351119747575,-0.032415351119747575
x273,lumo_minus_homo,0.03241522530815249,-0.03241522530815249
x93,homo,0.032319603322550926,-0.032319603322550926
x408,lumo,0.032276511983952226,-0.032276511983952226
x239,lumo,0.0322307898699039,-0.0322307898699039
x219,lumo,0.03211877179794707,-0.03211877179794707
x225,homo,0.03205705528421825,0.03205705528421825
x281,lumo,0.032043620754697286,-0.032043620754697286
x254,gap,0.032028634598695184,-0.032028634598695184
x254,lumo_minus_homo,0.032028576286806845,-0.032028576286806845
x206,gap,0.031762356481645514,-0.031762356481645514
x206,lumo_minus_homo,0.0317614177255457,-0.0317614177255457
x206,lumo,0.031655887399789216,-0.031655887399789216
x259,homo,0.03153782668097348,0.03153782668097348
x318,homo,0.03129373738114971,-0.03129373738114971
x306,lumo_minus_homo,0.031139371929423353,-0.031139371929423353
x306,gap,0.031138669677407752,-0.031138669677407752
x290,lumo,0.031096787990105016,-0.031096787990105016
x224,homo,0.030919704800923997,0.030919704800923997
x286,homo,0.030853839727320802,0.030853839727320802
x264,lumo,0.03062808080942945,-0.03062808080942945
x103,homo,0.03061358978307805,0.03061358978307805
x80,lumo,0.030510826611275185,-0.030510826611275185
x125,homo,0.030438094224654426,0.030438094224654426
x281,homo,0.03033333290474171,0.03033333290474171
x342,lumo,0.03033011255437298,-0.03033011255437298
x310,homo,0.030256983675702807,0.030256983675702807
x114,homo,0.029763926143415803,-0.029763926143415803
x214,homo,0.029737765577442787,0.029737765577442787
x249,gap,0.02959075630356292,-0.02959075630356292
x249,lumo_minus_homo,0.029590145686825588,-0.029590145686825588
x261,lumo_minus_homo,0.02953550761569321,-0.02953550761569321
x261,gap,0.029534713882876488,-0.029534713882876488
x290,homo,0.029514920250048083,0.029514920250048083
x275,lumo_minus_homo,0.029496603760298334,-0.029496603760298334
x275,gap,0.02949450627408491,-0.02949450627408491
x254,lumo,0.02947668816954135,-0.02947668816954135
x180,lumo,0.029323447834158984,-0.029323447834158984
x228,homo,0.02927944213837678,0.02927944213837678
x105,gap,0.029272114660713236,-0.029272114660713236
x105,lumo_minus_homo,0.02927201415012894,-0.02927201415012894
x265,gap,0.02923985716409789,-0.02923985716409789
x265,lumo_minus_homo,0.029239448039916176,-0.029239448039916176
x175,gap,0.029213472471110988,-0.029213472471110988
x175,lumo_minus_homo,0.029213376868260525,-0.029213376868260525
x86,homo,0.029040542202708932,0.029040542202708932
x107,lumo,0.02891713398268374,-0.02891713398268374
x247,homo,0.028882405756809542,0.028882405756809542
x336,gap,0.028787383958998772,-0.028787383958998772
x336,lumo_minus_homo,0.02878657201234345,-0.02878657201234345
x230,homo,0.02872914057510688,0.02872914057510688
x120,homo,0.028604627184937403,-0.028604627184937403
x233,homo,0.028592056222104225,0.028592056222104225
x198,lumo,0.028547474502291743,-0.028547474502291743
x237,lumo,0.028389675723103462,-0.028389675723103462
x217,gap,0.02825392489580043,0.02825392489580043
x217,lumo_minus_homo,0.02825325030959448,0.02825325030959448
x229,lumo,0.028236317862648654,-0.028236317862648654
x365,homo,0.028110574587982006,0.028110574587982006
x299,lumo,0.027994567870300118,-0.027994567870300118
x138,homo,0.027990342140955773,0.027990342140955773
x173,lumo,0.027864510449976482,-0.027864510449976482
x114,lumo,0.027772129565565185,0.027772129565565185
x145,lumo,0.02769399951314229,-0.02769399951314229
x238,gap,0.027691876096706893,-0.027691876096706893
x238,lumo_minus_homo,0.02769160179813922,-0.02769160179813922
x2,lumo,0.027615369961614216,-0.027615369961614216
x332,lumo,0.02754367708097766,-0.02754367708097766
x332,gap,0.027262259759089767,-0.027262259759089767
x332,lumo_minus_homo,0.02726097447826609,-0.02726097447826609
x327,gap,0.027236077803163894,0.027236077803163894
x327,lumo_minus_homo,0.02723482713212588,0.02723482713212588
x300,homo,0.027228492919953575,0.027228492919953575
x166,lumo,0.026870606480847874,0.026870606480847874
x310,lumo,0.026817993312674253,-0.026817993312674253
x121,lumo_minus_homo,0.026752261511790866,-0.026752261511790866
x121,gap,0.026749565437360127,-0.026749565437360127
x83,homo,0.02671749144253897,0.02671749144253897
x134,homo,0.02670888635108269,0.02670888635108269
x257,homo,0.026490815039038502,0.026490815039038502
x112,homo,0.0264374337983217,0.0264374337983217
x204,lumo,0.026388152508647934,-0.026388152508647934
x119,lumo,0.026350975854872834,-0.026350975854872834
x293,homo,0.02623030871221005,0.02623030871221005
x205,homo,0.02618199221054644,-0.02618199221054644
x217,homo,0.026181976868558842,-0.026181976868558842
x137,homo,0.026166339783723014,0.026166339783723014
x196,homo,0.026122976630013756,0.026122976630013756
x200,gap,0.026113450004408827,-0.026113450004408827
x200,lumo_minus_homo,0.026113152064244343,-0.026113152064244343
x343,homo,0.026048315270965617,0.026048315270965617
x192,lumo_minus_homo,0.026015690297817667,0.026015690297817667
x192,gap,0.0260152112421057,0.0260152112421057
x197,homo,0.025861482659706326,0.025861482659706326
x130,lumo,0.025829807230255027,-0.025829807230255027
x265,lumo,0.025802647308573384,-0.025802647308573384
x252,lumo_minus_homo,0.025687697043398797,-0.025687697043398797
x252,gap,0.02568187960949342,-0.02568187960949342
x238,lumo,0.0255304178665701,-0.0255304178665701
x174,lumo,0.025488302904733837,-0.025488302904733837
x175,lumo,0.025487290022115545,-0.025487290022115545
x145,lumo_minus_homo,0.025442801006842715,-0.025442801006842715
x145,gap,0.02544224883587173,-0.02544224883587173
x65,homo,0.025421483063310064,0.025421483063310064
x308,lumo,0.02525632102864561,-0.02525632102864561
x249,lumo,0.025229619281716766,-0.025229619281716766
x304,homo,0.02521321663281124,0.02521321663281124
x275,lumo,0.025170902959102112,-0.025170902959102112
x144,lumo,0.02504732524966009,-0.02504732524966009
x321,gap,0.025034260950189634,0.025034260950189634
x321,lumo_minus_homo,0.02503411287614829,0.02503411287614829
x216,homo,0.025027051926117625,0.025027051926117625
x124,homo,0.024961238980450273,-0.024961238980450273
x268,lumo_minus_homo,0.024799515184099074,-0.024799515184099074
x268,gap,0.024799181190561268,-0.024799181190561268
x134,lumo_minus_homo,0.02468651192619058,0.02468651192619058
x134,gap,0.024686226539593275,0.024686226539593275
x153,homo,0.02422508807624377,0.02422508807624377
x302,lumo,0.024014779187363177,-0.024014779187363177
x331,lumo,0.023789993769499706,-0.023789993769499706
x224,lumo,0.02377167637320515,0.02377167637320515
x298,lumo,0.023543843056955855,0.023543843056955855
x166,lumo_minus_homo,0.02353736776115987,0.02353736776115987
x166,gap,0.02353719871446816,0.02353719871446816
x267,gap,0.023387011910688135,-0.023387011910688135
x267,lumo_minus_homo,0.023386579458475026,-0.023386579458475026
x130,gap,0.023256369045097685,-0.023256369045097685
x130,lumo_minus_homo,0.023256265602468254,-0.023256265602468254
x325,gap,0.023028888706711236,-0.023028888706711236
x325,lumo_minus_homo,0.023027847095938102,-0.023027847095938102
x46,homo,0.023011020552275812,0.023011020552275812
x155,lumo,0.022911900150231392,-0.022911900150231392
x197,lumo,0.022839343742344125,0.022839343742344125
x40,gap,0.022791048385121172,0.022791048385121172
x40,lumo_minus_homo,0.0227905120466138,0.0227905120466138
x279,homo,0.02276156542332471,0.02276156542332471
x268,homo,0.022746644029736918,-0.022746644029736918
x266,homo,0.022725116579648433,0.022725116579648433
x321,lumo,0.022703805214902898,0.022703805214902898
x333,gap,0.022690456414949944,-0.022690456414949944
x333,lumo_minus_homo,0.022690365514332622,-0.022690365514332622
x151,lumo,0.022620345614160677,-0.022620345614160677
x47,lumo_minus_homo,0.02255258334469548,0.02255258334469548
x47,gap,0.022552023783287457,0.022552023783287457
x245,lumo,0.022331915736029048,-0.022331915736029048
x249,homo,0.0222346240658405,0.0222346240658405
x217,lumo,0.02221609643274362,0.02221609643274362
x264,homo,0.022140682470213138,0.022140682470213138
x275,homo,0.0221087249104572,0.0221087249104572
x184,homo,0.02196687756987111,-0.02196687756987111
x220,homo,0.02190574360526456,0.02190574360526456
x109,homo,0.021429164607315827,-0.021429164607315827
x159,lumo,0.02141210888560537,-0.02141210888560537
x220,gap,0.021401166936576264,-0.021401166936576264
x220,lumo_minus_homo,0.021400385499272246,-0.021400385499272246
x307,homo,0.02103314443742926,0.02103314443742926
x251,lumo,0.020986013000582993,-0.020986013000582993
x308,gap,0.020951786796976693,-0.020951786796976693
x308,lumo_minus_homo,0.02095165342000445,-0.02095165342000445
x85,lumo_minus_homo,0.02073866098102291,0.02073866098102291
x85,gap,0.02073838362283995,0.02073838362283995
x325,lumo,0.020658023065441337,-0.020658023065441337
x278,lumo_minus_homo,0.020628816488520173,0.020628816488520173
x278,gap,0.02062862262086521,0.02062862262086521
x67,homo,0.02050200261105729,0.02050200261105729
x211,homo,0.0204762674932404,-0.0204762674932404
x73,homo,0.020427884629227268,-0.020427884629227268
x175,homo,0.02042146558110261,0.02042146558110261
x407,homo,0.020281481197145835,-0.020281481197145835
x388,homo,0.020262691099803838,-0.020262691099803838
x271,homo,0.020261625193617253,-0.020261625193617253
x31,lumo,0.020115969457989512,0.020115969457989512
x331,gap,0.020022125409113616,-0.020022125409113616
x331,lumo_minus_homo,0.020021919927906716,-0.020021919927906716
x146,gap,0.02002159420881434,-0.02002159420881434
x146,lumo_minus_homo,0.020020117344212517,-0.020020117344212517
x265,homo,0.019666334510272464,0.019666334510272464
x240,lumo_minus_homo,0.019584335288165763,0.019584335288165763
x240,gap,0.019582842368423586,0.019582842368423586
x54,homo,0.01934544866109101,0.01934544866109101
x202,homo,0.018973051077142575,-0.018973051077142575
x155,lumo_minus_homo,0.01897020946222096,-0.01897020946222096
x155,gap,0.01896948828991597,-0.01896948828991597
x333,lumo,0.01893125484004111,-0.01893125484004111
x251,lumo_minus_homo,0.018813714812154946,-0.018813714812154946
x251,gap,0.018812417719573784,-0.018812417719573784
x167,homo,0.018417840433723093,0.018417840433723093
x291,homo,0.01838938908579276,0.01838938908579276
x78,lumo_minus_homo,0.018383782039623146,-0.018383782039623146
x78,gap,0.01838262978708565,-0.01838262978708565
x254,homo,0.018337068531520805,0.018337068531520805
x159,gap,0.018279589190052934,-0.018279589190052934
x159,lumo_minus_homo,0.01827927652142872,-0.01827927652142872
x333,homo,0.018147777528617397,0.018147777528617397
x76,homo,0.01812477932683318,-0.01812477932683318
x100,homo,0.018018640413949065,0.018018640413949065
x243,homo,0.017931217257724747,0.017931217257724747
x27,homo,0.017421895392255003,-0.017421895392255003
x151,lumo_minus_homo,0.017412513767087395,-0.017412513767087395
x151,gap,0.01741249897034478,-0.01741249897034478
x278,lumo,0.017223276052120245,0.017223276052120245
x253,lumo,0.01719342152026325,-0.01719342152026325
x160,lumo_minus_homo,0.017155855723550047,-0.017155855723550047
x160,gap,0.017150424486503103,-0.017150424486503103
x262,homo,0.016884102875041992,0.016884102875041992
x240,lumo,0.01680585688686771,0.01680585688686771
x189,homo,0.01666977930540896,0.01666977930540896
x146,lumo,0.016605188818646092,-0.016605188818646092
x149,lumo_minus_homo,0.01660289298962885,0.01660289298962885
x149,gap,0.016602236419362502,0.016602236419362502
x278,homo,0.01646714434027673,-0.01646714434027673
x146,homo,0.01627164122607485,0.01627164122607485
x239,homo,0.016223150404854298,0.016223150404854298
x220,lumo,0.01604272974162418,-0.01604272974162418
x74,homo,0.016024235709701372,0.016024235709701372
x238,homo,0.015734714567906143,0.015734714567906143
x311,lumo_minus_homo,0.015458557231695147,0.015458557231695147
x311,gap,0.01545844536441256,0.01545844536441256
x321,homo,0.015219835783833081,-0.015219835783833081
x343,gap,0.014721875217783094,-0.014721875217783094
x343,lumo_minus_homo,0.014721528540311831,-0.014721528540311831
x289,homo,0.014626859524619245,0.014626859524619245
x325,homo,0.01459811847933137,0.01459811847933137
x240,homo,0.014431809409117907,-0.014431809409117907
x170,homo,0.014291419089251913,0.014291419089251913
x311,homo,0.013344462932137037,-0.013344462932137037
x269,lumo_minus_homo,0.012994096592539408,-0.012994096592539408
x269,gap,0.012991493831172967,-0.012991493831172967
x79,homo,0.012934216002963092,-0.012934216002963092
x120,lumo,0.012877595615643438,-0.012877595615643438
x92,lumo,0.012621392084902167,-0.012621392084902167
x311,lumo,0.012526478874020157,0.012526478874020157
x289,gap,0.012481022634469591,-0.012481022634469591
x289,lumo_minus_homo,0.012479989656339627,-0.012479989656339627
x52,homo,0.01246438997176027,0.01246438997176027
x363,lumo,0.012276165652714685,-0.012276165652714685
x185,homo,0.012182515296634156,0.012182515296634156
x261,homo,0.01217948593188438,-0.01217948593188438
x324,homo,0.012099478562285559,0.012099478562285559
x269,lumo,0.012077029078100513,-0.012077029078100513
x206,homo,0.011774782032633673,0.011774782032633673
x313,lumo_minus_homo,0.011593519608941264,-0.011593519608941264
x313,gap,0.011593413265993523,-0.011593413265993523
x197,lumo_minus_homo,0.011481836613578282,0.011481836613578282
x197,gap,0.011480242132093246,0.011480242132093246
x200,lumo,0.01131779795777807,-0.01131779795777807
x232,homo,0.011315997376935758,0.011315997376935758
x70,homo,0.011147361914075643,-0.011147361914075643
x318,lumo_minus_homo,0.011133422084828752,0.011133422084828752
x318,gap,0.01113341391560881,0.01113341391560881
x284,gap,0.01102558446496679,0.01102558446496679
x284,lumo_minus_homo,0.011024306187110519,0.011024306187110519
x320,homo,0.01094532375176194,0.01094532375176194
x108,homo,0.010654951778225147,-0.010654951778225147
x224,lumo_minus_homo,0.010618537763604935,0.010618537763604935
x224,gap,0.01061851839539727,0.01061851839539727
x192,homo,0.010577991844252359,0.010577991844252359
x284,lumo,0.010396885527991022,0.010396885527991022
x113,lumo_minus_homo,0.01035765268910387,0.01035765268910387
x113,gap,0.010356985229611525,0.010356985229611525
x274,homo,0.010027225872799363,0.010027225872799363
x295,homo,0.009893024521430507,0.009893024521430507
x182,lumo_minus_homo,0.009462462265402356,-0.009462462265402356
x182,gap,0.00946225354304514,-0.00946225354304514
x345,homo,0.009290509967585197,-0.009290509967585197
x3,lumo_minus_homo,0.009247126925000203,-0.009247126925000203
x3,gap,0.009247124657840883,-0.009247124657840883
x332,homo,0.009119792845126552,0.009119792845126552
x363,gap,0.009022520362821933,-0.009022520362821933
x363,lumo_minus_homo,0.009021933750456455,-0.009021933750456455
x97,homo,0.009004656343413879,0.009004656343413879
x409,homo,0.008982387106054198,0.008982387106054198
x410,lumo_minus_homo,0.008937605901036712,0.008937605901036712
x410,gap,0.008937561884025667,0.008937561884025667
x182,lumo,0.008844446018074407,-0.008844446018074407
x289,lumo,0.008654789229565581,-0.008654789229565581
x110,homo,0.008609553642845633,-0.008609553642845633
x404,gap,0.008302486781902674,-0.008302486781902674
x404,lumo_minus_homo,0.008301913150132649,-0.008301913150132649
x51,homo,0.008179125648078798,-0.008179125648078798
x400,homo,0.007982108349650708,-0.007982108349650708
x201,homo,0.007831766711573492,0.007831766711573492
x222,homo,0.007733714098730206,0.007733714098730206
x151,homo,0.007461650934897386,-0.007461650934897386
x108,gap,0.0071975987135827245,0.0071975987135827245
x108,lumo_minus_homo,0.007197374717915982,0.007197374717915982
x269,homo,0.007126901389614974,0.007126901389614974
x267,lumo,0.007069403401328058,-0.007069403401328058
x343,lumo,0.006881813370213546,-0.006881813370213546
x105,homo,0.006607647332330706,-0.006607647332330706
x273,homo,0.006518105155153509,0.006518105155153509
x112,lumo,0.0064504940241695945,0.0064504940241695945
x194,homo,0.0063050479186281694,0.0063050479186281694
x248,homo,0.006285193645801366,0.006285193645801366
x75,lumo,0.006178549323010813,0.006178549323010813
x119,gap,0.005881025683686923,-0.005881025683686923
x119,lumo_minus_homo,0.005880989232003943,-0.005880989232003943
x280,homo,0.005793597752939808,0.005793597752939808
x367,homo,0.005706265747066603,0.005706265747066603
x326,lumo,0.005677687720995508,0.005677687720995508
x284,homo,0.005648425737235334,-0.005648425737235334
x246,homo,0.005346746960089241,0.005346746960089241
x363,homo,0.005335317539278831,-0.005335317539278831
x193,homo,0.005221662009997928,-0.005221662009997928
x182,homo,0.005058269539573704,0.005058269539573704
x77,homo,0.004296498221117038,-0.004296498221117038
x326,lumo_minus_homo,0.004257744336064695,0.004257744336064695
x326,gap,0.004255495916558579,0.004255495916558579
x191,homo,0.004239535171012795,0.004239535171012795
x244,homo,0.0042044876055411864,0.0042044876055411864
x177,lumo,0.004163333467280445,0.004163333467280445
x108,lumo,0.0041515677120902315,0.0041515677120902315
x308,homo,0.0037936650118700946,-0.0037936650118700946
x53,homo,0.0036256631639412775,0.0036256631639412775
x155,homo,0.0035515096372910372,-0.0035515096372910372
x149,lumo,0.0034566689962388297,-0.0034566689962388297
x324,lumo_minus_homo,0.003322242896875819,-0.003322242896875819
x324,gap,0.0033211867457701638,-0.0033211867457701638
x344,homo,0.0032646809035540296,-0.0032646809035540296
x145,homo,0.003259087845379547,0.003259087845379547
x410,lumo,0.003242250592723933,-0.003242250592723933
x115,homo,0.0031638458114049486,0.0031638458114049486
x112,lumo_minus_homo,0.0031246172483418637,-0.0031246172483418637
x112,gap,0.003124255756819215,-0.003124255756819215
x191,lumo_minus_homo,0.002856270238063311,-0.002856270238063311
x191,gap,0.0028556645647978413,-0.0028556645647978413
x331,homo,0.002711988960813608,-0.002711988960813608
x367,gap,0.002650311901125351,-0.002650311901125351
x367,lumo_minus_homo,0.002649781064392631,-0.002649781064392631
x326,homo,0.002211765512400577,0.002211765512400577
x313,lumo,0.0018133302341132597,0.0018133302341132597
x120,gap,0.001807398541687674,-0.001807398541687674
x120,lumo_minus_homo,0.0018071058741434066,-0.0018071058741434066
x306,homo,0.0017398848243223256,0.0017398848243223256
x336,homo,0.001717307808002923,-0.001717307808002923
x159,homo,0.0016638206937136064,-0.0016638206937136064
x191,lumo,0.0016433341402256108,-0.0016433341402256108
x130,homo,0.001615748083754248,0.001615748083754248
x168,homo,0.0015334712967549407,-0.0015334712967549407
x339,homo,0.0012179780997766654,0.0012179780997766654
x251,homo,0.001068255640043589,0.001068255640043589
x88,homo,0.0009143946372121068,0.0009143946372121068
x367,lumo,0.000853606191669136,-0.000853606191669136
x318,lumo,0.0008176369445310445,0.0008176369445310445
x158,homo,0.0008080817140979403,-0.0008080817140979403
x324,lumo,0.0008008128422153335,0.0008008128422153335
x358,homo,0.0005563134466175247,-0.0005563134466175247
x62,homo,0.0005191560615587179,-0.0005191560615587179
x166,homo,0.0002903464174991136,0.0002903464174991136
x128,homo,3.340599883734033e-05,3.340599883734033e-05
