key,qm9_gap,psi4_gap,abs_diff
C#CC#CC,6.353858688438198,6.563735075299469,0.2098763868612714
C1CCC2(C1)CC2,9.562081126840182,9.151825689069474,0.41025543777070794
CC(=O)c1ccco1,5.194653634359109,5.019307982171549,0.17534565218756004
CCC(=O)NC,7.61918814887664,6.939199295739644,0.6799888531369964
CCC(C)C,10.70495934917168,10.436491234077392,0.26846811509428825
CCC(C)CC,10.541691031695752,10.496560377513577,0.045130654182175434
CCCC(C)C,10.61516177455992,10.265381228537422,0.3497805460224992
CCCCCO,9.325342066500088,8.957284463657835,0.36805760284225286
Cc1ccc(C=O)cc1,5.243634129601888,5.050082551623441,0.1935515779784467
Cc1cccnc1,6.182426955088474,5.89922783325064,0.2831991218378338
N#CC#N,7.537553990138677,7.701144386723902,0.16359039658522523
O=C1C=CCCCC1,5.175605663986918,5.003491513979971,0.17211415000694696
O=C1CCCCCO1,7.151152305445645,6.73600575660385,0.41514654884179514
c1ncc2[nH]ccc2n1,5.398739031204019,5.003611133989842,0.3951278972141772
