group_type,group,mae,rmse,r2,median_abs_error,mean_signed_error,n
domain,charged_or_radical,0.7328577181,1.0946548627,0.7799062633,0.4579490499,0.6148190527,57
domain,heteroatom_rich_non_qm9,0.5395077999,0.7093650461,0.6028628623,0.497880933,-0.0404291046,51
domain,large_neutral_organic,0.5046081592,0.6479953173,0.7163539774,0.4242052267,-0.0825190219,42
domain,near_qm9_larger_organic,0.4481138801,0.5431271651,0.8099920699,0.3745740551,-0.1142453817,20
domain,qm9_like_small_organic,0.2526394988,0.6209576728,0.859555661,0.1174046557,-0.0203515136,254
source,qm9_overlap,0.227460521,0.5715270426,0.8828109517,0.1125608473,-0.0673832736,232
source,qm9_overlap+recomputed_pqr_reference,0.0064259957,0.0064259957,,0.0064259957,0.0064259957,1
source,recomputed_pqr_reference,0.5802972452,0.8550991126,0.834439972,0.4127077226,0.1973261997,191
overall,all,0.3858821715,0.7128196114,0.9125095075,0.1942153048,0.0520349308,424
