config,repeat,seed,split_mode,test_mae,test_rmse,test_r2,test_median_abs_error,test_mean_signed_error,val_mae,n_test
global_hgb,0,42,random,0.4555450364,0.7660420856,0.8989568582,0.3158863005,-0.0050757598,0.4391037416,424
global_et,0,42,random,0.3975436015,0.7302061844,0.9081894487,0.205743223,0.0481257622,0.3794004768,424
global_rf,0,42,random,0.4009135884,0.7194189773,0.9108820144,0.2219364965,0.0341164179,0.3766667355,424
global_ridge,0,42,random,0.7252295873,1.0261852123,0.8186769208,0.5715393373,-0.1594300099,0.7160938402,424
global_mean,0,42,random,0.4144659524,0.732977411,0.9074912606,0.2315798424,0.0257221401,0.3948874279,424
domain_expert,0,42,random,0.3831010816,0.6948415044,0.9168670704,0.1993849262,0.0495874136,0.3665796176,424
piecewise_split,0,42,random,0.3858821715,0.7128196114,0.9125095076,0.1942153045,0.0520349308,0.3644610588,424
full_rceg,0,42,random,0.3718529106,0.6567482961,0.9257323827,0.2127177205,0.0132979837,0.3617121533,424
no_exact_mass,0,42,random,0.3960367266,0.7272531964,0.9089305195,0.1961040851,0.0478136916,0.3798827578,424
domain_permuted,0,42,random,0.4911116401,0.7848753485,0.8939274622,0.3012517953,0.0003528688,,424
domain_permuted_piecewise,0,42,random,0.4808633441,0.7708276026,0.8976904681,0.2901177831,0.0087423809,,424
global_hgb,1,1042,random,0.4090104164,0.7051603247,0.9027546752,0.2726820085,-0.0849157501,0.4012911695,424
global_et,1,1042,random,0.3474057948,0.6418968366,0.9194207049,0.1902264152,-0.0537839039,0.3508047905,424
global_rf,1,1042,random,0.3461734049,0.6253740868,0.923515619,0.2088258108,-0.0608524434,0.350256826,424
global_ridge,1,1042,random,0.6956523978,0.9866690939,0.8096135472,0.5402017016,-0.2698109181,0.6835656919,424
global_mean,1,1042,random,0.3613173299,0.6494495107,0.9175133282,0.211155065,-0.0665173658,0.3627539789,424
domain_expert,1,1042,random,0.3341189542,0.6247346064,0.9236719582,0.1715255226,-0.0461839132,0.3372235189,424
piecewise_split,1,1042,random,0.3391333518,0.6381830177,0.9203504219,0.1820970644,-0.0457767463,0.3389570526,424
full_rceg,1,1042,random,0.3509147379,0.6101911736,0.9271843324,0.2058288547,-0.1035413408,0.340016134,424
no_exact_mass,1,1042,random,0.3463928432,0.6407079466,0.9197189186,0.1916763713,-0.0518431454,0.3517497019,424
domain_permuted,1,1042,random,0.4415807937,0.7417534233,0.8924000396,0.2756858406,-0.1158167628,,424
domain_permuted_piecewise,1,1042,random,0.4400465673,0.7342414395,0.894568405,0.2648654369,-0.1121883276,,424
global_hgb,2,2042,random,0.4210041009,0.6888834096,0.887451394,0.2819640233,-0.0853152898,0.4358311332,424
global_et,2,2042,random,0.3458680322,0.6103786782,0.9116416947,0.1882954696,-0.0434837543,0.3588922958,424
global_rf,2,2042,random,0.3507321767,0.6138609035,0.9106306463,0.2099825037,-0.0452996798,0.3674293198,424
global_ridge,2,2042,random,0.6863876657,0.9266437857,0.796354741,0.5654937607,-0.26046735,0.7358297314,424
global_mean,2,2042,random,0.3681300151,0.6297820172,0.9059347574,0.2167494243,-0.058032908,0.3811868193,424
domain_expert,2,2042,random,0.3329332337,0.5827320078,0.919464675,0.1797753712,-0.0282378514,0.3475558263,424
piecewise_split,2,2042,random,0.3336355793,0.5958072534,0.9158100521,0.1811590021,-0.0295118117,0.3478988027,424
full_rceg,2,2042,random,0.3387293879,0.5770278073,0.9210336337,0.1945845081,-0.0447980621,0.3602284254,424
no_exact_mass,2,2042,random,0.3458156567,0.6105762782,0.9115844764,0.1934897866,-0.0442573784,0.3594671384,424
domain_permuted,2,2042,random,0.4427537628,0.7104675199,0.8802881547,0.3140729697,-0.1062895917,,424
domain_permuted_piecewise,2,2042,random,0.4362135711,0.7044054421,0.8823223264,0.318843467,-0.1032093956,,424
global_hgb,3,3042,random,0.3902831018,0.5625153244,0.9339858025,0.2435257473,-0.0281813313,0.4248913841,424
global_et,3,3042,random,0.3392517138,0.5321431321,0.9409220313,0.1659633955,0.0156972114,0.3453810154,424
global_rf,3,3042,random,0.3427519405,0.5283971717,0.9417508489,0.1776331715,0.0112690819,0.3485083592,424
global_ridge,3,3042,random,0.6626695209,0.8554367391,0.8473332613,0.5647140569,-0.1948038458,0.6887855184,424
global_mean,3,3042,random,0.3499140053,0.5316043129,0.941041609,0.1935137224,-0.0004050127,0.3681727805,424
domain_expert,3,3042,random,0.326111593,0.5168118174,0.9442771266,0.1575186919,0.0209760995,0.3310751821,424
piecewise_split,3,3042,random,0.327601417,0.5187811588,0.943851647,0.1595875109,0.0228284905,0.3302536071,424
full_rceg,3,3042,random,0.3226753881,0.5073497366,0.9462988594,0.1650600455,0.0159509435,0.3304904131,424
no_exact_mass,3,3042,random,0.3371687736,0.529605647,0.9414841058,0.1719150223,0.0160290651,0.3448030768,424
domain_permuted,3,3042,random,0.427386148,0.6150591005,0.9210772283,0.2821448825,-0.0322548382,,424
domain_permuted_piecewise,3,3042,random,0.4293159233,0.6167651494,0.9206387896,0.2877620329,-0.0352056375,,424
global_hgb,4,4042,random,0.3825709495,0.5568334773,0.9318055245,0.2600005869,0.0035739269,0.4116517278,424
global_et,4,4042,random,0.3267506046,0.516482317,0.9413308992,0.190143957,0.0275216086,0.3592209968,424
global_rf,4,4042,random,0.3230814615,0.5049463022,0.9439224656,0.1861805956,0.0250627619,0.3609358755,424
global_ridge,4,4042,random,0.6724606624,0.8635996018,0.8359699622,0.521919272,-0.2029728859,0.7110874885,424
global_mean,4,4042,random,0.3367635012,0.5153240753,0.9415937419,0.191728935,0.0187194324,0.3703396028,424
domain_expert,4,4042,random,0.3196375558,0.5065616959,0.943563092,0.1783914615,0.0347129964,0.3499656075,424
piecewise_split,4,4042,random,0.3178709487,0.5030805012,0.9443361184,0.1814249112,0.0335258283,0.3521945759,424
full_rceg,4,4042,random,0.3327157779,0.5078822035,0.9432684684,0.2054359382,0.0350384704,0.3692968696,424
no_exact_mass,4,4042,random,0.3250914351,0.5141458068,0.9418605238,0.190083142,0.0262338547,0.3584525469,424
domain_permuted,4,4042,random,0.4159450012,0.589575063,0.9235501337,0.2815487114,-0.0077651029,,424
domain_permuted_piecewise,4,4042,random,0.4154792981,0.5945604953,0.9222517509,0.2862205046,-0.0043507556,,424
global_hgb,5,5042,random,0.4290462617,0.6530514278,0.915090664,0.3060745474,0.0197644434,0.4562740207,424
global_et,5,5042,random,0.391600564,0.6379192612,0.9189800242,0.2324487321,0.0602093961,0.3778331252,424
global_rf,5,5042,random,0.3823888969,0.6125805068,0.9252885743,0.2372041255,0.0477081753,0.3819625949,424
global_ridge,5,5042,random,0.6838171966,0.9082235766,0.8357723716,0.5352019518,-0.1446742706,0.7842395749,424
global_mean,5,5042,random,0.3967236182,0.6256367481,0.9220699099,0.2482200375,0.0425606716,0.3983161368,424
domain_expert,5,5042,random,0.3784273031,0.6170615775,0.9241915375,0.2282469549,0.0606088151,0.3667819837,424
piecewise_split,5,5042,random,0.3764074706,0.6097551866,0.9259761474,0.2204554092,0.0592243942,0.3691525936,424
full_rceg,5,5042,random,0.3745600639,0.5863081426,0.9315596015,0.2225015469,0.0190887831,0.3868173044,424
no_exact_mass,5,5042,random,0.391126232,0.63566482,0.9195516703,0.2320965516,0.0596316833,0.3776803827,424
domain_permuted,5,5042,random,0.4758880726,0.7131850324,0.8987336589,0.3331581216,0.0146550915,,424
domain_permuted_piecewise,5,5042,random,0.4671954005,0.7090928922,0.8998924247,0.3211244668,0.0168758589,,424
global_hgb,6,6042,random,0.3931278361,0.605152827,0.9112057475,0.2923468524,-0.1062645299,0.4177778747,424
global_et,6,6042,random,0.3293252049,0.5236887305,0.9335031338,0.1923794182,-0.0770660817,0.3558115831,424
global_rf,6,6042,random,0.3368246883,0.52399518,0.9334252864,0.2012228322,-0.0787061007,0.3564753396,424
global_ridge,6,6042,random,0.6987730389,0.9486742816,0.7817828011,0.584341859,-0.2760105237,0.6725478366,424
global_mean,6,6042,random,0.3483354658,0.5416680235,0.928858811,0.2086576124,-0.0873455708,0.3712709698,424
domain_expert,6,6042,random,0.3152714625,0.4974150667,0.9400081031,0.1867422053,-0.0601774382,0.3409805095,424
piecewise_split,6,6042,random,0.3308104271,0.543849636,0.928284603,0.1885868782,-0.0695602874,0.3439392625,424
full_rceg,6,6042,random,0.3081489479,0.4758664699,0.9450933518,0.1852484802,-0.0598242948,0.3583719984,424
no_exact_mass,6,6042,random,0.3300827722,0.5251172098,0.9331398686,0.1950120068,-0.0775792146,0.3553880984,424
domain_permuted,6,6042,random,0.4395317712,0.688994035,0.8848972641,0.293285947,-0.1292245967,,424
domain_permuted_piecewise,6,6042,random,0.4300596283,0.6767142864,0.8889635898,0.2769878882,-0.1152734167,,424
global_hgb,7,7042,random,0.4006868019,0.5864874833,0.9263454637,0.2846935404,-0.049495733,0.3900798687,424
global_et,7,7042,random,0.3411735399,0.5560812471,0.9337846769,0.1651118871,-0.0056675359,0.3354785087,424
global_rf,7,7042,random,0.3417951,0.5418895081,0.9371213095,0.18704311,-0.009668234,0.3346409127,424
global_ridge,7,7042,random,0.7103493396,0.9231754921,0.8175051821,0.5840928457,-0.2587292993,0.6811007118,424
global_mean,7,7042,random,0.3553076834,0.5525606025,0.9346204636,0.2037871628,-0.021610501,0.3486803973,424
domain_expert,7,7042,random,0.329213446,0.5327383067,0.9392271147,0.1603533034,-0.0004744954,0.3226782728,424
piecewise_split,7,7042,random,0.3303542922,0.532337122,0.9393186117,0.174427204,-4.51045e-05,0.3268698292,424
full_rceg,7,7042,random,0.3338576315,0.5172139621,0.9427174314,0.1900926408,-0.0008661559,0.3333911031,424
no_exact_mass,7,7042,random,0.3411060318,0.5553508167,0.9339585145,0.1683898795,-0.0059241455,0.3355888726,424
domain_permuted,7,7042,random,0.4335123727,0.6450518677,0.9109013184,0.276530878,-0.053758121,,424
domain_permuted_piecewise,7,7042,random,0.4331465329,0.6378645649,0.9128757692,0.2823002562,-0.0539539618,,424
global_hgb,8,8042,random,0.378804706,0.5613398881,0.9315423402,0.263358316,-0.0434361002,0.3992446537,424
global_et,8,8042,random,0.3098647492,0.512780593,0.9428740544,0.1655984309,0.002971592,0.3346412623,424
global_rf,8,8042,random,0.3174441332,0.5171671839,0.9418925041,0.1829150872,-0.0031883106,0.326642168,424
global_ridge,8,8042,random,0.657027974,0.8724697314,0.8346245728,0.550415486,-0.2137365558,0.6960341691,424
global_mean,8,8042,random,0.3295591762,0.5217122209,0.9408666802,0.1972717703,-0.0145509396,0.3464469305,424
domain_expert,8,8042,random,0.2981257889,0.4889571132,0.948058824,0.1549343518,0.0071240468,0.3204647133,424
piecewise_split,8,8042,random,0.2988545034,0.4871452221,0.9484430597,0.1560482497,0.0071991695,0.3198125404,424
full_rceg,8,8042,random,0.3047867338,0.4826907824,0.9493816188,0.1802081621,-0.010256105,0.3092494939,424
no_exact_mass,8,8042,random,0.3080892398,0.5107905854,0.9433165848,0.1651268232,0.0022339013,0.333013282,424
domain_permuted,8,8042,random,0.4030556199,0.5933757907,0.9235055567,0.2708397157,-0.0388406193,,424
domain_permuted_piecewise,8,8042,random,0.4034272413,0.5952120665,0.9230313809,0.2697538655,-0.0422629227,,424
global_hgb,9,9042,random,0.3871404715,0.6474130993,0.9091869685,0.2258235863,-0.0122180689,0.3900413641,424
global_et,9,9042,random,0.346401613,0.5883680914,0.9249961715,0.1749020968,0.0009180254,0.3539912181,424
global_rf,9,9042,random,0.3477220233,0.5901391649,0.924543947,0.1838373627,-0.0012391509,0.3536102944,424
global_ridge,9,9042,random,0.6500888612,0.9094127347,0.8208126811,0.5113222635,-0.1788316113,0.723972279,424
global_mean,9,9042,random,0.3543994291,0.5995380292,0.9221213023,0.1887162509,-0.0041797315,0.3600857133,424
domain_expert,9,9042,random,0.3329173324,0.5571705954,0.9327392686,0.1770294771,0.0095327903,0.3422627311,424
piecewise_split,9,9042,random,0.3434888323,0.5980338513,0.922511591,0.1796771628,0.0041629046,0.3448839926,424
full_rceg,9,9042,random,0.3419404496,0.5581423732,0.9325044411,0.190943881,0.0098551145,0.3415958944,424
no_exact_mass,9,9042,random,0.3457062317,0.5870479608,0.9253323684,0.1818506588,0.0015457438,0.3546385743,424
domain_permuted,9,9042,random,0.4325180932,0.7121311041,0.8901234236,0.2786304496,-0.0442189719,,424
domain_permuted_piecewise,9,9042,random,0.4297648589,0.7096677142,0.8908822746,0.2608441442,-0.0462773883,,424
