config,mae_mean,mae_sd,mae_min,mae_max,rmse_mean,r2_mean,r2_sd,n_repeats,split_mode
domain_expert,0.33498577512,0.026471039238417537,0.2981257889,0.3831010816,0.5619024291400001,0.9332068770099999,0.011358447465427858,10,random
full_rceg,0.33801820291,0.023427515714113643,0.3047867338,0.3745600639,0.54794209473,0.93647741212,0.010014249398405669,10,random
piecewise_split,0.33840389939,0.025760630335614106,0.2988545034,0.3858821715,0.57397925605,0.93013917598,0.012908990150033967,10,random
no_exact_mass,0.34666159427,0.027417840526143464,0.3080892398,0.3960367266,0.58362602677,0.9278877550699999,0.012695189368983235,10,random
global_et,0.34751854179,0.02736264285797187,0.3098647492,0.3975436015,0.58499450715,0.92756428396,0.012700905886662358,10,random
global_rf,0.34898274137,0.02523047062708652,0.3174441332,0.4009135884,0.57777689852,0.92929732155,0.012317736523107624,10,random
global_mean,0.36149161766,0.026073611356377716,0.3295591762,0.4144659524,0.59002529513,0.92621118641,0.013417124468353967,10,random
global_hgb,0.40472196821999995,0.024241430590123222,0.378804706,0.4555450364,0.63328793471,0.91483254383,0.015844474951825498,10,random
domain_permuted_piecewise,0.43655123658,0.02262820837936015,0.4034272413,0.4808633441,0.67493516531,0.90331171792,0.015128848020592589,10,random
domain_permuted,0.44032832753999995,0.026056103066857107,0.4030556199,0.4911116401,0.6794468285099999,0.90194042402,0.01647554014065237,10,random
global_ridge,0.68424562444,0.02408069730020618,0.6500888612,0.7252295873,0.92204902492,0.81984460412,0.020001992386424007,10,random
