config,repeat,seed,n_features,test_mae,test_rmse,test_r2
full,0,42,427,0.3858821715,0.7128196114,0.9125095076
drop_x0_x4,0,42,422,0.3858622763,0.713627149,0.9123111632
drop_x2_x4,0,42,424,0.3865852694,0.7137891193,0.9122713536
full,1,1042,427,0.3391333518,0.6381830177,0.9203504219
drop_x0_x4,1,1042,422,0.340215672,0.6390158345,0.9201424039
drop_x2_x4,1,1042,424,0.3409811907,0.6417290533,0.9194628241
full,2,2042,427,0.3336355793,0.5958072534,0.9158100521
drop_x0_x4,2,2042,422,0.3362170937,0.5982758244,0.9151109689
drop_x2_x4,2,2042,424,0.3367398932,0.5977223706,0.9152679548
full,3,3042,427,0.327601417,0.5187811588,0.943851647
drop_x0_x4,3,3042,422,0.3285688015,0.5195763745,0.9436793807
drop_x2_x4,3,3042,424,0.3275502564,0.5188714329,0.9438321044
full,4,4042,427,0.3178709487,0.5030805012,0.9443361184
drop_x0_x4,4,4042,422,0.3187776933,0.50246082,0.9444731645
drop_x2_x4,4,4042,424,0.3193391137,0.5037821064,0.9441807504
full,5,5042,427,0.3764074706,0.6097551866,0.9259761474
drop_x0_x4,5,5042,422,0.3760672178,0.6104219988,0.9258141578
drop_x2_x4,5,5042,424,0.3766764912,0.6104958573,0.9257962044
full,6,6042,427,0.3308104271,0.543849636,0.928284603
drop_x0_x4,6,6042,422,0.328426511,0.5412407978,0.928970988
drop_x2_x4,6,6042,424,0.3292468175,0.5396557921,0.9293863911
full,7,7042,427,0.3303542922,0.532337122,0.9393186117
drop_x0_x4,7,7042,422,0.3286236005,0.529656143,0.939928285
drop_x2_x4,7,7042,424,0.3299904398,0.5304915367,0.9397386408
full,8,8042,427,0.2988545034,0.4871452221,0.9484430597
drop_x0_x4,8,8042,422,0.3003378863,0.4905185031,0.9477265662
drop_x2_x4,8,8042,424,0.2996923975,0.4891310736,0.9480218583
full,9,9042,427,0.3434888323,0.5980338513,0.922511591
drop_x0_x4,9,9042,422,0.3421456627,0.5929562194,0.9238218422
drop_x2_x4,9,9042,424,0.3427558842,0.5973258952,0.9226949449
