set,domain,n,mean_off,sd_across_repeats,within_sd,k
calibration,qm9_like_small_organic,789.4,5.205435125341613,0.05255489969005533,1.8150828411014897,0
calibration,near_qm9_larger_organic,61.0,5.404113697115173,0.07649614408014595,1.8264511460427282,1
calibration,large_neutral_organic,135.6,4.982687698402762,0.09224432381206592,1.4637454294678827,2
calibration,heteroatom_rich_non_qm9,140.9,4.759630503447199,0.07694475094849378,1.676307032556331,3
calibration,charged_or_radical,147.1,6.396224996257204,0.18659313435551925,2.222916659233304,4
held_out,qm9_like_small_organic,523.6,5.225725884855663,0.07937899871627255,1.827905657685628,0
held_out,near_qm9_larger_organic,39.0,5.349319886373187,0.11260398737325497,1.798733963794211,1
held_out,large_neutral_organic,91.4,4.914750249092261,0.13637624863908085,1.4351361274411043,2
held_out,heteroatom_rich_non_qm9,93.1,4.737232738082577,0.12277149952043082,1.605214442383224,3
held_out,charged_or_radical,101.9,6.613059338012216,0.25959582821967736,2.2809248611387813,4
