mol_id,domain,charge,multiplicity,basis,gap_uff_singlepoint,gap_b3lyp_optimized,delta_gap,n_opt_steps,converged,wall_seconds,failure_reason,error,homo_ev,lumo_ev
pqr_0010,charged_or_radical,1,1,"6-31G(d,p)",2.8049056450911927,,,,False,8509.61,geometry_optimization_failure,OptimizationConvergenceError: Could not converge geometry optimization in 50 iterations.,,
pqr_0016,charged_or_radical,1,1,def2-SVP,4.000040544462368,,,,False,267.35,other,OptError: Maximum dynamic_level reached.,,
pqr_0055,charged_or_radical,1,2,def2-SVP,0.5469998846062025,1.6415161855964682,1.0945163009902656,-1.0,True,7690.11,,,-8.88984608969998,-7.24832990410351
pqr_0095,charged_or_radical,1,1,"6-31G(d,p)",2.605719905637569,,,,False,6533.45,geometry_optimization_failure,OptimizationConvergenceError: Could not converge geometry optimization in 50 iterations.,,
pqr_0099,charged_or_radical,1,1,"6-31G(d,p)",4.041076559689276,4.570136659008715,0.5290600993194392,-1.0,True,907.58,,,-9.524969443313637,-4.954832784304922
pqr_0111,charged_or_radical,0,2,def2-SVP,0.7399184294730871,,,,False,11052.77,geometry_optimization_failure,OptimizationConvergenceError: Could not converge geometry optimization in 50 iterations.,,
pqr_0177,charged_or_radical,1,2,def2-SVP,0.5124811465415923,,,,False,7114.19,geometry_optimization_failure,OptimizationConvergenceError: Could not converge geometry optimization in 50 iterations.,,
pqr_0232,charged_or_radical,1,1,"6-31G(d,p)",5.819237161069935,6.173591913687823,0.35435475261788785,-1.0,True,1233.53,,,-9.731417650434656,-3.5578257367468322
pqr_0233,charged_or_radical,1,2,def2-SVP,0.946483173625038,,,,False,165.79,scf_failure,SCFConvergenceError: Could not converge SCF iterations in 100 iterations.,,
pqr_0235,charged_or_radical,1,1,"6-31G(d,p)",6.0758369015611695,6.086039311446667,0.010202409885497588,-1.0,True,820.52,,,-9.775553814948955,-3.6895145035022887
pqr_0271,heteroatom_rich_non_qm9,0,1,def2-SVP,4.898001940414548,5.280851551643777,0.3828496112292292,-1.0,True,591.46,,,-7.418251571258228,-2.137400019614451
pqr_0325,heteroatom_rich_non_qm9,0,1,def2-SVP,4.945645676481679,4.941670482064431,-0.00397519441724814,-1.0,True,2682.13,,,-5.674215945649562,-0.7325454635851308
pqr_0328,heteroatom_rich_non_qm9,0,1,def2-SVP,3.123746600242831,3.6475235116029037,0.5237769113600725,-1.0,True,1591.35,,,-5.988039312816835,-2.340515801213931
pqr_0331,heteroatom_rich_non_qm9,0,1,def2-SVP,4.251511038102794,4.350918628305302,0.09940759020250844,-1.0,True,1273.43,,,-6.074508158145525,-1.7235895298402217
pqr_0382,heteroatom_rich_non_qm9,0,1,def2-SVP,3.591363892996795,4.0588783563939685,0.4675144633971735,-1.0,True,2384.2,,,-6.342301283341619,-2.2834229269476514
pqr_0399,heteroatom_rich_non_qm9,0,1,def2-SVP,5.048766371363308,5.235397611657608,0.18663124029430023,-1.0,True,454.92,,,-6.43482529674067,-1.1994276850830614
pqr_0423,heteroatom_rich_non_qm9,0,1,def2-SVP,5.663243799188607,,,,False,25498.47,geometry_optimization_failure,OptimizationConvergenceError: Could not converge geometry optimization in 50 iterations.,,
pqr_0432,heteroatom_rich_non_qm9,0,1,def2-SVP,4.321614171101393,4.549356312236528,0.2277421411351348,-1.0,True,128.49,,,-6.150651372577521,-1.6012950603409937
pqr_0466,heteroatom_rich_non_qm9,0,1,def2-SVP,7.278097830901927,7.301161000643537,0.0230631697416106,-1.0,True,45.54,,,-6.3766265272575025,0.9245344733860339
pqr_0486,heteroatom_rich_non_qm9,0,1,def2-SVP,6.564732014063256,7.3917912309326805,0.8270592168694249,-1.0,True,1144.58,,,-6.217635212151959,1.1741560187807216
pqr_0528,large_neutral_organic,0,1,"6-31G(d,p)",2.883715891815617,2.9554620541023944,0.07174616228677744,-1.0,True,10188.5,,,-5.487856036764621,-2.532393982662227
pqr_0543,large_neutral_organic,0,1,"6-31G(d,p)",2.671069788913888,2.770946068907751,0.09987627999386284,-1.0,True,8312.15,,,-5.572559836204638,-2.8016137672968875
pqr_0606,large_neutral_organic,0,1,"6-31G(d,p)",4.234748185918114,4.436713573392988,0.20196538747487391,-1.0,True,1793.65,,,-5.679678428242122,-1.2429648548491325
pqr_0608,large_neutral_organic,0,1,"6-31G(d,p)",5.016558884075426,5.354472301022053,0.3379134169466269,-1.0,True,3865.58,,,-5.329396212794137,0.02507608822791649
pqr_0672,large_neutral_organic,0,1,"6-31G(d,p)",4.202832524968139,,,,False,5561.91,geometry_optimization_failure,OptimizationConvergenceError: Could not converge geometry optimization in 50 iterations.,,
pqr_0683,large_neutral_organic,0,1,"6-31G(d,p)",5.4151065591351735,5.960938261533327,0.5458317023981536,-1.0,True,2865.93,,,-6.132891910479467,-0.17195364894613913
pqr_0689,large_neutral_organic,0,1,"6-31G(d,p)",4.685221796743756,,,,False,16597.9,geometry_optimization_failure,OptimizationConvergenceError: Could not converge geometry optimization in 50 iterations.,,
pqr_0706,large_neutral_organic,0,1,"6-31G(d,p)",6.047888468469974,,,,False,12702.93,geometry_optimization_failure,OptimizationConvergenceError: Could not converge geometry optimization in 50 iterations.,,
pqr_0725,large_neutral_organic,0,1,"6-31G(d,p)",5.592031940559807,,,,False,6344.91,geometry_optimization_failure,OptimizationConvergenceError: Could not converge geometry optimization in 50 iterations.,,
pqr_0726,large_neutral_organic,0,1,"6-31G(d,p)",4.700346834460143,4.694176844587304,-0.006169989872839565,-1.0,True,10946.25,,,-5.3761073514729585,-0.6819305068856549
pqr_0766,near_qm9_larger_organic,0,1,"6-31G(d,p)",4.169236896684441,4.843708595895112,0.6744716992106712,-1.0,True,403.09,,,-5.939731877942706,-1.0960232820475946
pqr_0778,near_qm9_larger_organic,0,1,"6-31G(d,p)",5.567688570999722,5.6880941726257195,0.12040560162599778,-1.0,True,919.19,,,-5.24919699994039,0.4388971726853303
pqr_0786,near_qm9_larger_organic,0,1,"6-31G(d,p)",4.751457932137247,4.9317394926997284,0.18028156056248168,-1.0,True,735.95,,,-6.509352840998626,-1.5776133482988977
pqr_0787,near_qm9_larger_organic,0,1,"6-31G(d,p)",5.681356805228642,,,,False,2301.8,geometry_optimization_failure,OptimizationConvergenceError: Could not converge geometry optimization in 50 iterations.,,
pqr_0792,near_qm9_larger_organic,0,1,"6-31G(d,p)",5.294271801906494,6.05988062018274,0.7656088182762462,-1.0,True,667.66,,,-5.934271429760707,0.12560919042203375
pqr_0793,near_qm9_larger_organic,0,1,"6-31G(d,p)",6.256153996079619,6.33809223792231,0.08193824184269083,-1.0,True,37.38,,,-6.334186866890552,0.0039053710317581954
pqr_0801,near_qm9_larger_organic,0,1,"6-31G(d,p)",5.358015507152901,,,,False,722.93,geometry_optimization_failure,OptimizationConvergenceError: Could not converge geometry optimization in 50 iterations.,,
pqr_0819,near_qm9_larger_organic,0,1,"6-31G(d,p)",6.434325649368834,7.188595715522426,0.7542700661535919,-1.0,True,1335.95,,,-7.14908006242077,0.03951565310165584
pqr_0830,near_qm9_larger_organic,0,1,"6-31G(d,p)",8.55692896529285,8.69398178187195,0.13705281657910007,-1.0,True,452.63,,,-6.783420807101576,1.9105609747703725
pqr_0843,near_qm9_larger_organic,0,1,"6-31G(d,p)",8.030435542928963,8.155049423443568,0.12461388051460531,-1.0,True,1740.54,,,-6.511696961152252,1.6433524622913178
pqr_0873,qm9_like_small_organic,0,1,"6-31G(d,p)",5.527939925288954,6.035418132132072,0.5074782068431185,-1.0,True,57.55,,,-7.268830342245531,-1.2334122101134584
pqr_0877,qm9_like_small_organic,0,1,"6-31G(d,p)",6.545232925195752,7.03954368836241,0.49431076316665745,-1.0,True,174.34,,,-6.279912235757285,0.7596314526051252
pqr_0892,qm9_like_small_organic,0,1,"6-31G(d,p)",6.939199295739644,7.512032951492158,0.5728336557525147,-1.0,True,30.9,,,-6.544367506258795,0.967665445233364
pqr_0907,qm9_like_small_organic,0,1,"6-31G(d,p)",6.535851652130912,7.335632912566307,0.7997812604353953,-1.0,True,94.9,,,-7.1167507699633585,0.21888214260294883
pqr_0908,qm9_like_small_organic,0,1,"6-31G(d,p)",3.761481381184257,7.3521992517805135,3.5907178705962566,-1.0,True,134.41,,,-7.174133289252523,0.17806596252799067
pqr_0910,qm9_like_small_organic,0,1,"6-31G(d,p)",6.821347689468635,6.872510205579426,0.05116251611079026,-1.0,True,550.87,,,-5.207185725473912,1.6653244801055145
pqr_0914,qm9_like_small_organic,0,1,"6-31G(d,p)",7.156337350493938,8.01173215234359,0.8553948018496529,-1.0,True,132.77,,,-5.748486614135575,2.2632455382080154
pqr_0919,qm9_like_small_organic,0,1,"6-31G(d,p)",7.921137038966716,7.818656858359742,-0.10248018060697373,-1.0,True,16.16,,,-7.066259682782217,0.7523971755775247
pqr_0931,qm9_like_small_organic,0,1,"6-31G(d,p)",7.594457041836642,7.785221637466616,0.1907645956299744,-1.0,True,44.38,,,-5.651114952242293,2.134106685224323
pqr_0936,qm9_like_small_organic,0,1,"6-31G(d,p)",8.706883235815928,8.986030531558521,0.2791472957425931,-1.0,True,33.94,,,-7.135290106457043,1.8507404251014792
