domain,mol_id,n_heavy_atoms,mode,median_ms,mean_ms,p10_ms,p90_ms,min_ms,n,threads,cpu_model,logical_cores
charged_or_radical,pqr_0166,22,single_molecule,9.794624987989664,10.014680870808661,9.545841091312468,10.927525092847645,9.47445910423994,50,1,Apple M4 Pro,12
heteroatom_rich_non_qm9,pqr_0399,18,single_molecule,9.582728962413967,9.77366323582828,9.462674707174301,10.291437339037657,9.43795801140368,50,1,Apple M4 Pro,12
large_neutral_organic,pqr_0502,27,single_molecule,9.71549958921969,9.869469976983964,9.614207991398871,10.12703781016171,9.469083976000547,50,1,Apple M4 Pro,12
near_qm9_larger_organic,pqr_0845,14,single_molecule,9.61116689722985,9.774946626275778,9.557599667459726,10.39198748767376,9.539332939311862,50,1,Apple M4 Pro,12
qm9_like_small_organic,pqr_0871,8,single_molecule,9.571187547408044,9.721785015426576,9.458141564391553,10.303492052480578,9.397416841238737,50,1,Apple M4 Pro,12
charged_or_radical,pqr_0166,22,batched_1000,0.10205508302897215,0.10218489984981716,0.10182355823926628,0.10292003760114313,0.10142133291810751,10,1,Apple M4 Pro,12
heteroatom_rich_non_qm9,pqr_0399,18,batched_1000,0.13053212501108646,0.13025815007276834,0.1291628671111539,0.13098171649035067,0.1290499169845134,10,1,Apple M4 Pro,12
large_neutral_organic,pqr_0502,27,batched_1000,0.13289285462815315,0.1328291542129591,0.13202910390682518,0.1336844794685021,0.13150954199954867,10,1,Apple M4 Pro,12
near_qm9_larger_organic,pqr_0845,14,batched_1000,0.11406379146501422,0.11490256660617888,0.11375556695275009,0.11623573724646122,0.11357804201543331,10,1,Apple M4 Pro,12
qm9_like_small_organic,pqr_0871,8,batched_1000,0.07343152048997581,0.07353718739468604,0.07308426226954907,0.07401516244281084,0.07308025006204844,10,1,Apple M4 Pro,12
