repeat,seed,n_test,calibration_stage1_mae,piecewise_split_mae,domain_expert_mae
0,42,424,0.3802967858,0.3858821715,0.3831010816
1,1042,424,0.3236446319,0.3391333518,0.3341189542
2,2042,424,0.3241286476,0.3336355793,0.3329332337
3,3042,424,0.3232991028,0.327601417,0.326111593
4,4042,424,0.2991183318,0.3178709487,0.3196375558
5,5042,424,0.3666580322,0.3764074706,0.3784273031
6,6042,424,0.3122222511,0.3308104271,0.3152714625
7,7042,424,0.3194898072,0.3303542922,0.329213446
8,8042,424,0.2891010762,0.2988545034,0.2981257889
9,9042,424,0.3299795568,0.3434888323,0.3329173324
