repeat,config,mae,rmse,r2,median_abs_error,mean_signed_error,n,val_mae
0,piecewise_split,0.3858821715,0.7128196114,0.9125095076,0.1942153045,0.0520349308,424,0.3644610588
0,domain_expert,0.3831010816,0.6948415044,0.9168670704,0.1993849262,0.0495874136,424,0.3665796176
1,piecewise_split,0.3391333518,0.6381830177,0.9203504219,0.1820970644,-0.0457767463,424,0.3389570526
1,domain_expert,0.3341189542,0.6247346064,0.9236719582,0.1715255226,-0.0461839132,424,0.3372235189
2,piecewise_split,0.3336355793,0.5958072534,0.9158100521,0.1811590021,-0.0295118117,424,0.3478988027
2,domain_expert,0.3329332337,0.5827320078,0.919464675,0.1797753712,-0.0282378514,424,0.3475558263
3,piecewise_split,0.327601417,0.5187811588,0.943851647,0.1595875109,0.0228284905,424,0.3302536071
3,domain_expert,0.326111593,0.5168118174,0.9442771266,0.1575186919,0.0209760995,424,0.3310751821
4,piecewise_split,0.3178709487,0.5030805012,0.9443361184,0.1814249112,0.0335258283,424,0.3521945759
4,domain_expert,0.3196375558,0.5065616959,0.943563092,0.1783914615,0.0347129964,424,0.3499656075
5,piecewise_split,0.3764074706,0.6097551866,0.9259761474,0.2204554092,0.0592243942,424,0.3691525936
5,domain_expert,0.3784273031,0.6170615775,0.9241915375,0.2282469549,0.0606088151,424,0.3667819837
6,piecewise_split,0.3308104271,0.543849636,0.928284603,0.1885868782,-0.0695602874,424,0.3439392625
6,domain_expert,0.3152714625,0.4974150667,0.9400081031,0.1867422053,-0.0601774382,424,0.3409805095
7,piecewise_split,0.3303542922,0.532337122,0.9393186117,0.174427204,-4.51045e-05,424,0.3268698292
7,domain_expert,0.329213446,0.5327383067,0.9392271147,0.1603533034,-0.0004744954,424,0.3226782728
8,piecewise_split,0.2988545034,0.4871452221,0.9484430597,0.1560482497,0.0071991695,424,0.3198125404
8,domain_expert,0.2981257889,0.4889571132,0.948058824,0.1549343518,0.0071240468,424,0.3204647133
9,piecewise_split,0.3434888323,0.5980338513,0.922511591,0.1796771628,0.0041629046,424,0.3448839926
9,domain_expert,0.3329173324,0.5571705954,0.9327392686,0.1770294771,0.0095327903,424,0.3422627311
