config,domain,n,mae,mae_sd,rmse,rmse_sd,r2,r2_sd,median_abs_error,n_repeats
calibration_stage1,ALL,424.0,0.32679382234,0.02777580895125805,0.55360803894,0.07097887382964015,0.93509404785,0.012190922275888083,0.17606010989,10
calibration_stage1,charged_or_radical,49.3,0.53114677771,0.10251367372416735,0.78393094734,0.19399110074361872,0.88690387317,0.06495288648738855,0.36121101914,10
calibration_stage1,heteroatom_rich_non_qm9,46.8,0.49792071769,0.07655306487146418,0.6951182123299999,0.1259219062040939,0.53159454102,0.20938552725567788,0.39367096092000003,10
calibration_stage1,large_neutral_organic,43.9,0.47356610734000004,0.06715383076429395,0.62464718825,0.07999669307906078,0.63333876839,0.11357682232076499,0.36852676497000003,10
calibration_stage1,near_qm9_larger_organic,19.9,0.37286475405999997,0.05323210809314393,0.45183057126000004,0.06627015690735585,0.86226843286,0.05617979351038252,0.33329763383,10
calibration_stage1,qm9_like_small_organic,264.1,0.22780339256999999,0.025041919248030096,0.43451708563,0.11213591362268976,0.9197520990600001,0.03504389333114105,0.11258594388000001,10
domain_expert,ALL,424.0,0.33498577512,0.026471039238417537,0.5619024291400001,0.06711964323181117,0.9332068770099999,0.011358447465427858,0.17939022658999998,10
domain_expert,charged_or_radical,49.3,0.53702295454,0.10417735536638012,0.77393740211,0.1659283570692696,0.8916155227200001,0.053864189446738854,0.38198093168,10
domain_expert,heteroatom_rich_non_qm9,46.8,0.52927555985,0.06686151415019599,0.73119088385,0.10787437429465704,0.48991509505,0.1976995978786214,0.43037569463,10
domain_expert,large_neutral_organic,43.9,0.48102389546,0.06515895027172962,0.63555888964,0.07662941123255747,0.6209773895799999,0.11320872021757442,0.39225886372,10
domain_expert,near_qm9_larger_organic,19.9,0.38855259963,0.05223657899108206,0.46996383682,0.0617133503025909,0.85132981572,0.056568162196242895,0.36806109725999997,10
domain_expert,qm9_like_small_organic,264.1,0.23191627860000003,0.023693786291502657,0.44375463161999995,0.10924989555168936,0.91659812671,0.03453550347875808,0.11457450853,10
piecewise_split,ALL,424.0,0.33840389939,0.025760630335614106,0.57397925605,0.06991204289464312,0.93013917598,0.012908990150033967,0.1817678697,10
piecewise_split,charged_or_radical,49.3,0.53732407602,0.10562482357055025,0.7812107778499999,0.17783126574068103,0.88844257798,0.058816899801738765,0.36784035647,10
piecewise_split,heteroatom_rich_non_qm9,46.8,0.5294770996,0.06605762611254423,0.73090260667,0.10589636148575397,0.49025200050999995,0.19786264434257037,0.43446097081,10
piecewise_split,large_neutral_organic,43.9,0.48039902934,0.06494634660632118,0.63530038785,0.07810585963655664,0.62129457015,0.11269101064920832,0.38524409789999997,10
piecewise_split,near_qm9_larger_organic,19.9,0.38908734507,0.05136240588237527,0.47114256893000006,0.06082048182653847,0.85034411778,0.05699107863222328,0.36631800721999996,10
piecewise_split,qm9_like_small_organic,264.1,0.23736315603999997,0.025408030836448877,0.46414416225000005,0.11450246874206679,0.90880797601,0.036850188923729356,0.11610828764,10
