repeat,config,domain,n,mae,rmse,r2,median_abs_error,mean_signed_error
0,piecewise_split,charged_or_radical,57,0.7328577181,1.0946548627,0.7799062633,0.4579490497,0.6148190527
0,piecewise_split,heteroatom_rich_non_qm9,51,0.5395077998,0.7093650461,0.6028628624,0.4978809326,-0.0404291045
0,piecewise_split,large_neutral_organic,42,0.5046081592,0.6479953173,0.7163539774,0.4242052266,-0.0825190219
0,piecewise_split,near_qm9_larger_organic,20,0.4481138801,0.5431271651,0.8099920699,0.3745740546,-0.1142453816
0,piecewise_split,qm9_like_small_organic,254,0.2526394988,0.6209576727,0.8595556611,0.1174046562,-0.0203515136
0,piecewise_split,ALL,424,0.3858821715,0.7128196114,0.9125095076,0.1942153045,0.0520349308
0,domain_expert,charged_or_radical,57,0.7144939952,1.0388323014,0.8017815149,0.4580109104,0.5956431333
0,domain_expert,heteroatom_rich_non_qm9,51,0.5396763165,0.7107535462,0.6013066406,0.4904445465,-0.0412809935
0,domain_expert,large_neutral_organic,42,0.5097681661,0.6549357298,0.7102454056,0.4242506749,-0.0883819366
0,domain_expert,near_qm9_larger_organic,20,0.4471885373,0.5409373352,0.8115211639,0.3751784307,-0.1109895143
0,domain_expert,qm9_like_small_organic,254,0.2513038386,0.6069313725,0.8658287652,0.1201885559,-0.019249736
0,domain_expert,ALL,424,0.3831010816,0.6948415044,0.9168670704,0.1993849262,0.0495874136
0,calibration_stage1,charged_or_radical,57,0.720618247,1.1373011125,0.7624231113,0.4642972219,0.6087801511
0,calibration_stage1,heteroatom_rich_non_qm9,51,0.5166929924,0.6817758926,0.633153641,0.4406555186,-0.0516372802
0,calibration_stage1,large_neutral_organic,42,0.4789147408,0.6536690805,0.7113650958,0.3614108598,-0.0876553382
0,calibration_stage1,near_qm9_larger_organic,20,0.4172827464,0.5037627698,0.8365364927,0.3561596526,-0.1274451455
0,calibration_stage1,qm9_like_small_organic,254,0.257319608,0.5946755536,0.8711927187,0.1343716941,-0.0125742859
0,calibration_stage1,ALL,424,0.3802967858,0.7042297242,0.9146054242,0.189383775,0.0534025273
1,piecewise_split,charged_or_radical,42,0.4936319523,0.7874952868,0.8862938474,0.2782230121,0.2418728527
1,piecewise_split,heteroatom_rich_non_qm9,44,0.540464576,0.7389346367,0.6015802905,0.466549696,-0.2606584397
1,piecewise_split,large_neutral_organic,54,0.3840140485,0.5174919326,0.6674286689,0.3073231133,-0.0225384386
1,piecewise_split,near_qm9_larger_organic,17,0.3579863814,0.4589214822,0.9129116525,0.3479883515,-0.2040887595
1,piecewise_split,qm9_like_small_organic,267,0.2713746469,0.6258265684,0.8588872409,0.1315202238,-0.0502338739
1,piecewise_split,ALL,424,0.3391333518,0.6381830177,0.9203504219,0.1820970644,-0.0457767463
1,domain_expert,charged_or_radical,42,0.4885002551,0.7591708356,0.8943262619,0.2910001609,0.2348517241
1,domain_expert,heteroatom_rich_non_qm9,44,0.5413019019,0.7458747644,0.5940611719,0.4495645415,-0.2623570587
1,domain_expert,large_neutral_organic,54,0.3803507006,0.5149634973,0.6706705778,0.3266762491,-0.0267019709
1,domain_expert,near_qm9_larger_organic,17,0.3617413889,0.4620493758,0.9117204622,0.3481351931,-0.2073300839
1,domain_expert,qm9_like_small_organic,267,0.2645827743,0.6084614033,0.866609666,0.125916346,-0.0484476523
1,domain_expert,ALL,424,0.3341189542,0.6247346064,0.9236719582,0.1715255226,-0.0461839132
1,calibration_stage1,charged_or_radical,42,0.4760521452,0.7056250031,0.9087073191,0.3183054444,0.2203937658
1,calibration_stage1,heteroatom_rich_non_qm9,44,0.4603000571,0.6320472642,0.7085071691,0.3835757445,-0.2371316534
1,calibration_stage1,large_neutral_organic,54,0.4063919315,0.5076955887,0.6799009238,0.348816861,-0.0447687552
1,calibration_stage1,near_qm9_larger_organic,17,0.340494978,0.4346239365,0.9218892951,0.3193111261,-0.1865208812
1,calibration_stage1,qm9_like_small_organic,267,0.2593421438,0.6061702373,0.8676123393,0.106678661,-0.0421403912
1,calibration_stage1,ALL,424,0.3236446319,0.6021316267,0.9290951617,0.1751882274,-0.0424931764
2,piecewise_split,charged_or_radical,37,0.4563506398,0.5917059585,0.948471355,0.3642192835,0.1821979719
2,piecewise_split,heteroatom_rich_non_qm9,43,0.4609547707,0.5732147538,0.678126049,0.4373678156,-0.0344607483
2,piecewise_split,large_neutral_organic,40,0.5462668164,0.6850112321,0.6673832519,0.4816675598,-0.2836211705
2,piecewise_split,near_qm9_larger_organic,24,0.38790004,0.4991109719,0.8734069553,0.3099475994,-0.1958335381
2,piecewise_split,qm9_like_small_organic,280,0.26283994,0.5936655649,0.8616203163,0.1166370702,-0.0061702472
2,piecewise_split,ALL,424,0.3336355793,0.5958072534,0.9158100521,0.1811590021,-0.0295118117
2,domain_expert,charged_or_radical,37,0.4576018087,0.5915724316,0.9484946087,0.3775006134,0.1795417832
2,domain_expert,heteroatom_rich_non_qm9,43,0.4616780847,0.5716563041,0.6798738842,0.4409791384,-0.0364208951
2,domain_expert,large_neutral_organic,40,0.5490363694,0.6892478079,0.6632562724,0.4788156632,-0.2810495975
2,domain_expert,near_qm9_larger_organic,24,0.3886950706,0.4994023759,0.8732590904,0.3139482767,-0.1952780331
2,domain_expert,qm9_like_small_organic,280,0.2610361787,0.5731861277,0.8710028967,0.1162818375,-0.0040040706
2,domain_expert,ALL,424,0.3329332337,0.5827320078,0.919464675,0.1797753712,-0.0282378514
2,calibration_stage1,charged_or_radical,37,0.4798657301,0.6214721947,0.9431565744,0.429460829,0.1700600446
2,calibration_stage1,heteroatom_rich_non_qm9,43,0.420680158,0.5103499235,0.7448549078,0.4284357024,-0.0696426877
2,calibration_stage1,large_neutral_organic,40,0.5533078632,0.6813903698,0.6708902788,0.4691349821,-0.3067475526
2,calibration_stage1,near_qm9_larger_organic,24,0.387061132,0.4900768058,0.8779482787,0.3341580096,-0.1905356728
2,calibration_stage1,qm9_like_small_organic,280,0.2505874503,0.5671576462,0.8737020798,0.1274859775,-0.0048685814
2,calibration_stage1,ALL,424,0.3241286476,0.5744007957,0.9217510111,0.1857203651,-0.0351612617
3,piecewise_split,charged_or_radical,59,0.4949508675,0.6949507356,0.9002809597,0.3341345364,0.2811123002
3,piecewise_split,heteroatom_rich_non_qm9,51,0.5891756508,0.7567688745,0.4649698406,0.4666961612,0.0978844847
3,piecewise_split,large_neutral_organic,41,0.5341512761,0.6662210007,0.3286754593,0.4218140081,-0.3115559777
3,piecewise_split,near_qm9_larger_organic,23,0.3751344663,0.4332904657,0.9098908875,0.374745223,-0.0282409593
3,piecewise_split,qm9_like_small_organic,250,0.1964985856,0.3682106863,0.9375913775,0.0846987354,0.0060995308
3,piecewise_split,ALL,424,0.327601417,0.5187811588,0.943851647,0.1595875109,0.0228284905
3,domain_expert,charged_or_radical,59,0.4904121063,0.6867958395,0.9026075337,0.3263785699,0.2773375532
3,domain_expert,heteroatom_rich_non_qm9,51,0.589890145,0.7580107253,0.4632124407,0.4547728839,0.09598297
3,domain_expert,large_neutral_organic,41,0.5392951526,0.6696170466,0.3218138932,0.4427299585,-0.3177934525
3,domain_expert,near_qm9_larger_organic,23,0.3773755539,0.4356617075,0.9089019197,0.3859232785,-0.0257831158
3,domain_expert,qm9_like_small_organic,250,0.1938474591,0.3653247331,0.9385658334,0.0850818482,0.0050334491
3,domain_expert,ALL,424,0.326111593,0.5168118174,0.9442771266,0.1575186919,0.0209760995
3,calibration_stage1,charged_or_radical,59,0.4962322053,0.70554576,0.8972172046,0.3324699504,0.2822664387
3,calibration_stage1,heteroatom_rich_non_qm9,51,0.5804049472,0.7338681625,0.4968611707,0.4453342342,0.0687535531
3,calibration_stage1,large_neutral_organic,41,0.5370299895,0.6599635858,0.3412269356,0.4631491727,-0.2966080724
3,calibration_stage1,near_qm9_larger_organic,23,0.3503220094,0.4141117112,0.9176913512,0.3415559773,-0.0036724617
3,calibration_stage1,qm9_like_small_organic,250,0.1924993256,0.3574462335,0.9411870085,0.0948196583,-0.0015244001
3,calibration_stage1,ALL,424,0.3232991028,0.5106885805,0.9455897245,0.1609718146,0.0177680507
4,piecewise_split,charged_or_radical,51,0.4719797566,0.6789789848,0.942256366,0.344334074,0.2234821796
4,piecewise_split,heteroatom_rich_non_qm9,44,0.5966984408,0.7707666894,0.5885039463,0.5452937513,-0.0283851966
4,piecewise_split,large_neutral_organic,33,0.4616709047,0.6121574558,0.6334481903,0.291946015,-0.1845135384
4,piecewise_split,near_qm9_larger_organic,16,0.336974958,0.4015710922,0.8108153185,0.3444494886,-0.0593026375
4,piecewise_split,qm9_like_small_organic,280,0.2279458718,0.3905695544,0.934777674,0.1219061559,0.0396574916
4,piecewise_split,ALL,424,0.3178709487,0.5030805012,0.9443361184,0.1814249112,0.0335258283
4,domain_expert,charged_or_radical,51,0.4832235945,0.6865105846,0.9409682142,0.3444071184,0.2288405228
4,domain_expert,heteroatom_rich_non_qm9,44,0.5948937575,0.770161502,0.5891498862,0.5595680586,-0.0331255236
4,domain_expert,large_neutral_organic,33,0.463485949,0.6151234535,0.6298875846,0.2943638048,-0.1901134848
4,domain_expert,near_qm9_larger_organic,16,0.333132124,0.3974420533,0.8146857909,0.3357312844,-0.0576624046
4,domain_expert,qm9_like_small_organic,280,0.2288623025,0.3948414458,0.9333431207,0.1194343502,0.0417903941
4,domain_expert,ALL,424,0.3196375558,0.5065616959,0.943563092,0.1783914615,0.0347129964
4,calibration_stage1,charged_or_radical,51,0.4709385921,0.6737907446,0.9431354602,0.3463377189,0.2246603622
4,calibration_stage1,heteroatom_rich_non_qm9,44,0.5501496635,0.7398745676,0.6208282278,0.4274258092,-0.0712572148
4,calibration_stage1,large_neutral_organic,33,0.476824684,0.6367032158,0.6034635009,0.2919408321,-0.1688481443
4,calibration_stage1,near_qm9_larger_organic,16,0.3117989176,0.3671169078,0.8418861703,0.3153708029,-0.0684393018
4,calibration_stage1,qm9_like_small_organic,280,0.2067061502,0.3513000322,0.9472337915,0.101485894,0.0376830846
4,calibration_stage1,ALL,424,0.2991183318,0.4791145137,0.9495132782,0.1547130281,0.0287891677
5,piecewise_split,charged_or_radical,64,0.7337026098,1.0298620214,0.8178720512,0.4864392558,0.4621332472
5,piecewise_split,heteroatom_rich_non_qm9,46,0.5499668379,0.7809297696,0.3299398041,0.3855836172,0.2133656332
5,piecewise_split,large_neutral_organic,53,0.4790281926,0.6933483479,0.6306475658,0.3501952295,-0.007555978
5,piecewise_split,near_qm9_larger_organic,17,0.3237377085,0.3665540073,0.8610648774,0.3924406739,-0.0867125798
5,piecewise_split,qm9_like_small_organic,244,0.2313495522,0.3730043869,0.9353271093,0.1239905628,-0.0508427178
5,piecewise_split,ALL,424,0.3764074706,0.6097551866,0.9259761474,0.2204554092,0.0592243942
5,domain_expert,charged_or_radical,64,0.7485937153,1.0560134228,0.8085050226,0.5075294119,0.4795742836
5,domain_expert,heteroatom_rich_non_qm9,46,0.5491971453,0.77982189,0.3318396406,0.3901340781,0.2120826185
5,domain_expert,large_neutral_organic,53,0.4795864328,0.695215718,0.6286553595,0.3675478122,-0.005137641
5,domain_expert,near_qm9_larger_organic,17,0.3167042149,0.3604225516,0.8656740196,0.3922138794,-0.0910756125
5,domain_expert,qm9_like_small_organic,244,0.2314674486,0.3747984313,0.934703497,0.1194926879,-0.0529911337
5,domain_expert,ALL,424,0.3784273031,0.6170615775,0.9241915375,0.2282469549,0.0606088151
5,calibration_stage1,charged_or_radical,64,0.7181850115,1.0252093,0.819513973,0.4283923353,0.4556954592
5,calibration_stage1,heteroatom_rich_non_qm9,46,0.5027034456,0.7656401061,0.3559208923,0.3745610914,0.2125042623
5,calibration_stage1,large_neutral_organic,53,0.4701629112,0.6692617099,0.6558641218,0.3405623445,0.0036469563
5,calibration_stage1,near_qm9_larger_organic,17,0.3113515533,0.3459997605,0.8762093904,0.3088313591,-0.0720684033
5,calibration_stage1,qm9_like_small_organic,244,0.2301770317,0.3698370244,0.9364207843,0.1251100478,-0.0526706982
5,calibration_stage1,ALL,424,0.3666580322,0.6014556376,0.9279775521,0.2032271955,0.0590947663
6,piecewise_split,charged_or_radical,35,0.5147807613,0.6969126409,0.9080024846,0.3739452584,0.0633773806
6,piecewise_split,heteroatom_rich_non_qm9,44,0.3818236987,0.5163202649,0.7544087015,0.2811467821,-0.0377574892
6,piecewise_split,large_neutral_organic,46,0.5359267347,0.7042071145,0.5966762679,0.477151087,-0.1134585278
6,piecewise_split,near_qm9_larger_organic,21,0.4898839254,0.545479963,0.7249311301,0.4836350946,-0.2583375323
6,piecewise_split,qm9_like_small_organic,278,0.2536181996,0.4931851266,0.8986552711,0.1361390052,-0.0698066914
6,piecewise_split,ALL,424,0.3308104271,0.543849636,0.928284603,0.1885868782,-0.0695602874
6,domain_expert,charged_or_radical,35,0.5007138764,0.6686908871,0.9153025718,0.3785941064,0.0549175066
6,domain_expert,heteroatom_rich_non_qm9,44,0.377555226,0.5099937386,0.7603903405,0.2763697278,-0.0371712476
6,domain_expert,large_neutral_organic,46,0.5259822643,0.6918375684,0.6107207602,0.4500083233,-0.1074752294
6,domain_expert,near_qm9_larger_organic,21,0.4904083227,0.5451723444,0.7252412879,0.4816560049,-0.2603874142
6,domain_expert,qm9_like_small_organic,278,0.2339709553,0.4221973399,0.9257302077,0.1300401851,-0.0553590481
6,domain_expert,ALL,424,0.3152714625,0.4974150667,0.9400081031,0.1867422053,-0.0601774382
6,calibration_stage1,charged_or_radical,35,0.4658929601,0.6333498156,0.9240187015,0.3802991288,0.0633135957
6,calibration_stage1,heteroatom_rich_non_qm9,44,0.3377804711,0.4609895,0.8042252398,0.2385098443,-0.0485051071
6,calibration_stage1,large_neutral_organic,46,0.522519431,0.6955647684,0.6065150623,0.4000235689,-0.1070271091
6,calibration_stage1,near_qm9_larger_organic,21,0.4842978449,0.5413056952,0.7291249333,0.4444668409,-0.2427960845
6,calibration_stage1,qm9_like_small_organic,278,0.2410341423,0.4364940616,0.9206150998,0.1222715303,-0.0554574483
6,calibration_stage1,ALL,424,0.3122222511,0.4970791262,0.9400891095,0.1783966491,-0.0598051516
7,piecewise_split,charged_or_radical,51,0.4624305565,0.6098855457,0.9400689414,0.3234558676,0.2077921953
7,piecewise_split,heteroatom_rich_non_qm9,47,0.5515007656,0.8358400917,0.3661344223,0.4103399957,0.0965913322
7,piecewise_split,large_neutral_organic,46,0.5510789651,0.736940913,0.5817101296,0.4895745152,-0.1415865958
7,piecewise_split,near_qm9_larger_organic,19,0.3705393087,0.5087508799,0.8398496681,0.3028083287,-0.0272117757
7,piecewise_split,qm9_like_small_organic,261,0.2228959627,0.3838167679,0.9355997594,0.1005217396,-0.031135294
7,piecewise_split,ALL,424,0.3303542922,0.532337122,0.9393186117,0.174427204,-4.51045e-05
7,domain_expert,charged_or_radical,51,0.4748402224,0.6345395767,0.9351256983,0.4140356001,0.2166097652
7,domain_expert,heteroatom_rich_non_qm9,47,0.5523837061,0.8382493424,0.3624750094,0.397196362,0.09392867
7,domain_expert,large_neutral_organic,46,0.5516170214,0.7303432064,0.5891663584,0.5384078394,-0.14334853
7,domain_expert,near_qm9_larger_organic,19,0.3737757253,0.5098195448,0.8391761487,0.304670609,-0.0248767135
7,domain_expert,qm9_like_small_organic,261,0.2181283288,0.3780411753,0.9375233389,0.1010476303,-0.0329357916
7,domain_expert,ALL,424,0.329213446,0.5327383067,0.9392271147,0.1603533034,-0.0004744954
7,calibration_stage1,charged_or_radical,51,0.4497130695,0.6000010559,0.9419958193,0.3406345191,0.2022265904
7,calibration_stage1,heteroatom_rich_non_qm9,47,0.5612476126,0.847596573,0.3481777892,0.3869402427,0.0896115478
7,calibration_stage1,large_neutral_organic,46,0.5355623124,0.7037307827,0.6185609885,0.4533330829,-0.1302699588
7,calibration_stage1,near_qm9_larger_organic,19,0.3689853021,0.5127056828,0.8373501157,0.2304682136,-0.0221994478
7,calibration_stage1,qm9_like_small_organic,261,0.2088240874,0.351262296,0.946061027,0.0956941151,-0.0234558676
7,calibration_stage1,ALL,424,0.3194898072,0.5141963815,0.9433838888,0.1724100266,0.0046912967
8,piecewise_split,charged_or_radical,45,0.4835242214,0.687121285,0.9283894687,0.4397990501,0.0873916905
8,piecewise_split,heteroatom_rich_non_qm9,56,0.5021151796,0.8067980786,0.4353575297,0.3396378827,0.0832387498
8,piecewise_split,large_neutral_organic,39,0.3857705183,0.5125795945,0.7270408023,0.311589244,-0.0895366219
8,piecewise_split,near_qm9_larger_organic,20,0.4263168725,0.515719255,0.8925716211,0.3913367266,0.02345578
8,piecewise_split,qm9_like_small_organic,264,0.2017647037,0.3219009287,0.9539630269,0.1118254014,-0.009540665
8,piecewise_split,ALL,424,0.2988545034,0.4871452221,0.9484430597,0.1560482497,0.0071991695
8,domain_expert,charged_or_radical,45,0.4890458045,0.7179964232,0.9218093806,0.4493751745,0.0985521488
8,domain_expert,heteroatom_rich_non_qm9,56,0.5037165623,0.8091494775,0.4320614524,0.3315166157,0.0854725322
8,domain_expert,large_neutral_organic,39,0.3893677027,0.5145324397,0.7249569797,0.3023390038,-0.084970319
8,domain_expert,near_qm9_larger_organic,20,0.4233646747,0.5103617155,0.8947920627,0.3979555439,0.0218850739
8,domain_expert,qm9_like_small_organic,264,0.1990057269,0.3136557875,0.956291197,0.1113125124,-0.0125930745
8,domain_expert,ALL,424,0.2981257889,0.4889571132,0.948058824,0.1549343518,0.0071240468
8,calibration_stage1,charged_or_radical,45,0.4861717849,0.7381303736,0.917362676,0.3238663988,0.1021347385
8,calibration_stage1,heteroatom_rich_non_qm9,56,0.4778594615,0.7848135061,0.4657103428,0.3315626042,0.0607218458
8,calibration_stage1,large_neutral_organic,39,0.3559138313,0.4807088964,0.7599291524,0.2628824208,-0.0814497937
8,calibration_stage1,near_qm9_larger_organic,20,0.4082169103,0.4964126473,0.9004644996,0.3874806552,0.0324626015
8,calibration_stage1,qm9_like_small_organic,264,0.1965758277,0.3109014997,0.9570554619,0.1055944169,-0.0146124848
8,calibration_stage1,ALL,424,0.2891010762,0.4819102335,0.9495451942,0.1704221408,0.0038007092
9,piecewise_split,charged_or_radical,52,0.5290316769,0.9405404571,0.8328840425,0.2759041771,0.2999071842
9,piecewise_split,heteroatom_rich_non_qm9,42,0.5825632761,0.8200878614,0.0806365587,0.5141130737,-0.1291269875
9,piecewise_split,large_neutral_organic,45,0.4214746778,0.5770509701,0.6635813881,0.2969749805,-0.1644778714
9,piecewise_split,near_qm9_larger_organic,22,0.3742859098,0.438900407,0.8680069974,0.3412545313,-0.1386811717
9,piecewise_split,qm9_like_small_organic,263,0.2527045991,0.4703043657,0.9121023236,0.1164393259,0.0077784085
9,piecewise_split,ALL,424,0.3434888323,0.5980338513,0.922511591,0.1796771628,0.0041629046
9,domain_expert,charged_or_radical,52,0.522804167,0.8992517186,0.8472344205,0.2729776509,0.288819815
9,domain_expert,heteroatom_rich_non_qm9,42,0.5824627532,0.818237548,0.084780484,0.5132109938,-0.1351475542
9,domain_expert,large_neutral_organic,45,0.4217491957,0.5797724288,0.6604007044,0.297449308,-0.1654710069
9,domain_expert,near_qm9_larger_organic,22,0.373140384,0.4383693642,0.8683262112,0.345198472,-0.1397263025
9,domain_expert,qm9_like_small_organic,263,0.2369577732,0.4001084998,0.9363827445,0.1169491318,0.0198465549
9,domain_expert,ALL,424,0.3329173324,0.5571705954,0.9327392686,0.1770294771,0.0095327903
9,calibration_stage1,charged_or_radical,52,0.5477980314,0.9988841134,0.8115078923,0.2480466448,0.3176682389
9,calibration_stage1,heteroatom_rich_non_qm9,42,0.5713883679,0.7942266277,0.1377060297,0.4797088177,-0.1370519263
9,calibration_stage1,large_neutral_organic,45,0.3990333785,0.5577838845,0.685671624,0.2940135249,-0.1601679498
9,calibration_stage1,near_qm9_larger_organic,22,0.3488361466,0.4121897957,0.8835838016,0.295173701,-0.1457159733
9,calibration_stage1,qm9_like_small_organic,263,0.2349681587,0.3999262718,0.9364406798,0.1123474438,0.0221768743
9,calibration_stage1,ALL,424,0.3299795568,0.5708737698,0.9293901342,0.1701678767,0.0145796611
