iteration,ref_val_mae,ref_test_mae,is_best_ref_val,val_mae_min,test_mae,best_iteration
25,1.3350029450367773,1.4848672054436711,False,0.4368870075432171,0.4578823438252228,700
50,1.0259163830124165,1.1324137518659445,False,0.4368870075432171,0.4578823438252228,700
75,0.8296257214554278,0.9112681270436356,False,0.4368870075432171,0.4578823438252228,700
100,0.7028413527152396,0.7667653378777081,False,0.4368870075432171,0.4578823438252228,700
125,0.6295644616572519,0.6840649219453537,False,0.4368870075432171,0.4578823438252228,700
150,0.5791262437504634,0.6294230633195055,False,0.4368870075432171,0.4578823438252228,700
175,0.538814652902258,0.5830555231240268,False,0.4368870075432171,0.4578823438252228,700
200,0.5150301551719786,0.553921447246575,False,0.4368870075432171,0.4578823438252228,700
225,0.4966512438255085,0.5294985841840729,False,0.4368870075432171,0.4578823438252228,700
250,0.4844405514515165,0.5121079462873973,False,0.4368870075432171,0.4578823438252228,700
275,0.4749640027830534,0.5004354729040382,False,0.4368870075432171,0.4578823438252228,700
300,0.4691046246233064,0.4932379382963904,False,0.4368870075432171,0.4578823438252228,700
325,0.465990436292416,0.4891856710290406,False,0.4368870075432171,0.4578823438252228,700
350,0.4626298732859011,0.4848060513434639,False,0.4368870075432171,0.4578823438252228,700
375,0.4590196237170971,0.4807752038066532,False,0.4368870075432171,0.4578823438252228,700
400,0.4559876451040436,0.477716097075493,False,0.4368870075432171,0.4578823438252228,700
425,0.4539242505104948,0.4757532363794209,False,0.4368870075432171,0.4578823438252228,700
450,0.4506548328729961,0.4721679488980542,False,0.4368870075432171,0.4578823438252228,700
475,0.448558922826219,0.4700714189667941,False,0.4368870075432171,0.4578823438252228,700
500,0.4470871191115176,0.4684709869750253,False,0.4368870075432171,0.4578823438252228,700
525,0.44593083992711,0.4670008066619822,False,0.4368870075432171,0.4578823438252228,700
550,0.4445076537056482,0.4652350550646668,False,0.4368870075432171,0.4578823438252228,700
575,0.4436122793326154,0.4644476713597614,False,0.4368870075432171,0.4578823438252228,700
600,0.4421568077053703,0.4629676064297469,False,0.4368870075432171,0.4578823438252228,700
625,0.4403469705151866,0.4612318876772118,False,0.4368870075432171,0.4578823438252228,700
650,0.4387865383680949,0.4599038819446409,False,0.4368870075432171,0.4578823438252228,700
675,0.4381795424014126,0.459253234861028,False,0.4368870075432171,0.4578823438252228,700
700,0.4368870075432171,0.4578823438252228,True,0.4368870075432171,0.4578823438252228,700
