iteration,val_mae,test_mae
1,1.932861436380145,1.8782756434623795
2,1.8969042601796773,1.8434916778894712
3,1.8650532041761,1.813290362889255
4,1.8342591796371657,1.784202173267436
5,1.804550573896788,1.7545474027343344
6,1.7765494690750716,1.7282131572051758
7,1.7505682714234527,1.7039011196161284
8,1.7255141158029224,1.6807087485052472
9,1.7003848948435758,1.65670269676493
10,1.6745986586544097,1.6322019552754168
11,1.6520598874640382,1.6103613067335412
12,1.6290663921177757,1.588375342341148
13,1.605188978880564,1.564191900148798
14,1.5823970746605729,1.5424824767628031
15,1.562101554027621,1.5224475401493465
16,1.5416779377774177,1.50333902744356
17,1.52035890479118,1.4812527880044082
18,1.4994189549002566,1.4609033371190558
19,1.4774847767003527,1.4411792721792274
20,1.4575751281896827,1.4214860428424363
21,1.4398802368046095,1.4046123683332483
22,1.4217654626323757,1.3862438753702024
23,1.4053638134177036,1.3702077763996932
24,1.3872844290090454,1.352550924661348
25,1.3692720504918106,1.3338102812599042
26,1.3512820057714858,1.3163406286829586
27,1.3343786936605309,1.2996635865890789
28,1.3160957293087,1.2819416884534738
29,1.3009804673588743,1.268022233217236
30,1.2872544754348472,1.2539553321908894
31,1.2732490107907182,1.240470958217473
32,1.256849050848763,1.2247485713088289
33,1.2423969655141325,1.2110707602374196
34,1.2300069202539614,1.1994949048055192
35,1.2166347167272944,1.1866737097423212
36,1.2028561747001791,1.1732457497347974
37,1.1894081339974178,1.159985059874385
38,1.1775097767459162,1.148813881827369
39,1.1647477496690202,1.1355101509236596
40,1.152381682655898,1.123261946852628
41,1.1392855053105715,1.111057059654605
42,1.1246284124288497,1.0986092854844176
43,1.114475012089042,1.0889686557753262
44,1.0974053252343177,1.0738971593742654
45,1.083579559097249,1.0611528431369266
46,1.068289805571486,1.047932149819016
47,1.0523530604012616,1.0339601558287286
48,1.0409969806607329,1.023888244779839
49,1.029069461332677,1.0129227789541944
50,1.017470293717352,1.001596564145207
51,1.007955658048861,0.992821329401819
52,0.9989499378462798,0.9846137165024564
53,0.987165905577998,0.9736220847313348
54,0.977698280259304,0.9639858292049538
55,0.9685495045735306,0.9558995271334428
56,0.9573676505367464,0.9453066377993832
57,0.9483018592533766,0.937241905223254
58,0.9375545525418828,0.9270404737048306
59,0.9284700088379184,0.918793474846679
60,0.9196362032642428,0.9104039579493148
61,0.9129093477258008,0.9040780149992916
62,0.904289592600004,0.8961543935440619
63,0.8950188060209945,0.8876714522385195
64,0.886149613748875,0.880043388923685
65,0.8777489311281362,0.8726103231713914
66,0.8681051004883097,0.8638000162723252
67,0.8569974621922539,0.8530305994318691
68,0.8464148916938834,0.8426830886716893
69,0.8378832580133491,0.8346877570188251
70,0.829250560314497,0.8265448509280396
71,0.8206990092437491,0.8182051940910061
72,0.8125905285627547,0.8097218598675567
73,0.80758347301906,0.8049469414981145
74,0.801432513657183,0.798625146620338
75,0.7934768049981045,0.7906899103226108
76,0.7855931218463176,0.7826224107752716
77,0.778415946538773,0.7757189874256804
78,0.7722049453856342,0.7705018334273684
79,0.7662915990806487,0.7654993824249565
80,0.7610130301696284,0.7611337419887474
81,0.7547543330191266,0.7560017734383677
82,0.7495365780818021,0.7514185675813334
83,0.7433047324372044,0.7459134559830589
84,0.7380684574975631,0.7416421433424888
85,0.7320954738745733,0.7364215665550808
86,0.7252952425212109,0.7306681396352269
87,0.719332598394039,0.7252915191786536
88,0.7129489619427919,0.7196466399895297
89,0.7085782231356493,0.7162262667422031
90,0.7029726317997624,0.7113643510310979
91,0.6969502856743963,0.7061388756808167
92,0.6934474434438544,0.7030995446281154
93,0.6885703879836514,0.6987813355128046
94,0.6850475433557759,0.6960082279036973
95,0.6800632523701832,0.6915528184593964
96,0.6746149458310895,0.6866255965813378
97,0.6705502157658304,0.6830379825501209
98,0.6653229840327948,0.6791014770256206
99,0.6618104475483613,0.6758061361117288
100,0.658215092534695,0.6723358981456167
101,0.6539929863806052,0.6683116602324061
102,0.6500939150403837,0.6646170097019681
103,0.6460094237856736,0.6606556233208138
104,0.6424856115540124,0.6575220204743403
105,0.637795834105343,0.6532255034931164
106,0.6332519824476915,0.6489899323976573
107,0.6295255253177972,0.6455310089895503
108,0.6263741210708216,0.6422993985491172
109,0.6228301143216151,0.6383130225535143
110,0.6202429514312401,0.6362086958928937
111,0.6183746929746609,0.6344183552202166
112,0.6152104130932803,0.6311013647280777
113,0.6120338125157516,0.6279968979525523
114,0.6100089582263303,0.6258763751285276
115,0.608107970808397,0.6238870939722103
116,0.6055205854131646,0.6214810118517953
117,0.601417015893585,0.618014281963059
118,0.598436555362141,0.6154893410127159
119,0.596644362621176,0.6138987797845677
120,0.5937875973512857,0.6113782867419268
121,0.5909869640647453,0.6089588057357936
122,0.5876978744825663,0.6060081520059336
123,0.5857642608691888,0.6044024120662728
124,0.5836457414597152,0.6025826608544055
125,0.5811834926626128,0.600553067873171
126,0.5788225127566828,0.59847840219323
127,0.5771535395816233,0.5969070406908893
128,0.5749546506233107,0.5949047248234878
129,0.5732208661080608,0.593370025313964
130,0.5717584081946343,0.5920193614388518
131,0.5690887590242586,0.5903240162740186
132,0.5670112376004597,0.5882269410725315
133,0.5631174518332871,0.5841616894646922
134,0.5613125831245132,0.5825415620732799
135,0.5588196429081775,0.5802429088539327
136,0.5572584136010924,0.5788495585168406
137,0.5549144939135524,0.5768187377781295
138,0.5533355399997091,0.5752072344755559
139,0.5512613458377527,0.5732690015318167
140,0.5490930279822326,0.5710835422355428
141,0.5471690453731678,0.569326396065636
142,0.545422122660035,0.5678355132424646
143,0.5431546658786571,0.5657651226938927
144,0.5415028090664495,0.5642610359250064
145,0.5382558016190502,0.5610714828962224
146,0.5370002009139696,0.5597788729774108
147,0.5347026606282169,0.5574711335059656
148,0.5324201270775878,0.5552888636984833
149,0.5303167201293763,0.5532189675699086
150,0.5290362037441632,0.5518860449014311
151,0.5267126209694071,0.549004091332061
152,0.5237119670614746,0.5463039974763639
153,0.5215197998372672,0.543961793936226
154,0.519615898802704,0.5421700243776654
155,0.5175709393666877,0.5401138521519206
156,0.5165219793767809,0.5390152179646877
157,0.515149927571612,0.5377936462037766
158,0.5142852331838914,0.5368330681473698
159,0.5127039855246014,0.5347766712183666
160,0.5113862202736896,0.5334850822190599
161,0.5102604357475264,0.5324016042981523
162,0.5080710610422206,0.5303225832380241
163,0.5061025003365025,0.5282151153502962
164,0.5036469557156513,0.5255027343607174
165,0.5031847557235538,0.524924876145141
166,0.5019501987727912,0.5239013562080586
167,0.5008883822193525,0.5230548386462857
168,0.4999494635722318,0.5222380452107345
169,0.4991218211606863,0.5213900598915893
170,0.4978013618905629,0.5203263322402378
171,0.4965776932323875,0.5189723365141973
172,0.4933351067891993,0.5156782249077113
173,0.4922185675115472,0.5144310129469354
174,0.4917681505073751,0.5141105114096522
175,0.4888970108806407,0.5113260138531873
176,0.4881703769138475,0.5103036368612746
177,0.487600214839329,0.5095771457308792
178,0.4864273635861645,0.5083897393533287
179,0.4860820221090712,0.508101818247203
180,0.4851678335620362,0.5071807407910518
181,0.482179436432045,0.5042473726287042
182,0.4812258429851664,0.5031882397707256
183,0.4807535887684445,0.5025644164064864
184,0.4789349242794068,0.5007562167798897
185,0.4765868330725341,0.4985119962572618
186,0.4761783795002747,0.4980220262814602
187,0.4738263604615945,0.4956532575003596
188,0.4731306855203307,0.4946836441974898
189,0.4725286969785234,0.4935492658188898
190,0.4716322954676784,0.4929487686677269
191,0.469891895049902,0.4912903316017256
192,0.4679272286010597,0.4897149473236968
193,0.4675074589256361,0.4890826620074575
194,0.4668209869049249,0.4883762328041254
195,0.4657982158806112,0.4872125396318087
196,0.4653697209386582,0.4868536824494943
197,0.4644272186230999,0.485825960159671
198,0.4637462878712512,0.485301769679669
199,0.4620535005240195,0.4838309442498645
200,0.4609383832579567,0.4829816317511665
201,0.4600565532368444,0.4819841826071004
202,0.4576321447576085,0.4796563549962672
203,0.4574951096211191,0.4795153866348499
204,0.4566143466524825,0.4786975797823751
205,0.4564231305222592,0.478496623750054
206,0.4559420477828965,0.4776415883734671
207,0.4537267697705951,0.4754686203481401
208,0.4527200025636667,0.473980926585419
209,0.4517195226230296,0.4729858494725109
210,0.4515461395996675,0.4728607884781841
211,0.4512717441184397,0.4726535333914254
212,0.4511718871435289,0.4725405413640016
213,0.4507206654780573,0.4721638214538354
214,0.4491764728390985,0.4706671339630285
215,0.4482329675785769,0.4696555256763496
216,0.4480593335490579,0.469352957881804
217,0.4476195954203097,0.4685831350466877
218,0.4467126919881856,0.4676351998769611
219,0.4462994136300709,0.4672141379991361
220,0.4447525222593664,0.4658392655724033
221,0.4439867045470581,0.4652043165340594
222,0.4429069197860006,0.464209450133917
223,0.4418307883591285,0.4630818477379093
224,0.4415425386390791,0.4628727926666449
225,0.4412465686237413,0.4626477870760323
226,0.440857905046321,0.4622010463810854
227,0.4401712653392579,0.4613624361781921
228,0.4400851307073544,0.4613019355503615
229,0.4389217354710005,0.4601859713154386
230,0.4387406496312348,0.4599666818439566
231,0.4385416401340009,0.4596649117529179
232,0.4381112113087733,0.4591931333795307
233,0.4373138074032923,0.4584690106445377
234,0.436920722091809,0.4581772815604931
235,0.4362844396672531,0.4574942732776203
236,0.4358936481630657,0.4570809383416729
237,0.4351155517794814,0.456327880935562
238,0.4344590971903442,0.4558059235610967
239,0.4343829295264638,0.455703148781437
240,0.4334674075218779,0.4549093422199308
241,0.4327239092151442,0.4542146087068216
242,0.4324073859362339,0.4539752551409605
243,0.432019746096841,0.4537712941501655
244,0.4316201655548973,0.4535205171569209
245,0.4315166422679063,0.4535190170040005
246,0.4309498632184747,0.4529456183978994
247,0.4308843341978265,0.452863753663082
248,0.4307213763401672,0.4526873779361406
249,0.4305608543881834,0.4525103134045506
250,0.4304774810833411,0.4523698803982885
251,0.4303208279082881,0.4522149978500821
252,0.4294968204630213,0.4514352666418786
253,0.4283740983884312,0.4502953027965815
254,0.4283533029827993,0.450289770708929
255,0.4276749378043747,0.4493730643333874
256,0.4264214283051551,0.4484393147728626
257,0.4262286100530773,0.4481367398882692
258,0.4257573745571042,0.4476461410929196
259,0.4255953626725955,0.4474088190851553
260,0.42429997668207,0.4462922596063423
261,0.423617610076642,0.4455985813919947
262,0.4233111186813393,0.4453369116667073
263,0.4229891854807016,0.4450526985819948
264,0.422939439039178,0.4449325017916185
265,0.4223316783891784,0.4441795055984027
266,0.4222460456405381,0.4440552854588792
267,0.4221005649538783,0.4439676566308332
268,0.4219760880964083,0.4438690961517236
269,0.4213853352431759,0.4431768290415642
270,0.4207278136119461,0.4426257281867067
271,0.4206212165802585,0.4425059440040845
272,0.4199834813219635,0.4418927468837484
273,0.4197432524141881,0.4416781656955822
274,0.4196631914420367,0.4415958634102059
275,0.4192353031638366,0.4412022081393282
276,0.4191058606087024,0.441081055857748
277,0.418231284133107,0.4403719563160277
278,0.4180677156390593,0.4402644827081094
279,0.4176947802484824,0.4399857180117953
280,0.4176734641517649,0.4398821491643532
281,0.4175462267663297,0.439739332364494
282,0.417237696617347,0.4393086264384808
283,0.4170757748691059,0.4391661715584825
284,0.4168796197073591,0.4389812541369313
285,0.4168133484236955,0.4389165230441866
286,0.4166538217779216,0.4388746044201683
287,0.4162332546038125,0.4384452200043132
288,0.4159668181096918,0.4379899166372954
289,0.4156320998964722,0.4377581344486927
290,0.4150950001826207,0.4370772198327471
291,0.4150136357042331,0.4369810328805664
292,0.4147572456949541,0.4366140085177343
293,0.4146920937985351,0.4365517768671764
294,0.41464983582004,0.4364980879729282
295,0.4142890982863879,0.4362532116408521
296,0.4141756085759488,0.4362645677743927
297,0.4141350547869339,0.4362099824051751
298,0.4141167981824742,0.4361629278226504
299,0.4129343753580086,0.4351216626669673
300,0.4129231852889233,0.4351052983489917
301,0.4124395923334764,0.434716595758448
302,0.4120783625835417,0.4344977352128811
303,0.4120231757603375,0.4344077057467013
304,0.4120066977889249,0.43434346421871
305,0.4113632124405442,0.4338845396881217
306,0.4110779019475681,0.4336687349708898
307,0.4109357207084701,0.4336134140872214
308,0.4108834559458781,0.4335385532865167
309,0.4103675330983008,0.4332188089941886
310,0.4101078984454493,0.4329501175736538
311,0.4101028998901929,0.4329566363093495
312,0.4097536692824277,0.4324873331132633
313,0.4096547661785688,0.4323860406198889
314,0.4096169541798005,0.4323413752988272
315,0.4095532476840963,0.4322889594246682
316,0.4095875729135833,0.4322988233868111
317,0.4094053419561657,0.4321207134184772
318,0.4091953434297458,0.4317935862092012
319,0.409098740707013,0.4315180698341466
320,0.4090634216023849,0.4314852757234654
321,0.4089802307641937,0.4313751024077618
322,0.4088748349881957,0.4313133837137003
323,0.4088672680521884,0.4312946867498569
324,0.4086218846125792,0.4310384886902614
325,0.4081516731722925,0.4304693047753768
326,0.4080848554516091,0.4303966552162722
327,0.4080416473126852,0.4303454867446451
328,0.4080285761629679,0.4303373250481211
329,0.4079077900542101,0.4301266957758727
330,0.4073829077688455,0.4296230884338161
331,0.4073663815753118,0.4295843511125623
332,0.4072924256784261,0.4295187742393776
333,0.4069803709442701,0.4291145040638091
334,0.4069236625199627,0.4290515077630019
335,0.4068890200361717,0.4290401174548702
336,0.4066903162267998,0.4287647882302106
337,0.4066286613888121,0.4286816943719259
338,0.4066291355631878,0.4286840457129601
339,0.4065776469710604,0.4286443343188267
340,0.4064386302930683,0.4285484040748235
341,0.4062935606627291,0.4283655339738564
342,0.4061475768393652,0.4282216058567687
343,0.4059895897175839,0.4281769723597016
344,0.4057991371327393,0.4279353879284682
345,0.4054140789445557,0.4276631612272428
346,0.4054374187158687,0.4276306975099225
347,0.4054277458605889,0.4276181723656728
348,0.405395523564877,0.4276247274277728
349,0.4053874177447168,0.427586043161053
350,0.4052800987218759,0.427449004446122
351,0.4050504054002581,0.4272335211882186
352,0.4050163796693878,0.4270750971735982
353,0.4050010416743709,0.4270237472363788
354,0.4049877917197301,0.4269803602867315
355,0.4046687713152388,0.4267234350380006
356,0.4046158390710742,0.4267189270235815
357,0.4043888549625519,0.426581973964746
358,0.4043836294280452,0.4265766573200411
359,0.4042364581617989,0.4264788230059091
360,0.4042074182421742,0.4264328116466446
361,0.4040829068243364,0.4263533407693233
362,0.4040790083286139,0.4263821639441751
363,0.4040961703673355,0.4263718340249052
364,0.4038650314406571,0.4261473106261023
365,0.4036333227304612,0.4259551766517893
366,0.4032560511542921,0.4256338415893133
367,0.4032674340271288,0.4256078522201235
368,0.4030051175500155,0.4254471888524911
369,0.4026084662868424,0.4250272086266676
370,0.4025638454303377,0.4249868327588579
371,0.4025906708937872,0.4249855525903654
372,0.4023238037986489,0.4247087656348152
373,0.402164980368506,0.4245481514541825
374,0.4020981573749359,0.4245174959857383
375,0.4020209301484335,0.4244602036985643
376,0.4019132644584859,0.4244289137164388
377,0.4018744072636166,0.4243894239870512
378,0.4018544381050345,0.4243656188489818
379,0.4018279637612886,0.424325364258087
380,0.4018369495205837,0.4242846488978
381,0.4017769026021767,0.4240838201697336
382,0.4017171839309462,0.423966031452516
383,0.4016834828298363,0.4238631561844117
384,0.4016979736429136,0.4238792538426357
385,0.4016708839825885,0.4238824827969989
386,0.4016705604983481,0.4238639567429019
387,0.4016235513963601,0.423858426512095
388,0.4015473457636046,0.423791788849835
389,0.401548629101959,0.4237436652966916
390,0.4012595396780125,0.4234776664227135
391,0.4010367031194946,0.4232869679988518
392,0.4010155418664122,0.4232953106972266
393,0.4008483435239376,0.4231394591289586
394,0.4008360669458808,0.4231350972460217
395,0.40056934210188,0.4227857945273307
396,0.4005612000711324,0.4227543965324633
397,0.4005252868143375,0.4227276136102476
398,0.4005254016948391,0.4227207145517331
399,0.4005088290773495,0.4227330391134417
400,0.4004380433946061,0.4226228266780703
401,0.3997785316661784,0.4220778746084935
402,0.3997755062057115,0.4220927949442527
403,0.3995970814498761,0.421852762386474
404,0.39957396967907,0.4217905597877172
405,0.3995531470354185,0.4217643398842773
406,0.399494155815926,0.4217307020870867
407,0.3994952923537991,0.4217307943331927
408,0.3994845589942609,0.4217360013627176
409,0.3994718243911312,0.4217406098688957
410,0.3994104578025331,0.4217079564313575
411,0.399117222891639,0.4213871347951711
412,0.3990442115226056,0.4213581422510625
413,0.39902328893554,0.4213464558532597
414,0.3989782874498171,0.4213312992714395
415,0.3989961481750181,0.4213665668923184
416,0.3989321606214428,0.4212783825905538
417,0.3987996824681968,0.4212129917976375
418,0.3988162227753819,0.4211810049352196
419,0.3988063067511627,0.4211861512371575
420,0.3987859375635968,0.4211038356685888
421,0.3986688916262266,0.4209473424922457
422,0.3985175409090941,0.4208589017651568
423,0.3985013803619996,0.4208137242658338
424,0.3984850116146934,0.4208214639688528
425,0.3984723855765943,0.4208153591756562
426,0.3984414362031701,0.4208035461877936
427,0.3983740989300806,0.4207410117646709
428,0.3983679399590628,0.4207113020863552
429,0.3983629896845935,0.4206918158304419
430,0.3983579188109596,0.4206997809872443
431,0.398179495945238,0.4205566445160306
432,0.3981272993279918,0.4205255760220856
433,0.3980895552144523,0.4205020706512321
434,0.3980853160824841,0.4204420069096574
435,0.3980379138800229,0.4203041415586077
436,0.3978044204156433,0.4201421101212943
437,0.397754801414387,0.4201238469760867
438,0.3977046318578091,0.4201253631664727
439,0.3974515476101859,0.4197311242912293
440,0.3974012583804152,0.4197355187024625
441,0.3973580659510108,0.4196912024317413
442,0.3971095256968454,0.4194980436647259
443,0.3971035338288768,0.4195097942166144
444,0.3970052220911962,0.4193296792324031
445,0.3970358094415001,0.4193013665877233
446,0.396946751652895,0.4192246178775373
447,0.3969458032190049,0.419228570325799
448,0.3969147253930595,0.4192408837607642
449,0.396824093898058,0.4190906723544739
450,0.3966882244477462,0.4189187607857346
451,0.3966772424474621,0.418922670916721
452,0.3966675391484211,0.4189136329909543
453,0.3964315128188426,0.4187257354882348
454,0.3958565545253677,0.4182056354257046
455,0.3958408382317276,0.4181938355412852
456,0.3956007593916782,0.4178376750827428
457,0.3955472772287421,0.4177144843483259
458,0.3955247118970682,0.4177120400089242
459,0.3954728587815405,0.4176212348111535
460,0.3954702343723754,0.4175989307344298
461,0.3954752863961683,0.417601116961756
462,0.3954672712180383,0.4175552650484943
463,0.3954616749508558,0.4175448090934512
464,0.3953805669448213,0.4174515409627042
465,0.3953630128716787,0.417467922818472
466,0.3952343089535503,0.4172847857593082
467,0.3950322668158176,0.4168702394343541
468,0.3950322558348247,0.4168701487634259
469,0.3949897551169933,0.4168414429018696
470,0.3949796071952053,0.4168422529512908
471,0.3949746544557836,0.4168548832821719
472,0.3949679190194037,0.4168236573005078
473,0.3949312489062159,0.4167911965615601
474,0.3949240771655211,0.4167702447563219
475,0.3948971682421235,0.4167605189514249
476,0.3948947395404323,0.4167508339054893
477,0.3948151723091074,0.4165227790053621
478,0.3948156092423243,0.4165401387920306
479,0.3948001538359208,0.4165249157169856
480,0.3947906339259689,0.4165213113937315
481,0.3947806897300658,0.4164250715555669
482,0.3946033647475089,0.4162746234264691
483,0.3945966951655785,0.4162072614553999
484,0.3945919752918788,0.4162022996030112
485,0.3944651691701418,0.4159183768120763
486,0.3944190563493387,0.4158870718857911
487,0.3944028746118305,0.4158952012472195
488,0.3943318032711269,0.4157946654942142
489,0.3942887816920348,0.4157854842732091
490,0.3942639571940148,0.415766676645561
491,0.3942584121590201,0.4157318321204806
492,0.394252286245833,0.4157157310829095
493,0.394186468070162,0.4155309262399425
494,0.3942127919083359,0.4155280014373412
495,0.3942257560651204,0.4155314956726402
496,0.3941961612249512,0.4155458394694813
497,0.3941273817463401,0.4155243458628176
498,0.3941230594072653,0.4155270432692932
499,0.394070291010413,0.4154792302551511
500,0.3940271193996183,0.4154357739467761
501,0.3940547016290762,0.4154005813691073
502,0.3940365893647226,0.4153997796482532
503,0.3940256366376455,0.4153981993102622
504,0.3938870569530721,0.4151823097478314
505,0.3938263320420263,0.4150240296571389
506,0.3938386887767078,0.4149450674094214
507,0.3938248040466729,0.4149098104064281
508,0.393798377412808,0.414934627547438
509,0.3937973415640554,0.4149397056156381
510,0.3937193699457154,0.4149040262970015
511,0.3936691429857553,0.4148696722921843
512,0.3936714678249262,0.4148398678395162
513,0.3936305437797889,0.4148230788744065
514,0.3936126645195863,0.4147833605961295
515,0.3936168602495498,0.41478482488646
516,0.3935960350314722,0.4147671657487516
517,0.3934581367071683,0.4146534446333918
518,0.3934564517854294,0.4146359335624511
519,0.3934559713133433,0.4146295172659486
520,0.3934841658492155,0.4146002263123934
521,0.3934698618730658,0.4145996685409444
522,0.393477682688409,0.4145884416843591
523,0.3934596794590612,0.4145602629779105
524,0.3934353441645615,0.4145473171987459
525,0.393440519081799,0.4144631135269591
526,0.3934361795674877,0.4144631871668973
527,0.393420104678291,0.4144826508406665
528,0.3934179463808067,0.4144845789462052
529,0.3934185620717594,0.4144695911901242
530,0.3934051723675024,0.4144752380783901
531,0.3933758400538776,0.414456679059625
532,0.3933607485160737,0.414464842034993
533,0.3932447685093378,0.414385129974616
534,0.3932394810581356,0.4143756817741119
535,0.3931695047146661,0.4142582164168725
536,0.3931617850645718,0.4142625781457675
537,0.3931569847359752,0.4142741610074534
538,0.3931495052584208,0.4141646710109802
539,0.3931070240105859,0.4141419980960974
540,0.3931312312907581,0.4141249908029118
541,0.3931387775659091,0.414127254451834
542,0.3931527948890548,0.4141241024012065
543,0.3931610368003704,0.4140999344043977
544,0.3931622552033354,0.4140875318557129
545,0.3931726340763171,0.414083967773513
546,0.3931684812220449,0.4140732472592687
547,0.3929188208383931,0.4137456091437946
548,0.3929181963863147,0.413749310805117
549,0.3929066244388461,0.4137001288385713
550,0.3928647627609412,0.4136520545206737
551,0.3928237129286053,0.4136119617333314
552,0.3928396892370212,0.4136469011137089
553,0.3927123464148253,0.4135838135019472
554,0.3926750591242874,0.4135025500204604
555,0.3926774909286473,0.413493138674904
556,0.3926710941288353,0.4134779806492493
557,0.3926642257136238,0.413436028527916
558,0.3926599289076437,0.4134286485613084
559,0.3926800482039608,0.4134038931416615
560,0.3926612308433785,0.4134128238539927
561,0.3926648173925348,0.4133992455127153
562,0.3926493446896179,0.4134040749108404
563,0.392649832411762,0.4134108899555209
564,0.3926402414159418,0.4134056982296982
565,0.3926375449483782,0.4133901540161084
566,0.3925222930836955,0.4131878232413294
567,0.3925334425693036,0.4131583084460524
568,0.3925397338159491,0.4131596117389929
569,0.392534539199503,0.4131661709164768
570,0.3924760227436369,0.4129444601211726
571,0.3924126627827895,0.412892196735533
572,0.3924211727762607,0.4128981778157387
573,0.39239203805249,0.4128182676114093
574,0.392392892078759,0.4128129025423331
575,0.3923940206383677,0.4128201861151008
576,0.392379094110398,0.4127829084825743
577,0.3923857599183051,0.4127795738801544
578,0.3923682891735671,0.4127234232371805
579,0.3923123288677901,0.4126835202701366
580,0.3921712701065671,0.4125726018364581
581,0.3919688050931593,0.4122570745979538
582,0.3918787649769401,0.4121206341484851
583,0.3917822851785922,0.411937209924625
584,0.3917950870261009,0.4119251718888216
585,0.3917530841196164,0.4119140900639849
586,0.3917549573325384,0.4119068442553387
587,0.3917618637734367,0.4118920985493677
588,0.3917956295908314,0.411870247564705
589,0.3918144326552478,0.4118776300115422
590,0.3918044785005254,0.4118876555247992
591,0.3918111337533585,0.4119052986457198
592,0.391773223870729,0.4118406947143835
593,0.3917815548788734,0.4118146416598446
594,0.3917577640004855,0.4117948828808795
595,0.3915329038884772,0.411458270960532
596,0.3914578535389568,0.4113386278395648
597,0.391436331009155,0.4113143779384575
598,0.3914516450186409,0.4113176284351112
599,0.3914274613479974,0.4113182761546918
600,0.3914177791700049,0.4113303956477989
601,0.3913556888742068,0.4112310155997573
602,0.3913050561104892,0.4112192776300478
603,0.3912852434774611,0.4112013881780045
604,0.3912966544331012,0.4112092064186872
605,0.3911998774383414,0.411166346085182
606,0.3911212031354339,0.4110972085642176
607,0.3911330451098862,0.4111002607476153
608,0.3911108246916535,0.411089419075699
609,0.3910476246805173,0.4110311448539562
610,0.3910053631266479,0.4109265263975467
611,0.3909840933220574,0.4108751574824427
612,0.3909598759324205,0.4108323170004374
613,0.3909477464668589,0.4108254417062636
614,0.3909342139086945,0.4108250853697781
615,0.3909324248181695,0.4108296176031321
616,0.3909395815503041,0.4108226693620962
617,0.3909376455118414,0.4107907798389931
618,0.3908848165710048,0.4106198276643723
619,0.3908467882372037,0.4105647464253686
620,0.3908345243215353,0.4105479349923809
621,0.3907668407941346,0.410457979681667
622,0.3907695196974411,0.4104591788478409
623,0.3907663938767209,0.4104724705350518
624,0.3907635632682137,0.4104692499561058
625,0.3907649142636218,0.4104654590584466
626,0.3907719736929899,0.4104673247113256
627,0.3907565039968341,0.4104731162902188
628,0.3907513965555508,0.4104758991440111
629,0.3907780369618961,0.4104884593293433
630,0.3907719586948103,0.4104830149199158
631,0.3907665694286426,0.4104745322833479
632,0.3907693710954089,0.4104730995895604
633,0.3907603128361745,0.4104797395919471
634,0.3907628281391895,0.4104767902269391
635,0.3907685048100394,0.4104779225366811
636,0.3907745333391803,0.4104936129022905
637,0.3907493302182889,0.410381323541671
638,0.3907548053486274,0.4103726239718951
639,0.3907312456963948,0.4103832356663071
640,0.3905920808736276,0.4102150285840245
641,0.3905775399918166,0.4102182857478368
642,0.3904623676729649,0.4098991712582858
643,0.3904788679952023,0.4099002298832346
644,0.3905081520949705,0.409889838017975
645,0.3904911550098656,0.409821339623702
646,0.390449036049962,0.4097634485693624
647,0.3904289102700639,0.4097625511511271
648,0.3903249605953484,0.4096211055014946
649,0.3902931780754078,0.4095968233590383
650,0.3902937780918044,0.409601944515742
651,0.3901990481434248,0.4095098231275813
652,0.3901880363738135,0.4095170540747677
653,0.3902109650725417,0.4095030442243829
654,0.3902321659164482,0.4094393039603515
655,0.3902337606393121,0.4094487975792277
656,0.3902489079921364,0.4094565691767747
657,0.3902446700494933,0.4094664123202106
658,0.3902457658953934,0.409443911347558
659,0.3900884092874131,0.4092454085016195
660,0.3900632558469326,0.4092238702155386
661,0.3900267815425723,0.409103699906756
662,0.3898178115887526,0.4088086173073418
663,0.3898381678537085,0.4088151209432015
664,0.3898422218268091,0.4088275946169257
665,0.3898404066532519,0.4088320856850624
666,0.3898415151455236,0.4088338746386171
667,0.3892200961370763,0.4080712104656207
668,0.3891819730720494,0.40805915688763
669,0.3886044465615584,0.4076506040294257
670,0.388450394261865,0.4075455509801476
671,0.3884583630110395,0.4075619952805478
672,0.3884550139351776,0.4075635802857078
673,0.3884601184724096,0.4075675465132304
674,0.3884505206455668,0.4075459083313744
675,0.3884369394203602,0.4075429867938174
676,0.388437234438399,0.4075406609859519
677,0.3884432738580926,0.4075421238247254
678,0.3884269286434745,0.4075489773735634
679,0.3884155954061252,0.4075538196702786
680,0.3883589103735422,0.4074549109497127
681,0.3883630935662852,0.4074285463938252
682,0.3881776423636728,0.4072940357240686
683,0.3879854550318828,0.4070329730744451
684,0.388015206962889,0.4070096490523906
685,0.3879968928577496,0.4069655248446676
686,0.3879649621814774,0.4069441467455204
687,0.3877528592831955,0.4066670847086948
688,0.3876713174091634,0.4065894312304321
689,0.3876961354194264,0.4065880615630629
690,0.3877049655653921,0.4065783566694461
691,0.3875711512657695,0.4063623685785893
692,0.3875483182141817,0.4063637907973739
693,0.3875374206631151,0.4063493713500731
694,0.3875056043317062,0.4063478470587197
695,0.3874792144576643,0.4062468570701949
696,0.387473961876594,0.4062247749411398
697,0.3874382239121587,0.4062117318288611
698,0.3874242802219146,0.4061784281425125
699,0.3873245847897035,0.4060172808346576
700,0.3873081019775605,0.4060177419545011
