name,mae,r2,n,test_mae,test_r2,mode
VAL cal_desc_et,0.3038573513520065,0.9396079945035652,425,0.3263666774494646,0.9099528211203443,full
VAL cal_desc_rf,0.31469075057594337,0.9377192463353291,425,0.3383665726026022,0.9064534901254542,full
VAL cal_desc_hgb,0.3398547264204849,0.9350016533171207,425,0.3306185473849995,0.9163579574672867,full
VAL cal_desc_ridge_power,0.5135029845566658,0.8982393931272779,425,0.8324300449949704,-4.2752976581733,full
VAL cal_desc_ridge_robust,0.5807978541918916,0.7624715467309937,425,0.9667120341660684,-13.958459217867455,full
VAL cal_desc_ridge_standard,0.5931394291581742,0.8693921783240981,425,0.6481777296964909,0.5155830891052633,full
VAL cal_gap_ridge_robust,1.3364610148511917,0.41770712086045125,425,1.2485503710045134,0.4430425425472062,gap
VAL cal_gap_ridge_standard,1.3364735211347454,0.41770692740431803,425,1.2485693862434417,0.4430409184747758,gap
VAL cal_gap_linear_robust,1.3365330082286198,0.41770600097532995,425,1.248655657822182,0.443033495528647,gap
VAL cal_gap_ridge_power,1.352091745833623,0.41368942477755677,425,1.2562745352557387,0.4420518787886465,gap
