group_type,group,n,mae,rmse,r2,mean_pqr_minus_ref,sd_pqr_minus_ref
domain,charged_or_radical,101.9,0.57171941497,0.8609254306,0.8686358075299999,6.613059338012216,2.2809248611387813
domain,heteroatom_rich_non_qm9,93.1,0.50606251305,0.75279929668,0.49926027960999997,4.737232738082577,1.605214442383224
domain,large_neutral_organic,91.4,0.47264096165999997,0.6238572099499999,0.64737372922,4.914750249092261,1.4351361274411043
domain,near_qm9_larger_organic,39.0,0.3557189978,0.44547038729,0.87926112325,5.349319886373187,1.798733963794211
domain,qm9_like_small_organic,523.6,0.22580286317999998,0.43341660565,0.9215432376399999,5.225725884855663,1.827905657685628
overall,all,849.0,0.33094136768000004,0.56890646691,0.93386744196,5.311846777116285,1.8972531714316503
source,qm9_overlap,482.5,0.21204861868,0.40778637296,0.9321827661500001,5.195434870255668,1.8331366303722365
source,qm9_overlap+recomputed_pqr_reference,5.0,0.16195388547,0.20162198450999996,0.9743566749199999,5.90938376669621,1.5813829919865272
source,recomputed_pqr_reference,361.5,0.49177423872,0.73103721009,0.86399711662,5.456759574756944,1.971864435555288
