section,metric,group,value,note
corpus,lines_read,strict_file,84143.0,
corpus,molecules_parsed,strict_file,84143.0,
corpus,smiles_parse_failures,strict_file,0.0,
corpus,unique_canonical_smiles,strict_file,84143.0,
domain,domain_count,charged_or_radical,6973.0,
domain,domain_count,heteroatom_rich_non_qm9,24530.0,
domain,domain_count,large_neutral_organic,22193.0,
domain,domain_count,near_qm9_larger_organic,25498.0,
domain,domain_count,qm9_like_small_organic,4949.0,
domain,domain_count,TOTAL,84143.0,
heavy_atoms,min,all,1.0,
heavy_atoms,p05,all,8.0,
heavy_atoms,median,all,18.0,
heavy_atoms,p95,all,38.0,
heavy_atoms,max,all,152.0,
heavy_atoms,mean,all,19.919,
gap_ev,min,all,0.264,
gap_ev,median,all,10.088,
gap_ev,mean,all,10.2919,
gap_ev,sd,all,2.2781,
gap_ev,max,all,19.713,
elements,molecules_containing,C,83599.0,
elements,molecules_containing,O,71499.0,
elements,molecules_containing,N,48218.0,
elements,molecules_containing,S,14368.0,
elements,molecules_containing,Cl,7178.0,
elements,molecules_containing,F,5541.0,
elements,molecules_containing,P,4186.0,
elements,molecules_containing,Br,2090.0,
elements,molecules_containing,I,813.0,
elements,molecules_containing,Si,251.0,
elements,molecules_containing,B,156.0,
elements,molecules_containing,Fe,51.0,
elements,molecules_containing,Se,46.0,
elements,molecules_containing,Ge,43.0,
elements,molecules_containing,Mg,35.0,
elements,molecules_containing,As,33.0,
elements,molecules_containing,Li,28.0,
elements,molecules_containing,Sn,28.0,
elements,molecules_containing,V,27.0,
elements,molecules_containing,Be,22.0,
elements,molecules_containing,Co,22.0,
elements,molecules_containing,Sb,21.0,
elements,molecules_containing,Zn,21.0,
elements,molecules_containing,Hg,20.0,
elements,molecules_containing,Ca,18.0,
elements,molecules_containing,Na,18.0,
elements,molecules_containing,K,18.0,
elements,molecules_containing,Mo,16.0,
elements,molecules_containing,Ni,16.0,
elements,molecules_containing,Ru,14.0,
elements,molecules_containing,Ga,14.0,
elements,molecules_containing,Sc,14.0,
elements,molecules_containing,Pb,12.0,
elements,molecules_containing,Mn,11.0,
elements,molecules_containing,In,10.0,
elements,molecules_containing,Te,10.0,
elements,molecules_containing,Al,10.0,
elements,molecules_containing,Ti,10.0,
elements,molecules_containing,Cs,9.0,
elements,molecules_containing,Rb,9.0,
elements,molecules_containing,Bi,8.0,
elements,molecules_containing,W,8.0,
elements,molecules_containing,Pt,7.0,
elements,molecules_containing,Cd,7.0,
elements,molecules_containing,Cr,5.0,
elements,molecules_containing,Sr,5.0,
elements,molecules_containing,Ag,4.0,
elements,molecules_containing,Cu,4.0,
elements,molecules_containing,Ir,4.0,
elements,molecules_containing,Tl,3.0,
elements,molecules_containing,Re,3.0,
elements,molecules_containing,Os,3.0,
elements,molecules_containing,Ba,2.0,
elements,molecules_containing,Pd,2.0,
elements,molecules_containing,Rh,2.0,
elements,molecules_containing,Hf,1.0,
elements,molecules_containing,Nb,1.0,
elements,molecules_containing,Ta,1.0,
elements,molecules_containing,Y,1.0,
charge_radical,n_charged,charged_or_radical,6862.0,
charge_radical,n_radical,charged_or_radical,2801.0,
charge_radical,n_charged,heteroatom_rich_non_qm9,0.0,
charge_radical,n_radical,heteroatom_rich_non_qm9,0.0,
charge_radical,n_charged,large_neutral_organic,0.0,
charge_radical,n_radical,large_neutral_organic,42.0,
charge_radical,n_charged,near_qm9_larger_organic,0.0,
charge_radical,n_radical,near_qm9_larger_organic,0.0,
charge_radical,n_charged,qm9_like_small_organic,0.0,
charge_radical,n_radical,qm9_like_small_organic,0.0,
charge_radical,n_charged,TOTAL,6862.0,
charge_radical,n_radical,TOTAL,2843.0,
qm9,qm9_molecules_parsed,qm9,133798.0,
qm9,overlap_with_pqr,qm9_and_pqr,1228.0,
qm9,overlap_fraction_of_qm9,qm9,0.009178,
qm9,overlap_fraction_of_pqr,pqr,0.014594,
