smiles,gap,mol_weight,exact_mass,dipole_moment,heat_formation,polarizability,subset
CCNC(=O)CC,14.124,101.14694000000006,101.084063977,3.79,-279.38814,11.439431,QM9-overlap reference
Nc1ncco1,12.362,84.07666000000002,84.032362758,2.516,4.87052,8.15199,QM9-overlap reference
CC(=O)NC(C)(C)C,14.205000000000002,115.17352000000008,115.099714041,3.78,-320.47516,13.176383,QM9-overlap reference
CCC(=O)OC1(C)CC1,11.256,128.16898000000006,128.083729624,1.646,-361.5073,14.100368,QM9-overlap reference
CCNC(=O)OC,10.553,103.11976000000004,103.063328533,2.594,-413.63009,10.244373,QM9-overlap reference
CCCC(C)C,18.099,86.17536000000007,86.109550448,0.103,-161.71928,11.77093,Psi4-recomputed reference
CNc1ccccc1,8.694,107.15306000000004,107.073499293,2.099,92.1022,13.781793,QM9-overlap reference
Cc1ccno1,10.218,83.08860000000003,83.037113785,3.197,47.52481,8.752546,QM9-overlap reference
O=CN1CCCC1,13.656,99.13106000000003,99.068413913,4.652,-186.08195,11.040787,QM9-overlap reference
O=CNC=O,13.699,73.05072000000001,73.016378341,2.799,-331.51954,6.39761,QM9-overlap reference
CCCCCC#N,15.782,97.15824000000006,97.089149357,4.112,-6.61096,12.040671,QM9-overlap reference
NC(=O)C1CC1,14.602,85.10448000000004,85.052763849,3.891,-125.96598,9.087477,QM9-overlap reference
CC(=O)c1ccccn1,12.375,121.13658000000004,121.052763849,2.943,-39.42972,13.637124,QM9-overlap reference
CCCC(=O)CC(C)C,13.927,128.2120400000001,128.120115132,3.081,-335.18548,15.595733,QM9-overlap reference
C#Cc1ccccc1N,8.242,117.14788000000004,117.057849229,1.827,322.95254,15.30547,QM9-overlap reference
OCCCCCO,13.415,104.14758000000003,104.083729624,2.66,-467.40691,11.140003,QM9-overlap reference
COCCC(C)(C)C,11.995,116.20134000000007,116.120115132,1.477,-307.24103,14.257007,QM9-overlap reference
CCCCCO,13.151,88.14818000000005,88.088815004,2.101,-304.41366,10.559516,Psi4-recomputed reference
COC(=O)CC#N,11.896,99.08800000000002,99.032028405,4.956,-246.31733,9.242659,QM9-overlap reference
CCC(CC)CC,17.895,100.20194000000008,100.125200512,0.069,-174.98603,13.579877,QM9-overlap reference
CCOC1CCCC1,11.98,114.18546000000008,114.104465068,1.203,-272.63389,13.771961,QM9-overlap reference
COCCO,0.0,76.09442000000003,76.052429496,1.869,-185.75766,7.359229,QM9-overlap reference
CCCNC(=O)C1CC1,13.812,127.18422000000004,127.099714041,3.618,-175.61141,14.716668,QM9-overlap reference
CNC=O,14.102,59.0672,59.037113785,4.523,-183.37236,5.968429,QM9-overlap reference
CC1=CCCC1,10.223,82.14360000000005,82.07825032,0.5670000000000001,-19.96983,11.071827,QM9-overlap reference
CCC,15.393,44.09561999999998,44.062600256,0.059,-96.59672,6.300604,QM9-overlap reference
N#CC1CC1,15.541,67.08920000000002,67.042199165,3.877,184.40308,7.98655,QM9-overlap reference
CCNC(=O)C1CCC1,14.058,127.18422000000004,127.099714041,3.794,-217.47459,14.571665,QM9-overlap reference
CC#CCC(C)(C)C,11.509,110.19676000000008,110.109550448,0.173,57.50265,14.907495,QM9-overlap reference
C[C@@H]1C[C@H]1/C=C\C1(C)CC1,10.061,136.23403999999994,136.125200512,0.479,124.43176,18.3013,Psi4-recomputed reference
CC(=O)CC(C)(C)C,13.975,114.18546000000008,114.104465068,3.028,-318.0325,13.712825,QM9-overlap reference
CCCOC(=O)C(C)C,11.511,130.18486,130.099379688,1.838,-499.81264,14.536427,QM9-overlap reference
CCC(=O)CC(C)(C)C,13.896,128.2120400000001,128.120115132,2.811,-334.45277,15.550135,QM9-overlap reference
CCCCCCCO,13.38,116.20134000000007,116.120115132,1.837,-340.15221,14.233462,QM9-overlap reference
CC(=O)C1(C)CCC1,13.847,112.16958000000008,112.088815004,3.183,-212.25871,13.243616,QM9-overlap reference
CCCO,16.394,60.095019999999984,60.057514876,1.867,-255.66655,6.8930810000000005,QM9-overlap reference
CC1CCC1,17.61,70.13290000000002,70.07825032,0.197,-36.6684,9.434538,QM9-overlap reference
C[C@@H]1CC[C@H]1[C@@H]1O[C@@H]1[C@@H]1CC1(C)C,15.082999999999998,180.28659999999985,180.15141526,1.826,-58.22898,22.153761,Psi4-recomputed reference
COC(=O)CC(=O)OC,11.833,132.11461999999997,132.042258736,3.103,-725.71775,11.71884,QM9-overlap reference
CCOC(=O)CN(C)C,10.287,131.17292,131.094628661,2.352,-399.48008,13.924136,QM9-overlap reference
O=C1CCCC1,11.065,84.11642000000003,84.057514876,3.286,-224.41532,9.645889,QM9-overlap reference
CCC(CC)(CC)CC,17.725,128.25510000000008,128.15650064,0.009,-210.19595,17.22393,QM9-overlap reference
CCOCc1ccco1,9.391,126.15310000000004,126.06807956,1.62,-222.80381,13.921933,QM9-overlap reference
COC(=O)C(C)C,11.489,102.13170000000004,102.06807956,1.711,-446.70776,10.8184,QM9-overlap reference
O=C(C1CC1)C1CC1,13.651,110.15370000000006,110.07316494,2.536,-17.97607,13.003173,QM9-overlap reference
CN[C@H]1CC[C@H]1C,15.045,99.17412000000006,99.104799421,1.456,-14.37878,12.501104,Psi4-recomputed reference
CCCCCCCCC,14.821000000000002,128.25510000000008,128.15650064,0.065,-224.50439,17.301329,QM9-overlap reference
COC(=O)[C@@H]1CCCN1,10.024,129.15704000000002,129.078978597,2.5,-370.56553,13.327534,Psi4-recomputed reference
CCCCC(=O)N(C)C,13.661,129.20010000000005,129.115364105,3.975,-290.89664,15.173187,QM9-overlap reference
Cn1cncc1C=O,12.274,110.11394000000004,110.048012822,6.25,20.01695,11.671547,QM9-overlap reference
CCNC(=O)CC(C)C,14.155,129.20010000000005,129.115364105,3.676,-328.96574,15.086031,QM9-overlap reference
CCOCC(C)(C)C,11.942,116.20134000000007,116.120115132,1.189,-316.98128,14.267496,QM9-overlap reference
CCCC(=O)C1CC1,13.788,112.16958000000004,112.088815004,2.818,-164.82131,13.398239,QM9-overlap reference
CCCCC[C@@H]1O[C@@H]1CC,15.666,142.23861999999988,142.135765196,2.059,-224.01834,17.5343,Psi4-recomputed reference
NC(=O)OCCO,14.538,105.09258000000004,105.042593089,3.089,-573.90911,8.946524,QM9-overlap reference
N#CCCCCC#N,13.151,108.14112000000004,108.068748266,0.017,150.87009,12.284882,QM9-overlap reference
O=C1CCCCCCO1,14.557,128.16898000000006,128.083729624,4.929,-396.22246,14.043982,QM9-overlap reference
CCCCOC(=O)CC,14.93,130.18486000000004,130.099379688,2.005,-497.59626,14.565601,QM9-overlap reference
CC/C=C/CO,10.467,86.13230000000006,86.07316494,2.303,-202.49754,10.420477,Psi4-recomputed reference
CCCCS[C@@H]1CC[C@H]1C,11.693,158.30421999999987,158.112921576,1.814,-90.77425,19.701292,Psi4-recomputed reference
CNC(=O)C1CC1,13.868,99.13106000000003,99.068413913,3.534,-126.148,11.008177,QM9-overlap reference
COC(C)(C)C,12.096,88.14818000000005,88.088815004,1.516,-285.38262,10.590388,QM9-overlap reference
O=COCC(F)(F)F,15.0,128.04992959999998,128.008513996,1.51,-1012.0377,7.28993,QM9-overlap reference
COC(=O)C1CCC1,11.455,114.14240000000004,114.06807956,1.71,-357.55598,12.140373,QM9-overlap reference
CCC(=O)CCC(C)C,13.97,128.2120400000001,128.120115132,2.87,-331.40049,15.612136,QM9-overlap reference
CCCCC[C@@H]1O[C@@H]1C/C=C\CCCCCCCC(=O)O,10.694,296.44488000000047,296.2351448840009,3.53,-667.93081,34.667506,Psi4-recomputed reference
Nc1ccccc1O,11.438,109.12588000000004,109.052763849,1.365,-87.49128,12.547601,QM9-overlap reference
F/C=C/C(F)(F)F,10.841,114.0415928,114.009262944,1.729,-802.56545,6.16973,Psi4-recomputed reference
CC1(C)C[C@H]1/C=C/C1CCCCC1,10.042,178.3137799999998,178.172150704,0.58,-41.66448,23.82353,Psi4-recomputed reference
CNC(=O)C1CCCC1,14.106000000000002,127.18422000000004,127.099714041,3.627,-262.15542,14.536813,QM9-overlap reference
C=O,16.929,30.025979999999997,30.010564684,0.753,-76.59991,2.28644,QM9-overlap reference
O=C1CCCCCC1,10.938,112.16958000000004,112.088815004,3.549,-259.78163,13.336358,QM9-overlap reference
CC1=CC(=O)CC1,12.947,96.12712,96.057514876,4.732,-150.10571,11.445548,QM9-overlap reference
N#Cc1ccccc1O,8.91,119.12070000000004,119.037113785,5.537,39.08078,13.483516,QM9-overlap reference
O=C1CCCCCCN1,11.089,127.18422000000008,127.099714041,4.505,-267.44065,14.582983,QM9-overlap reference
N#CCN1CCCCC1,10.447,124.18358000000006,124.100048394,4.888,95.83793,14.666597,QM9-overlap reference
COC(=O)C(C)(C)C,11.412,116.15828000000003,116.083729624,2.006,-470.62832,12.626804,QM9-overlap reference
C#CCCCC(C)C,11.99,110.19676000000008,110.109550448,1.179,87.59269,14.743583,QM9-overlap reference
CC(=O)OC1(C)CCC1,11.479,128.16898000000006,128.083729624,1.923,-419.29403,13.950406,QM9-overlap reference
COC(=O)C1(C)CC1,14.608,114.14240000000004,114.06807956,1.991,-321.58977,12.25779,QM9-overlap reference
CCC(=O)C1CCCC1,13.868,126.19616000000008,126.104465068,2.873,-275.97221,15.082399,QM9-overlap reference
CCC(=O)C1(C)CCC1,13.764,126.19616000000008,126.104465068,2.994,-229.35057,15.075931,QM9-overlap reference
CNC(=O)N(C)C,10.523,102.13500000000003,102.07931295,3.604,-210.38089,10.863146,QM9-overlap reference
OCc1ccccc1O,9.203,124.13722000000004,124.052429496,1.745,-274.32498,13.588326,QM9-overlap reference
CC(C)(C)C,15.369,72.14878000000003,72.093900384,0.0,-148.64815,9.92193,QM9-overlap reference
O=Cc1ccccn1,12.346,107.11000000000004,107.037113785,3.227,17.77031,11.802608,QM9-overlap reference
CC1=CCCCC1,10.292,96.17018000000006,96.093900384,0.465,-55.32352,12.942299,QM9-overlap reference
Cc1ccccc1C,9.31,106.16500000000003,106.07825032,1.035,20.0706,14.171784,QM9-overlap reference
CCC(C)(C)C,0.0,86.17536000000007,86.109550448,0.376,-44.694,11.454212,QM9-overlap reference
Cc1ccon1,13.497,83.0886,83.03711379,2.6870000000000003,55.33687,8.62953,QM9-overlap reference
N#CCC#N,13.001,66.0614,66.02179807,3.871,241.20963,6.31712,QM9-overlap reference
CCC(=O)OC1CCC1,11.585,128.16898000000006,128.083729624,1.967,-399.38357,14.040519,QM9-overlap reference
O=c1ccocc1,12.667000000000002,97.092,0.0,4.177,-181.21257,0.0,QM9-overlap reference
CCCCOC,12.009,88.14818000000001,88.088815004,1.449,-259.503,10.639161,QM9-overlap reference
CCCC(C)(C)C,18.029,100.20194000000008,100.125200512,0.048,-185.77079,13.572471,QM9-overlap reference
CCC1(C)CC1,16.055,84.15948000000006,84.093900384,0.462,-24.46728,11.362936,QM9-overlap reference
O=CNC1CCCC1,10.563,113.15764000000004,113.084063977,3.359,-145.06847,12.48574,QM9-overlap reference
CC1(C)CC[C@H]1OC1CCCCC1,11.767,182.3024799999998,182.167065324,1.126,-305.49298,22.455167,Psi4-recomputed reference
O=CNC1CC1,10.449,85.10448000000002,85.052763849,2.901,-2.69597,8.944601,QM9-overlap reference
CCOC(=O)C=O,12.706,102.08864000000004,102.031694052,1.089,-472.79872,9.337039,QM9-overlap reference
CCCCCOC,12.004,102.17476000000008,102.104465068,1.509,-280.73425,12.47676,QM9-overlap reference
O=C1CCC(=O)CC1,10.582,112.12652000000004,112.052429496,0.026,-372.26525,11.757393,QM9-overlap reference
NCc1ccco1,12.644,97.11518000000004,97.052763849,1.55,-32.89933,10.667049,Psi4-recomputed reference
NC(=O)c1cccnc1,12.629,122.12464000000004,122.048012822,5.127,-44.7469,12.99156,QM9-overlap reference
CCC(=O)CC(=O)CC,13.671,128.16898000000003,128.083729624,2.811,-435.57826,13.982006,QM9-overlap reference
CCCC(=O)NCC,14.119,115.17352000000004,115.099714041,3.839,-302.15938,13.279358,QM9-overlap reference
CCCCCOC=O,14.891000000000002,116.15828000000003,116.083729624,2.06,-446.63638,12.703308,QM9-overlap reference
C#CC1=CCCCC1,9.643,106.16500000000003,106.07825032,1.115,217.1576,14.399084,QM9-overlap reference
OCC#CCO,11.404,86.08924000000002,86.036779432,1.629,-157.47239,8.832228,QM9-overlap reference
CCOc1ccccc1,9.143,122.16440000000004,122.07316494,1.5630000000000002,-102.19414,14.976738,QM9-overlap reference
C#CC1(C)CC1,11.168,80.12772000000004,80.062600256,0.803,270.17092,10.75904,QM9-overlap reference
C1CCCCCC1,14.962,98.18606000000004,98.109550448,0.002,-116.66374,13.107152,QM9-overlap reference
CCCCCOCCC,11.924,130.2279,130.1357652,1.381,-331.74244,0.0,QM9-overlap reference
C[C@H]1C[C@H]1C(=O)SC1CCC1,11.755,170.27185999999983,170.076536068,0.805,-88.76705,19.681809,Psi4-recomputed reference
CPCCC(C)(C)C,13.234,132.18364100000002,132.106787174,3.083,-180.25885,17.774598,Psi4-recomputed reference
CPCCC(C)(C)C,13.234,132.18364100000002,132.106787174,3.083,-180.25886,17.774627,Psi4-recomputed reference
CNC(=O)C1(C)CC1,14.04,113.15764000000004,113.084063977,3.729,-154.43071,12.835364,QM9-overlap reference
CCC(=O)C1CCC1,13.851,112.16958000000008,112.088815004,2.878,-202.17152,13.260512,QM9-overlap reference
CCC1(CC)CCCC1,14.509,126.23922000000007,126.140850576,0.101,-167.67483,16.688582,QM9-overlap reference
c1cnnnn1,12.144,82.06408,82.027946084,4.871,402.09591,7.408977,QM9-overlap reference
CCC#CCC,11.422,82.14360000000005,82.07825032,0.21,110.4397,11.284604,QM9-overlap reference
CC1(O)CCC1,16.461,86.13230000000004,86.07316494,1.852,-224.51976,10.027165,QM9-overlap reference
COc1ccccc1C,9.08,122.16440000000006,122.07316494,1.225,-107.9533,14.950506,QM9-overlap reference
O=CCc1ccccc1,9.76,120.14852000000003,120.057514876,2.915,-48.38911,14.271178,QM9-overlap reference
CCCCOCCCC,11.916,130.22792000000004,130.135765196,1.235,-331.04617,16.189174,QM9-overlap reference
CC(=O)NC1CC1,13.748,99.13106000000003,99.068413913,3.761,-142.73164,11.147118,QM9-overlap reference
COC(=O)CC(C)(C)C,14.847,130.18486,130.099379688,1.647,-494.63025,14.425743,QM9-overlap reference
OCCn1cccn1,13.204,112.12982000000004,112.063662886,0.992,-0.8525100000000001,11.820616,QM9-overlap reference
COC1(C)CCC1,12.018,100.15888000000008,100.088815004,1.549,-201.17449,11.920959,QM9-overlap reference
CCC(=O)CC(C)C,13.962,114.18546000000008,114.104465068,2.932,-310.87537,13.765367,QM9-overlap reference
O=CNc1ccccc1,11.938,121.13658000000004,121.052763849,3.378,-61.07804,13.980337,QM9-overlap reference
CCCCCOC1CC1,11.75,128.21204000000006,128.120115132,1.415,-187.79355,15.77814,QM9-overlap reference
C[C@H](Cc1ccccc1)NC(=S)S,7.349,211.3469199999998,211.048941421,4.069,119.87579,24.231393,Psi4-recomputed reference
CCC(=O)CC,13.981,86.13230000000004,86.07316494,2.92,-264.8626,10.140193,QM9-overlap reference
CCCCCOC(C)C,11.971,130.22792000000004,130.135765196,1.304,-345.00811,16.161292,QM9-overlap reference
O=CN1CCCCC1,13.532,113.15764000000006,113.084063977,4.198,-219.48073,12.876089,QM9-overlap reference
NC(=O)N1CC1,10.838,86.09254000000003,86.048012822,1.992,-53.38903,8.494198,QM9-overlap reference
CC1(C)OO1,10.631,74.07854000000003,74.036779432,2.875,-61.63231,7.104869,Psi4-recomputed reference
CCCC(=O)OC(C)C,11.63,130.18486,130.099379688,2.043,-514.04155,14.5233,QM9-overlap reference
OC1CCCCCCC1,13.282,128.2120400000001,128.120115132,1.807,-301.79573,15.516363,QM9-overlap reference
CCCOC(C)(C)C,11.993,116.20134000000007,116.120115132,1.376,-337.58415,14.286488,QM9-overlap reference
CCOC(=O)CC,14.951,102.13170000000004,102.06807956,2.006,-455.52483,10.870457,QM9-overlap reference
CC/C=C/CCOC(=O)/C=C/c1ccccc1,8.768,230.30221999999975,230.130679816,2.16,-214.51584,28.174594,Psi4-recomputed reference
CCCCC(C)(C)C,17.797,114.22852000000007,114.140850576,0.053,-195.77471,15.403589,QM9-overlap reference
CCCC1=CCCC1,10.491,110.19676000000008,110.109550448,0.457,-59.84502,14.714121,QM9-overlap reference
Nn1cnnc1,13.564,84.07996000000001,84.043596148,6.418,323.12367,7.956947,Psi4-recomputed reference
CCNC(=O)C1(C)CC1,14.05,127.18422000000004,127.099714041,3.755,-184.23506,14.686651,QM9-overlap reference
[Li][NH+]O,10.984,38.963,39.02964324,7.345,122.44337,2.15578,Psi4-recomputed reference
CC#CC(C)(C)C,11.624,96.17018000000006,96.093900384,0.215,80.52156,13.107988,QM9-overlap reference
C1CCC2(CC1)CC2,15.93,110.19676000000008,110.109550448,0.44,-25.41505,14.552115,QM9-overlap reference
CCC1CC1,13.079999999999998,70.13290000000002,70.07825032,0.283,2.42282,9.545545,QM9-overlap reference
CCOC1(C)CC1,11.792000000000002,100.15888000000008,100.088815004,1.5550000000000002,-160.45706,12.071805,QM9-overlap reference
Nc1ccccc1F,8.64,111.1169,111.04842742,1.929,-98.4294,12.21895,QM9-overlap reference
CCC#N,13.495,55.07849999999999,55.042199165,3.928,56.98099,6.503759,QM9-overlap reference
CCCCCCC=O,13.865,114.18546000000006,114.104465068,2.858,-273.83097,13.783066,QM9-overlap reference
CC(=O)N(C)C,10.349,87.12036000000005,87.068413913,4.233,-230.47082,9.670726,QM9-overlap reference
C1CC2(C1)CC2,16.13,82.14360000000005,82.07825032,0.253,86.74931,10.852568,QM9-overlap reference
CCCNC(=O)C(C)C,14.117,129.20010000000005,129.115364105,3.38,-326.12984,15.10558,QM9-overlap reference
COC(=O)c1cn[nH]n1,9.942,127.1014,127.038176415,1.722,-62.86604,11.383768,QM9-overlap reference
CCC(=O)OCC(C)C,11.624,130.18486000000004,130.099379688,1.988,-500.27316,14.536913,QM9-overlap reference
C#CC1CCC1,11.767,80.12772000000004,80.062600256,0.887,236.46463,10.601506,QM9-overlap reference
CC1(C)CCOCO1,12.167,116.15828000000006,116.083729624,2.479,-429.89119,12.54767,QM9-overlap reference
CC1CCCC1,14.484,84.15948000000006,84.093900384,0.111,-110.37339,11.244641,QM9-overlap reference
BrBr,11.2,159.808,157.836674,0.0,35.44985,6.883293,Psi4-recomputed reference
COC1CCC1,12.019,86.13230000000006,86.07316494,1.415,-164.7237,10.110347,QM9-overlap reference
O=COc1ccccc1,9.465,122.12134000000002,122.036779432,3.883,-192.23327,13.484445,QM9-overlap reference
Nc1ccccc1N,8.440000000000001,108.14112000000004,108.068748266,0.936,97.06942,13.14611,QM9-overlap reference
CCC(=O)CO,13.887,88.10512000000004,88.052429496,4.485,-375.05389,8.937907,QM9-overlap reference
N#CC1CCC1,12.534,81.11578,81.057849229,3.923,120.46936,9.6925,QM9-overlap reference
CNC(=O)CC(C)C,14.158,115.17352000000004,115.099714041,3.691,-299.11498,13.230857,QM9-overlap reference
CCN1C(=O)CCC1=O,10.218,127.14116000000006,127.063328533,1.959,-411.89205,13.19089,QM9-overlap reference
COC1CCCCC1,11.921,114.18546000000008,114.104465068,1.481,-273.45832,13.799044,QM9-overlap reference
CC#Cc1ccccc1,8.708,116.15982000000004,116.062600256,0.972,284.05658,16.054673,QM9-overlap reference
CCOC1CCCCC1,11.86,128.2120400000001,128.120115132,1.286,-302.8689,15.664888,QM9-overlap reference
CCCCOC1(C)CC1,11.772,128.21204000000006,128.120115132,1.53,-202.89189,15.752041,QM9-overlap reference
Fc1ccccc1F,9.326,114.09276640000002,114.028106568,2.713,-286.66813,10.497233,QM9-overlap reference
CCCCOC(C)C,11.971,116.20134000000007,116.120115132,1.242,-323.67982,14.32207,QM9-overlap reference
C1CCCCCCCC1,14.951,126.23922000000005,126.140850576,0.007,-146.20166,16.739085,QM9-overlap reference
CCCOC(=O)C1CCC1,14.732,142.19555999999986,142.099379688,1.868,-410.97167,15.871027,Psi4-recomputed reference
COCc1ccccc1,9.502,122.16440000000006,122.07316494,1.569,-74.12201,14.864196,QM9-overlap reference
COC(=O)CO,11.602,90.07794000000004,90.031694052,2.584,-552.27588,7.741248,QM9-overlap reference
N#CC1=CCCCC1,9.97,107.15306000000004,107.073499293,4.563,105.03641,13.383548,QM9-overlap reference
OCC1CC1,12.729,72.10572000000005,72.057514876,1.92,-140.25408,8.305888,QM9-overlap reference
CC1=NCCO1,10.628,85.10448000000004,85.052763849,1.545,-134.60595,9.095333,QM9-overlap reference
CCCCC(C)C,17.978,100.20194000000008,100.125200512,0.071,-183.01857,13.605759,QM9-overlap reference
CCCC#CCCC,11.694,110.19676000000008,110.109550448,0.176,66.74545,15.031251,QM9-overlap reference
CNC=O,10.558,59.0672,59.037113785,3.224,-101.75394,5.527437,QM9-overlap reference
CCCC(=O)CCC,13.844,114.18546000000008,114.104465068,3.257,-308.9174,13.817273,QM9-overlap reference
CCN1C(=O)C=CC1=O,11.944,125.12528000000005,125.047678469,1.104,-242.69126,12.900758,QM9-overlap reference
OCCc1cnc[nH]1,12.838,112.12982000000004,112.063662886,3.171,-91.59735,11.767975,QM9-overlap reference
C1CCC2(C1)CC2,15.973,96.17018000000006,96.093900384,0.397,4.59415,12.670089,Psi4-recomputed reference
CCCOC1CCCC1,11.944,128.2120400000001,128.120115132,1.254,-294.24503,15.611728,QM9-overlap reference
Oc1ccccc1F,8.888,112.10170320000005,112.032443,0.876,-278.41769,11.164066,QM9-overlap reference
CCCCC=O,13.871,86.13230000000006,86.07316494,2.868,-231.29368,10.119483,QM9-overlap reference
CC1(C)COCCO1,11.54,116.15828000000006,116.083729624,0.284,-411.30972,12.54113,QM9-overlap reference
CCOC(=O)C(C)(C)C,11.408,130.18486000000004,130.099379688,2.25,-503.39203,14.499078,QM9-overlap reference
CCO,0.0,46.06843999999999,46.041864812,2.11,-45.96266,4.847431,QM9-overlap reference
CCCC1(C)CCCC1,14.484,126.23922000000007,126.140850576,0.104,-170.55605,16.678881,QM9-overlap reference
CC#CCCC(C)C,11.512,110.19676000000008,110.109550448,0.2,63.93362,14.9759,QM9-overlap reference
CCCC(=O)C(C)C,13.836,114.18546000000006,114.104465068,2.892,-309.74251,13.7788,QM9-overlap reference
O=C1CCCC(=O)C1,13.909,112.12652000000004,112.052429496,3.655,-375.39337,11.770789,QM9-overlap reference
C#CCCC(C)C,11.913,96.17018000000006,96.093900384,1.037,111.40096,12.853438,QM9-overlap reference
N#Cc1ccccc1N,11.341,118.13594000000003,118.053098202,4.233,209.86572,14.242413,QM9-overlap reference
C[C@H]1C[C@@H]1[S@](=O)[C@@H]1CC1(C)C,12.779,172.2877399999999,172.092186132,4.381,-40.10071,20.309526,Psi4-recomputed reference
CCCC#CC(C)C,11.431,110.19676000000008,110.109550448,0.184,65.97952,15.020805,QM9-overlap reference
COc1cccnc1N,8.167,124.14052000000004,124.063662886,3.139,-31.23996,13.830964,QM9-overlap reference
CCCCC(=O)OC,14.944,116.15828000000003,116.083729624,1.748,-466.21342,12.668312,QM9-overlap reference
O=C1CCCN1,10.898,85.10448000000004,85.052763849,4.517,-208.08013,9.084469,QM9-overlap reference
CCC(C)(C)C,18.112,86.17536000000007,86.109550448,0.033,-163.55348,11.747604,QM9-overlap reference
OC1CCCCC1,13.019,100.15888000000004,100.088815004,1.875,-279.3445,11.857955,QM9-overlap reference
N=c1ccccoc1=O,12.072,123.10940000000002,123.032028405,2.851,-66.9416,12.801711,QM9-overlap reference
CCOCCC(C)C,11.946,116.20134000000007,116.120115132,1.256,-311.45113,14.317786,QM9-overlap reference
C#CCOCC#C,10.498,94.11124000000004,94.041864812,2.182,329.34503,11.13918,QM9-overlap reference
C#C,12.83,26.037280000000003,26.015650064,0.0,239.06159,3.513948,QM9-overlap reference
CC1OCCO1,11.636,88.10512000000004,88.052429496,1.532,-374.2475,8.818997,QM9-overlap reference
CCCOC(=O)CCC,14.94,130.18486,130.099379688,2.007,-499.08637,14.561717,QM9-overlap reference
O=Cc1ccccc1,9.456,106.12194000000002,106.041864812,3.082,-25.58955,12.578056,QM9-overlap reference
CN1CCC(=O)CC1,13.027,113.15764000000006,113.084063977,2.763,-192.70853,12.775758,QM9-overlap reference
CC(=O)C1CC1,10.876,84.11642,84.057514876,2.969,-125.83485,9.732965,QM9-overlap reference
COC(=O)C1(C)CCC1,11.37,128.16898000000003,128.083729624,1.957,-386.29399,13.945946,QM9-overlap reference
CC(=O)OCCO,14.814,104.10452000000004,104.047344116,2.693,-592.896,9.636376,QM9-overlap reference
CC1(/C=C\C2CCCCC2)CC1,10.483,164.2871999999998,164.15650064,0.548,-13.50948,21.26067,Psi4-recomputed reference
O=Cc1ccco1,12.199,96.08406000000002,96.021129368,3.045,-133.69119,9.899984,QM9-overlap reference
CCc1ccccc1C,9.334,120.19158000000006,120.093900384,0.983,-1.23428,15.997212,QM9-overlap reference
CCCOC1(C)CCC1,11.934,128.2120400000001,128.120115132,1.457,-253.75799,15.613986,QM9-overlap reference
CCC(=O)C(C)C,13.838,100.15888000000008,100.088815004,2.811,-287.15724,11.951453,QM9-overlap reference
C,9.519,16.042460000000002,16.031300128,2.0,430.44644,2.185805,QM9-overlap reference
NC/C=C/CC(=O)O,9.939,115.13046000000004,115.063328533,2.009,-346.66458,11.780472,Psi4-recomputed reference
N#CCCC#N,13.112,80.08795999999998,80.037448138,5.427,205.75724,8.540507,QM9-overlap reference
NC(=O)c1ccccn1,12.433,122.12464000000004,122.048012822,3.329,-46.75658,12.990177,QM9-overlap reference
Cc1ccncc1N,11.667,108.14112000000004,108.068748266,4.076,94.51766,12.990936,QM9-overlap reference
CCCCCCOC,12.008,116.20134000000007,116.120115132,1.441,-302.14707,14.312764,QM9-overlap reference
CCCCC(=O)OCC,14.942,130.18486,130.099379688,1.987,-498.42467,14.553129,QM9-overlap reference
CCNC(=O)C(C)(C)C,14.077,129.20010000000005,129.115364105,3.874,-327.14733,15.060417,QM9-overlap reference
Nc1ccccn1,11.866,94.11454000000003,94.053098202,1.987,117.79152,11.083391,QM9-overlap reference
CC(=O)c1ccco1,9.31,110.11064000000005,110.036779432,3.229,-198.30112,11.70932,Psi4-recomputed reference
CCC1CCCC1,17.724,98.18606000000008,98.109550448,0.06,-127.89219,13.061517,QM9-overlap reference
C=CCSC#N,8.5,99.15420000000002,99.014270165,3.821,189.09555,11.115351,Psi4-recomputed reference
CC(=O)c1ccc[nH]1,12.246,109.12588000000004,109.052763849,4.793,-65.37876,12.321483,QM9-overlap reference
CCC1CCCCC1,17.66,112.21264000000008,112.125200512,0.037,-155.64888,14.933887,QM9-overlap reference
COC(=O)C1CCCC1,11.508,128.16898000000003,128.083729624,1.857,-433.63286,13.961021,QM9-overlap reference
O=C1CCCCCCC1,13.919,126.19616000000006,126.104465068,3.252,-275.50329,15.10288,QM9-overlap reference
CC1=CC(=O)CCC1,9.825,110.15370000000006,110.07316494,4.848,-187.43143,13.308344,QM9-overlap reference
CCCCCCCCCCCCC,17.61,184.36141999999975,184.219100896,0.064,-309.89631,24.654633,Psi4-recomputed reference
CCCC,14.993,58.12219999999998,58.078250319999995,0.003,-118.02856,8.130492,QM9-overlap reference
CCC(=O)OC(C)C,11.632,116.15828000000006,116.083729624,1.969,-492.01277,12.678712,QM9-overlap reference
O=COCCOC=O,11.561,118.08804000000002,118.026608672,0.025,-678.73431,9.92506,QM9-overlap reference
CC=O,10.676,44.05255999999999,44.026214748,3.08,-172.08831,4.636228,QM9-overlap reference
CCCCCCC,14.647,100.20194000000008,100.125200512,0.066,-181.81775,13.630498,QM9-overlap reference
NCCN1CCNCC1,14.438,129.20340000000004,129.126597495,1.77,35.62124,14.940751,Psi4-recomputed reference
O=CC1CCC1,10.401000000000002,84.11642000000003,84.057514876,3.193,-124.98344,9.660794,QM9-overlap reference
CNC(=O)C1CCC1,14.093,113.15764000000004,113.084063977,3.651,-188.9251,12.718982,QM9-overlap reference
CCOCCCOCC,12.06,132.20074000000002,132.115029752,2.556,-435.03347,15.053317,QM9-overlap reference
CNC(=O)C(=O)NC,10.559,116.11852000000005,116.058577506,5.809,-342.61803,11.294642,QM9-overlap reference
O=c1cc[nH]c(=O)[nH]1,12.43,114.10264,0.0,4.48,-310.36507,0.0,QM9-overlap reference
CCCOC(=O)C1CC1,11.343,128.16898000000003,128.083729624,1.759,-349.55225,14.161246,QM9-overlap reference
Oc1ccccc1,0.0,94.11124000000002,94.041864812,3.566,33.85544,10.898963,QM9-overlap reference
Oc1ccccc1,12.271,94.11124000000004,94.041864812,1.308,-92.70895,11.079181,QM9-overlap reference
CCCC(=O)CCO,13.901,116.15828000000006,116.083729624,4.347,-462.61851,12.533639,QM9-overlap reference
Cc1cccnc1,12.694,93.12648000000004,93.057849229,2.768,92.32417,11.530702,Psi4-recomputed reference
CC(=O)OC1CCC1,11.605,114.14240000000004,114.06807956,2.153,-381.14323,12.189186,QM9-overlap reference
N#Cc1n[nH]nc1C#N,11.89,119.08424,119.023195057,5.296,582.5235,11.280151,QM9-overlap reference
C[C@@H]1CC[C@H]1S[C@@H]1CCC1(C)C,11.702,184.3414999999998,184.12857164,1.65,-45.09203,22.776304,Psi4-recomputed reference
CNC(=O)C(C)C,14.15,101.14694000000004,101.084063977,3.453,-275.0248,11.420133,QM9-overlap reference
CCc1ccccc1O,12.204,122.16440000000006,122.07316494,1.949,-142.80388,14.827776,QM9-overlap reference
CCOC(=O)C1(C)CC1,14.601,128.16898000000003,128.083729624,2.246,-354.03143,14.134896,QM9-overlap reference
O=C1NCCO1,14.13,87.07730000000002,87.032028405,5.501,-332.67136,7.876779,QM9-overlap reference
CCC(=O)OC(C)(C)C,14.814,130.18486000000004,130.099379688,1.839,-526.53566,14.461613,QM9-overlap reference
CCCCCC=O,10.868,100.15888000000008,100.088815004,2.925,-252.62071,11.951807,QM9-overlap reference
CCCc1ccncc1,10.007,121.17964000000006,121.089149357,3.161,48.07368,15.178655,QM9-overlap reference
O=C1CCCCCN1,14.106,113.15764000000004,113.084063977,4.662,-255.17935,12.782892,QM9-overlap reference
O=Cc1cocn1,12.636,97.07212,97.016378341,4.604,-95.56136,9.06099,QM9-overlap reference
CC1(C)CC1(C)C,15.678,98.18606000000008,98.109550448,0.449,-54.50257,13.190804,QM9-overlap reference
CCCOCCC(C)C,11.919,130.22792000000007,130.135765196,1.304,-333.44293,16.16122,QM9-overlap reference
O=CNC1CCC1,10.779,99.13106000000003,99.068413913,3.181,-71.47961,10.610952,QM9-overlap reference
Cc1cccc(=O)[nH]1,11.663,109.12588000000004,109.052763849,4.839,-132.29274,12.5373,QM9-overlap reference
N#Cc1ccccc1,9.497,103.12130000000002,103.042199165,4.228,223.99289,12.74277,QM9-overlap reference
O=C1CCCCC1,10.887,98.14300000000004,98.07316494,3.472,-249.07474,11.519001,QM9-overlap reference
Nc1nonc1N,11.991,100.07936000000002,100.038510768,4.396,219.29901,8.790754,QM9-overlap reference
CCC1(C)CC1,0.0,84.15948000000004,84.093900384,0.679,91.92628,11.169574,QM9-overlap reference
CCCOC(C)C,11.98,102.17476000000008,102.104465068,1.326,-303.11362,12.479079,QM9-overlap reference
COCC(C)(C)C,11.993,102.17476000000008,102.104465068,1.342,-287.16055,12.415514,QM9-overlap reference
CCCC(=O)C1CCC1,13.84,126.19616000000006,126.104465068,2.941,-224.54484,15.089596,QM9-overlap reference
CC(=O)NC1(C)CC1,14.16,113.15764000000006,113.084063977,3.581,-167.41166,12.823733,QM9-overlap reference
CCCCOC(C)(C)C,11.984,130.22792000000004,130.135765196,1.301,-358.08754,16.128146,QM9-overlap reference
Cc1nccn1CCO,12.868,126.15640000000003,126.07931295,5.957,-87.76591,13.688725,QM9-overlap reference
c1cnon1,10.515,70.05008000000001,70.016712694,2.709,201.52781,6.115284,QM9-overlap reference
Cc1nonc1C,13.26,98.10324000000004,98.048012822,4.216,120.01892,9.927648,QM9-overlap reference
CCOCCCC(C)C,11.948,130.22792000000007,130.135765196,1.321,-332.4381,16.157601,QM9-overlap reference
CN(N=O)[C@@H]1CO1,10.01,102.09194000000002,102.042927442,2.461,-4.01616,9.494716,Psi4-recomputed reference
N#CC#N,15.739,52.0348,52.00614801,0.001,299.09378,4.968501,Psi4-recomputed reference
O=C1CCOCC1,13.947,100.11582000000004,100.052429496,2.762,-357.41688,10.296037,QM9-overlap reference
O=CC1CC1,10.367,70.08984000000002,70.041864812,3.227,-65.18376,7.975037,QM9-overlap reference
N=C1S[C@@H]2CCCC[C@@H]2C2=NCCC[N+]12,11.078,223.33777999999992,223.114318559,0.988,273.52406,26.170944,Psi4-recomputed reference
C1C[C@H]2CC[C@@H]1N=N2,10.114,110.15700000000004,110.08439833,4.213,121.64088,12.62894,Psi4-recomputed reference
CCOC1CCC1,11.956,100.15888000000008,100.088815004,1.263,-194.04734,11.968144,QM9-overlap reference
CC(=O)C1CCC1,13.947,98.14300000000006,98.07316494,3.046,-184.88068,11.429822,QM9-overlap reference
N#CC(=O)C#N,9.899,80.0449,80.00106263,0.623,200.29437,7.027455,QM9-overlap reference
O=C1NCCNC1=O,13.189,114.10264000000002,114.042927442,7.457,-295.97832,10.723859,QM9-overlap reference
CC(=O)NC1CCCC1,14.098,127.18422000000008,127.099714041,3.913,-285.9552,14.605689,QM9-overlap reference
C,0.0,16.04246,16.031300127999998,0.0,117.0261,2.287129,QM9-overlap reference
CCCCCC(C)C,14.887,114.22852000000007,114.140850576,0.101,-204.38098,15.439101,QM9-overlap reference
O=CC(F)(F)F,13.593,98.0239496,97.997949312,2.379,-772.44815,4.817912,QM9-overlap reference
Nc1ccn[nH]1,12.613,83.09190000000002,83.048347175,3.643,198.05684,8.687859,QM9-overlap reference
CCC(=O)C1CC1,13.793,98.14300000000006,98.07316494,2.753,-142.44713,11.564348,QM9-overlap reference
c1cnnnc1,12.656,81.07602000000001,81.032697111,5.305,301.85475,8.103119,QM9-overlap reference
COC(=O)CCC(C)C,11.636,130.18486,130.099379688,1.756,-489.08432,14.486481,QM9-overlap reference
CCCCCCCCO,16.434,130.22792000000007,130.135765196,2.12,-368.49051,16.065433,QM9-overlap reference
CCCC1CCCC1,14.618,112.21264000000008,112.125200512,0.042,-147.59062,14.875153,QM9-overlap reference
C1=CC=CC=CC=C1,9.189,104.14912000000004,104.062600256,0.011,249.49134,13.786127,QM9-overlap reference
C1=CC=CC=CC=C1,8.883000000000001,104.14912000000004,104.062600256,0.023,249.50761,13.855663,QM9-overlap reference
CCNC=O,10.751,73.09378000000004,73.052763849,3.784,-195.19207,7.755796,QM9-overlap reference
C=Cc1ccncc1,12.775,105.13718000000004,105.057849229,2.742,189.91268,13.226976,Psi4-recomputed reference
CCCOC=O,14.919999999999998,88.10512000000004,88.052429496,2.018,-404.97098,9.009151,QM9-overlap reference
CCC/C=N/O,10.606,87.12036000000005,87.068413913,1.227,-90.80076,9.719973,Psi4-recomputed reference
C#CCC(C)(C)C,12.25,96.17018000000006,96.093900384,1.158,102.4852,12.857097,QM9-overlap reference
CC(=O)CC(=O)C(C)C,10.602,128.16898000000003,128.083729624,1.668,-442.39925,13.927023,QM9-overlap reference
NCC(F)(F)F,14.674,99.0550696,99.029583793,1.217,-689.31299,5.80685,QM9-overlap reference
CCCC(=O)NC(C)C,14.176000000000002,129.20010000000005,129.115364105,3.703,-334.93496,15.125026,QM9-overlap reference
O=C1OCCO1,11.782,88.06205999999999,88.016043988,5.068,-493.84449,7.316931,QM9-overlap reference
O=C1CCCC(=O)N1,10.871,113.11458000000002,113.047678469,4.167,-417.09807,11.361715,QM9-overlap reference
CC1(C)COC=N1,14.019000000000002,99.13106000000003,99.068413913,1.862,-146.53347,10.853781,QM9-overlap reference
CN(C=O)CO,10.79,89.09318000000003,89.047678469,3.262,-377.42075,8.45518,Psi4-recomputed reference
COC(=O)CN,13.747,89.09318000000003,89.047678469,1.826,-368.55542,8.394811,QM9-overlap reference
C[NH2+]OC,11.343,62.091019999999986,62.060588880999994,0.788,-77.53242,6.347184,Psi4-recomputed reference
c1cnc2c(c1)CCC2,12.487000000000002,119.16376000000004,119.073499293,2.509,92.14887,14.759098,QM9-overlap reference
Fc1cncnc1,12.593,98.07842320000002,98.028026326,0.979,-7.99345,8.931626,QM9-overlap reference
OC1CCC1,16.414,72.10572000000003,72.057514876,1.728,-182.68584,8.198891,QM9-overlap reference
O=CC1CCCCC1,13.71,112.16958000000008,112.088815004,3.181,-230.72601,13.311618,QM9-overlap reference
CCCC#N,16.181,69.10508000000003,69.057849229,4.063,35.30588,8.359069,QM9-overlap reference
CC(=O)c1ccccc1,9.512,120.14852000000003,120.057514876,3.183,-82.40119,14.393727,QM9-overlap reference
NC(=O)c1ccccc1,12.601,121.13658000000002,121.052763849,3.807,-82.07536,13.716543,QM9-overlap reference
CN1C(=O)CCC1=O,13.451,113.11458000000005,113.047678469,2.054,-382.55582,11.385432,QM9-overlap reference
CCC(=O)NC(C)C,14.182,115.17352000000008,115.099714041,3.657,-312.50806,13.28442,QM9-overlap reference
N/C=C/OP(=O)(O)O,7.949,139.04710099999994,139.003444307,4.054,-974.32463,13.114604,Psi4-recomputed reference
O=C1CCC(=O)N1,13.868,99.08800000000002,99.032028405,2.833,-381.12984,9.47335,QM9-overlap reference
CN1CC(=O)NC(=O)C1,9.984,128.12922000000003,128.058577506,4.873,-334.75217,12.631605,QM9-overlap reference
C1CC2(C1)CCC2,13.869,96.17018000000006,96.093900384,0.003,21.88548,12.559839,QM9-overlap reference
CC(=O)NC1CCC1,14.029,113.15764000000006,113.084063977,3.858,-211.32318,12.817126,QM9-overlap reference
O=CN1CCOCC1,10.55,115.13046000000004,115.063328533,3.258,-326.31724,11.739096,QM9-overlap reference
COC,12.112,46.06843999999999,46.041864812,1.625,-188.28735,5.103928,QM9-overlap reference
CCOC(=O)C1CC1,14.657,114.14240000000004,114.06807956,1.832,-328.1484,12.312118,QM9-overlap reference
C#N,17.713,27.025340000000003,27.010899037,2.773,124.87923,2.718676,QM9-overlap reference
O=CC=O,8.833,58.03608,58.005479304000005,3.838,-204.85778,4.843263,QM9-overlap reference
CCC1(C)CCCC1,14.625,112.21264000000008,112.125200512,0.095,-152.92033,14.869143,QM9-overlap reference
CCO,13.157,46.06844,46.041864812,1.807,-233.76071,5.060739,QM9-overlap reference
COc1ccccc1O,8.443,124.13722000000004,124.052429496,1.817,-241.94987,13.787052,QM9-overlap reference
CC(=O)C1CCCC1,13.953,112.16958000000008,112.088815004,3.063,-259.1949,13.247227,QM9-overlap reference
O[NH+]1CCCCC1,14.456,102.15488000000006,102.091889009,1.23,-130.73394,11.381931,Psi4-recomputed reference
CC1(C)CC=CC1,10.456,96.17018000000006,96.093900384,0.626,-31.33736,12.770257,QM9-overlap reference
C#CC#C,10.522,50.058679999999995,50.015650064,0.001,471.58398,6.987179,QM9-overlap reference
C1CCCCC1,8.072,84.1595,84.09390038,0.002,336.26277,15.98741,QM9-overlap reference
CCC(=O)C1(C)CC1,13.793,112.16958000000008,112.088815004,3.078,-167.42629,13.379451,QM9-overlap reference
C#CC#N,14.549,51.04674,51.010899037,3.73,376.19807,5.933095,QM9-overlap reference
O=C1CCC(=O)C1,13.838,98.09994000000005,98.036779432,1.954,-353.49166,9.908845,QM9-overlap reference
COC(=O)C(=O)OC,10.905,118.08804000000002,118.026608672,2.41,-662.45327,10.100213,QM9-overlap reference
CCCCO,13.081,74.1216,74.07316494,1.787,-276.08732,8.729524,QM9-overlap reference
COC(=O)CN(C)C,10.263,117.14634000000004,117.078978597,2.4130000000000003,-365.05097,12.089689,QM9-overlap reference
CS,0.0,48.10745999999999,48.003371128,1.757,109.15163,4.763688,Psi4-recomputed reference
CS,11.625,48.10745999999999,48.003371128,1.921,-21.71473,5.211218,Psi4-recomputed reference
CCC(=O)NC1(C)CC1,14.144,127.18422000000008,127.099714041,3.327,-183.78173,14.665514,QM9-overlap reference
CC(=O)CCO,14.108,88.10512000000004,88.052429496,1.517,-410.08693,8.886105,QM9-overlap reference
C1CC1,13.765,42.07973999999999,42.046950192,0.0,50.28594,5.867671,QM9-overlap reference
OCCO,16.116,62.06784,62.036779432,0.438,-400.50481,5.630997,QM9-overlap reference
CCOCCOCC,11.467,118.17416000000006,118.099379688,0.007,-413.12017,13.201369,QM9-overlap reference
CCOC1CC1,11.553,86.13230000000006,86.07316494,1.521,-120.48805,10.271549,QM9-overlap reference
CCC(=O)N(C)C,13.764,101.14694000000006,101.084063977,4.109,-243.5713,11.518657,QM9-overlap reference
CCCC#CCC(C)C,11.379,124.22334000000008,124.125200512,0.118,43.22475,16.867362,QM9-overlap reference
O=C1C=CC(=O)C1,12.258,96.08406000000002,96.021129368,1.181,-203.46281,9.814252,QM9-overlap reference
CCCOC(=O)CC,14.944,116.15828000000006,116.083729624,1.929,-476.98141,12.714519,QM9-overlap reference
NC(=O)C1CCC1,14.592,99.13106000000003,99.068413913,3.762,-189.53734,10.797661,QM9-overlap reference
CNC(=O)NC,14.188,88.10842000000004,88.063662886,3.284,-212.45392,8.959693,QM9-overlap reference
CCCCC1=CCCC1,13.489,124.22334000000008,124.125200512,0.445,-79.86747,16.519424,QM9-overlap reference
Nc1nccnn1,11.854,96.09066,96.043596148,2.738,255.5228,9.712906,QM9-overlap reference
CC(=O)OC1(C)CC1,11.265,114.14240000000004,114.06807956,1.818,-342.86582,12.260345,QM9-overlap reference
C#CCCC(C)C,0.0,96.17018000000006,96.093900384,1.044,206.31238,12.571638,QM9-overlap reference
CC(=O)SSCc1ccccc1,10.668,198.3050999999998,198.01730694,1.42,-88.0714,23.114462,Psi4-recomputed reference
Cc1ccccc1F,9.292,110.12888320000005,110.053178444,1.394,-141.37533,12.344571,QM9-overlap reference
CCCC(=O)OC(=C(Cl)Cl)P(=O)(OC)OC,11.956,291.0655810000002,289.98776550600036,4.894,-1142.53072,27.157106,Psi4-recomputed reference
OCCOCCO,11.491,106.12040000000002,106.06299418,2.077,-555.02583,9.994243,QM9-overlap reference
CCCC#CC(C)(C)C,14.783,124.22334000000008,124.125200512,0.177,39.68396,16.85099,QM9-overlap reference
CCCC1CC1,13.027,84.15948000000006,84.093900384,0.295,-16.97594,11.37888,QM9-overlap reference
Cc1cccnn1,9.679,94.11454000000003,94.053098202,4.362,180.31635,10.805358,Psi4-recomputed reference
CC/C=C\[C@@H]1CC1(C)C,10.291,124.22334000000006,124.125200512,0.287,8.31253,16.855547,Psi4-recomputed reference
C#CC#CC#C,9.314,74.08008000000001,74.015650064,0.0,702.12335,11.301739,QM9-overlap reference
C[C@H]1CNC(=O)NC1=O,10.567,128.12922000000003,128.058577506,4.744,-401.23623,12.528261,Psi4-recomputed reference
CCC=O,10.581,58.07913999999999,58.041864812,2.891,-187.56548,6.460314,QM9-overlap reference
CC1(O)CC1,15.823999999999998,72.10572000000003,72.057514876,1.885,-150.43866,8.31792,QM9-overlap reference
CCC[C@H]1CCCCN1,12.091,127.22728000000008,127.136099549,1.488,-107.87919,16.167809,Psi4-recomputed reference
NC(=O)NC(c1ccccc1)c1ccccc1,12.563,226.27375999999975,226.110613078,3.791,7.19736,26.646826,Psi4-recomputed reference
CCC1CCC1,17.465,84.15948000000006,84.093900384,0.164,-57.44397,11.260411,QM9-overlap reference
CCCCC(=O)CC,10.855,114.18546,114.104465068,3.221,-309.16144,13.813041,QM9-overlap reference
C#Cc1ccccn1,12.196,103.12130000000003,103.042199165,2.386,383.99187,13.066147,QM9-overlap reference
NC1CCCC1,15.747,85.14754000000006,85.089149357,1.861,-62.97809,10.568866,Psi4-recomputed reference
CCCOCC(C)C,11.929,116.20134000000007,116.120115132,1.354,-313.2108,14.31286,QM9-overlap reference
NC(=O)c1ncc[nH]1,9.264,111.10200000000005,111.043261795,1.439,-44.29222,10.847316,QM9-overlap reference
CCCCOC=O,11.602,102.13170000000004,102.06807956,2.091,-425.4332,10.861511,QM9-overlap reference
CC(C)C,18.571,58.12219999999998,58.078250319999995,0.094,-121.11629,8.11739,QM9-overlap reference
CSSSSC,9.881,158.3290399999999,157.935234192,0.279,-24.07253,18.587693,Psi4-recomputed reference
C#CC1CC1,11.303,66.10114,66.046950192,0.803,297.58592,8.915279,QM9-overlap reference
O=C1NCCCN1,14.123,100.11912000000004,100.063662886,5.318,-196.01919,10.335746,QM9-overlap reference
CCc1ccccn1,9.776000000000002,107.15306000000004,107.073499293,1.99,71.23617,13.367734,QM9-overlap reference
C/C=C/[C@@H]1CC[C@H]1C,10.347,110.19676000000004,110.109550448,0.281,-7.15881,14.861535,Psi4-recomputed reference
C/C=C/[C@H]1CC[C@@H]1C,10.347,110.19676000000004,110.109550448,0.281,-7.15878,14.861747,Psi4-recomputed reference
CCCCn1cncn1,10.122,125.17164000000004,125.095297367,4.358,138.14041,14.161015,QM9-overlap reference
CCCCOCCCO,11.885,132.20074000000002,132.115029752,2.569,-473.39753,14.952252,QM9-overlap reference
CCOC(=O)CN,13.760000000000002,103.11976000000004,103.063328533,2.266,-401.06002,10.282,QM9-overlap reference
C1CC1OC1CC1,11.693,98.14300000000006,98.07316494,1.299,-0.52325,11.662909,QM9-overlap reference
CCCCCCCC=O,13.864,128.21204000000006,128.120115132,2.9210000000000003,-295.27613,15.619362,QM9-overlap reference
CNC(=O)CC(C)(C)C,14.175,129.20010000000005,129.115364105,3.466,-320.28261,15.013996,QM9-overlap reference
CCCCCC(=O)OC,14.939,130.18486000000007,130.099379688,1.802,-487.80795,14.505752,QM9-overlap reference
CCOC(C)(C)C,12.32,102.17476000000008,102.104465068,1.334,-315.3494,12.449345,QM9-overlap reference
O=Cc1ccncc1O,11.892,123.10940000000002,123.032028405,2.786,-162.41267,12.546668,QM9-overlap reference
COC1=C(C)C=NC(=O)[NH+]1,8.651,140.1399199999999,140.058577506,6.803,-244.51714,14.386615,Psi4-recomputed reference
CCC1=NCCO1,10.6,99.13106000000003,99.068413913,1.528,-153.85797,10.929419,QM9-overlap reference
CC(=O)c1cccn1C,12.198,123.15246000000003,123.068413913,1.18,-84.17019,14.177035,QM9-overlap reference
OCc1cn[nH]n1,13.358,99.09130000000002,99.043261795,1.611,68.58789,9.176424,QM9-overlap reference
CCCC(=O)OCC,14.949000000000002,116.15828000000006,116.083729624,2.076,-477.57755,12.714638,QM9-overlap reference
Cc1nccc2c1C=CC(=O)[NH+]2,11.416,160.17261999999988,160.063662886,1.967,-36.27847,18.49661,Psi4-recomputed reference
CCCc1ccccc1,9.453,120.19158000000006,120.093900384,0.5690000000000001,14.28464,15.935284,QM9-overlap reference
CCCCC,14.815,72.14878000000003,72.093900384,0.066,-139.26822,9.965126,QM9-overlap reference
CC1=CCCC1(C)C,10.549,110.19676000000008,110.109550448,0.615,-70.07081,14.69961,QM9-overlap reference
O=C1CCCCC1=O,12.594,112.12652000000004,112.052429496,4.78,-335.46409,11.814354,QM9-overlap reference
O=C1CCNC(=O)N1,10.566,114.10264000000002,114.042927442,4.661,-377.95357,10.703039,QM9-overlap reference
CCNc1ccccc1,8.644,121.17964000000003,121.089149357,2.362,65.2484,15.697582,QM9-overlap reference
CO,16.599,32.04186000000001,32.026214748,1.943,-204.75811,3.213009,QM9-overlap reference
CCCC(=O)NC,14.165,101.14694000000004,101.084063977,3.676,-272.812,11.416038,QM9-overlap reference
COCCC#N,11.328,85.10448000000004,85.052763849,4.503,-80.1552,8.997393,QM9-overlap reference
COC(=O)CC(C)C,11.637,116.15828000000003,116.083729624,1.787,-469.43501,12.636171,QM9-overlap reference
CC(=O)C1(C)CC1,13.87,98.14300000000006,98.07316494,3.291,-149.95481,11.545759,QM9-overlap reference
CCCNC=O,13.842,87.12036000000003,87.068413913,3.469,-152.80463,9.225959,QM9-overlap reference
CCCC,0.0,58.12219999999998,58.078250319999995,0.413,27.66601,7.81287,QM9-overlap reference
NCCCNCCCN,12.132,131.21928000000003,131.142247559,2.218,-22.85843,15.245948,Psi4-recomputed reference
CC(=O)N1CC1,13.698,85.10448000000004,85.052763849,3.129,-60.50823,9.190959,QM9-overlap reference
CC,16.475,30.069040000000008,30.046950191999997,0.002,-76.13706,4.472911,QM9-overlap reference
CC1CC(=O)NC(=O)C1,13.885,127.14116000000004,127.063328533,4.181,-442.09659,13.162886,QM9-overlap reference
CCOC[N+]1C=C(F)C(=O)[NH+]C1=O,9.067,188.15636319999984,188.059720378,5.48,-661.95964,17.099326,Psi4-recomputed reference
Cn1cccc1,9.711,81.11578000000004,81.057849229,3.075,107.67504,10.067352,QM9-overlap reference
Nc1ccncn1,9.178,95.10260000000002,95.048347175,3.908,143.8422,10.251917,QM9-overlap reference
O=C1CCCCO1,14.59,100.11582000000004,100.052429496,5.05,-386.60961,10.403802,QM9-overlap reference
CCC(=S)[C@H]1CC[C@@H]1C,7.340000000000001,142.2617599999999,142.081621448,2.887,36.47536,17.485696,Psi4-recomputed reference
CC(=O)OC1CC1,14.582,100.11582000000004,100.052429496,2.079,-306.36496,10.49145,QM9-overlap reference
CN1CCCCC1,11.756,99.17412000000007,99.104799421,1.561,-48.34983,12.567874,Psi4-recomputed reference
O=C1CCCCCO1,11.329,114.14240000000004,114.06807956,5.058,-406.63382,12.228112,Psi4-recomputed reference
Nc1ccccc1,11.791,93.12648000000004,93.057849229,1.765,88.78185,11.809364,QM9-overlap reference
CC1(C)CC1,16.079,70.13290000000002,70.07825032,0.491,-5.90373,9.539862,QM9-overlap reference
c1ccnnc1,12.742,80.08796000000002,80.037448138,4.405,222.38912,8.85436,QM9-overlap reference
O=CCCC=O,10.517,86.08924000000003,86.036779432,0.069,-304.19512,8.439572,QM9-overlap reference
N,7.234,17.03052,17.026549101,1.845,616.54594,1.298245,QM9-overlap reference
O=C1C=CC(=O)N1,12.423,97.07212,97.016378341,1.911,-211.56383,9.214014,QM9-overlap reference
O=CN(C=O)C=O,13.854,101.06082,101.011292961,0.002,-478.7651,8.297552,QM9-overlap reference
CCCC(=O)CC,13.975,100.15888000000008,100.088815004,2.986,-287.46484,11.969347,QM9-overlap reference
CCCCOC1CC1,11.739,114.18546000000006,114.104465068,1.35,-165.65795,13.933407,QM9-overlap reference
C1CC1C1CC1,12.494,82.14360000000005,82.07825032,0.0,123.33085,11.029427,QM9-overlap reference
C1CCC2(C1)CCCC2,14.195,124.22334000000008,124.125200512,0.045,-125.39578,16.163824,QM9-overlap reference
CCCC,0.0,58.12219999999998,58.078250319999995,0.412,27.7089,7.813104,QM9-overlap reference
Nc1cccccc1=O,10.928999999999998,121.13658000000004,121.052763849,2.572,32.76233,14.563254,QM9-overlap reference
CC(=O)C(C)(C)C,13.855,100.15888000000008,100.088815004,3.034,-289.03719,11.928821,QM9-overlap reference
COC(=O)C1CC1,11.355,100.11582000000004,100.052429496,1.604,-296.35776,10.428345,QM9-overlap reference
C=CC(C)(C)C,10.963,84.15948000000006,84.093900384,0.457,-46.45222,11.464413,Psi4-recomputed reference
CCCCC,9.145,72.14877999999999,72.093900384,0.705,76.56386,9.901739,QM9-overlap reference
C1CCC1,17.747,56.10631999999998,56.062600256,0.0,-9.51471,7.603578,QM9-overlap reference
CCCC/C=C/CC/C=C/CCCCCC=O,10.14,236.3929199999997,236.214015516,2.809,-276.70068,29.863436,Psi4-recomputed reference
CCC[C@]1(C)O[C@@H]1C(C)(C)C,15.526,156.26519999999982,156.15141526,1.85,-260.83572,19.255693,Psi4-recomputed reference
NC(=O)C1CCCCC1,11.665,127.18422000000008,127.099714041,3.696,-291.78998,14.450339,QM9-overlap reference
CCCCOCCO,11.936,118.17416000000006,118.099379688,2.637,-455.19866,13.082826,QM9-overlap reference
CCC#CC(C)C,11.476,96.17018000000006,96.093900384,0.243,87.61519,13.139223,QM9-overlap reference
CCCOCCC,11.935,102.17476000000003,102.104465068,1.403,-289.91804,12.500853,QM9-overlap reference
C#CC(C)(C)C,15.414,82.14360000000003,82.07825032,0.979,126.2721,11.052375,QM9-overlap reference
CCOC(=O)CC(C)C,11.84,130.18486000000004,130.099379688,2.148,-500.5928,14.469497,QM9-overlap reference
C#CC(F)(F)F,12.391,94.0352496,94.003034692,3.063,-415.28978,5.612856,QM9-overlap reference
COCCOCCC=O,13.842,132.15768,132.078644244,3.22,-501.95377,13.368593,QM9-overlap reference
CCCC(=O)C(C)(C)C,13.773,128.21204000000006,128.120115132,3.078,-333.56131,15.595239,QM9-overlap reference
Fc1ccccc1,9.449000000000002,96.10230320000002,96.03752838,1.686,-102.91102,10.419515,QM9-overlap reference
CCCCOCC,11.952000000000002,102.17476000000008,102.104465068,1.266,-288.59026,12.501499,QM9-overlap reference
CPCC(C)(C)C,13.239999999999998,118.15706100000008,118.09113711,2.992,-163.13731,15.925884,Psi4-recomputed reference
CPCC(C)(C)C,13.239999999999998,118.15706100000008,118.09113711,2.992,-163.13719,15.925858,Psi4-recomputed reference
CC1(C)COCOC1,12.231,116.15828000000006,116.083729624,2.364,-414.66465,12.511584,QM9-overlap reference
OCc1cnc[nH]1,12.834,98.10324000000004,98.048012822,6.003,-38.67271,9.937987,QM9-overlap reference
CC1(C)CCCCC1,14.487,112.21264000000008,112.125200512,0.077,-164.35468,14.920168,QM9-overlap reference
N,14.423,17.030520000000003,17.026549101,2.184,-17.82555,1.877778,QM9-overlap reference
CCC(=O)NC,14.153,87.12036000000005,87.068413913,4.309,-246.78692,9.631819,Psi4-recomputed reference
C[C@H]1CC[C@@H]1C#N,15.583,95.14236000000002,95.073499293,4.132,91.26115,11.549339,Psi4-recomputed reference
COCC#N,10.998,71.07790000000003,71.037113785,4.859,-40.98435,7.190748,QM9-overlap reference
CC(=O)C#N,13.541,69.06202000000002,69.021463721,3.449,-28.61644,6.752048,QM9-overlap reference
CC(=O)OCC(C)(C)C,14.971,130.18486000000004,130.099379688,2.329,-507.29634,14.494612,QM9-overlap reference
CNC(=O)C(C)(C)C,14.118,115.17352000000004,115.099714041,3.717,-297.4052,13.196751,QM9-overlap reference
CCCCNC=O,14.049,101.14694000000006,101.084063977,4.072,-251.99395,11.447605,QM9-overlap reference
COCCCC(C)C,12.008,116.20134000000007,116.120115132,1.503,-303.26483,14.292229,QM9-overlap reference
COCC(=O)OC,14.395,104.10452000000004,104.047344116,3.05,-518.22848,9.683974,QM9-overlap reference
OCC1(CO)COC1,14.77,118.13110000000005,118.06299418,4.055,-485.39229,11.217213,QM9-overlap reference
C[C@H]1C[C@H]1C(=O)OC(C)(C)C,14.501,156.22213999999985,156.115029752,1.514,-428.15472,17.73182,Psi4-recomputed reference
COC1(C)CC1,11.89,86.13230000000006,86.07316494,1.639,-130.25584,10.213502,QM9-overlap reference
CCC(=O)NC1CCC1,14.036,127.18422000000008,127.099714041,3.594,-227.62147,14.659274,QM9-overlap reference
CCC(=O)NCC(C)C,14.108,129.20010000000005,129.115364105,3.671,-324.10531,15.104765,QM9-overlap reference
O=c1cccccc1,11.512,106.12194000000002,106.041864812,4.365,56.00511,12.968834,QM9-overlap reference
c1cn[nH]n1,13.574000000000002,69.06532000000001,69.032697111,0.033,261.06705,6.646417,QM9-overlap reference
CC1(C)CCCC1,14.408,98.18606000000008,98.109550448,0.092,-137.05897,13.03889,QM9-overlap reference
CCC(C)C,18.38,72.14878000000003,72.093900384,0.09,-135.90265,9.945761,Psi4-recomputed reference
Cc1ccccc1O,12.194,108.13782000000003,108.057514876,1.86,-129.17403,12.978981,QM9-overlap reference
CCC1=CCCC1,13.505,96.17018000000004,96.093900384,0.49,-38.81231,12.90131,QM9-overlap reference
O=CNCc1ccco1,9.7,125.12528000000005,125.047678469,3.376,-194.5983,12.853959,QM9-overlap reference
COc1ccccc1,9.169,108.13782000000003,108.057514876,1.455,-71.4032,13.050763,QM9-overlap reference
CCCCC#N,12.963,83.13166000000004,83.073499293,4.058,14.6946,10.199267,QM9-overlap reference
Clc1ccccc1Cl,12.254,147.00195999999997,145.969005488,3.053,24.51395,14.381979,Psi4-recomputed reference
Cc1cccnc1N,8.791,108.14112000000004,108.068748266,2.553,83.3354,12.991211,QM9-overlap reference
C/C=C\CCCC(C)C,10.533,126.23922000000007,126.140850576,0.5760000000000001,-123.88533,17.099822,Psi4-recomputed reference
C1CCCC1,14.908,70.13290000000002,70.07825032,0.016,-83.58616,9.420658,QM9-overlap reference
CCCCCC(=O)CC,13.972,128.21204000000006,128.120115132,2.947,-330.05155,15.636114,QM9-overlap reference
OCC(F)(F)F,15.975,100.03982960000002,100.013599376,3.859,-867.32517,5.163029,QM9-overlap reference
CC(=O)C1CCCCC1,13.859,126.19616000000008,126.104465068,3.061,-291.54732,15.139653,QM9-overlap reference
CCCC(=O)NC1CC1,13.753,127.18422000000004,127.099714041,3.578,-181.6956,14.835886,QM9-overlap reference
CCC(=O)OC,14.951,88.10512000000004,88.052429496,1.747,-423.45051,8.984653999999999,QM9-overlap reference
COC(C)C,12.088,74.12160000000002,74.07316494,1.46,-251.782,8.785141,QM9-overlap reference
CCC(=O)OC1CC1,14.589,114.14240000000004,114.06807956,1.888,-324.82942,12.341371,QM9-overlap reference
Cc1ccccc1N,11.748,107.15306000000004,107.073499293,1.981,54.9739,13.697919,QM9-overlap reference
O=C1COC1,10.579,72.06266000000002,72.021129368,0.683,-202.858,6.642786,QM9-overlap reference
CC1=CC(=O)OCC1,13.175999999999998,112.12652000000004,112.052429496,6.241,-325.95523,12.092286,QM9-overlap reference
CCCCOCC=O,13.745,116.15828000000006,116.083729624,3.936,-356.71212,12.686224,QM9-overlap reference
CCOCC(C)C,11.956,102.17476000000008,102.104465068,1.296,-291.37019,12.472526,QM9-overlap reference
CCCC(=O)OC1CC1,11.332999999999998,128.16898000000003,128.083729624,1.969,-347.25911,14.172015,QM9-overlap reference
CCCCCC(=O)NC,14.165,129.20010000000005,129.115364105,3.619,-315.26792,15.088636,QM9-overlap reference
CCOCC,11.991,74.12160000000006,74.07316494,1.294,-246.27913,8.820563,QM9-overlap reference
CCC(=O)C=O,12.19,86.08924000000003,86.036779432,4.339,-284.54915,8.575043,QM9-overlap reference
CCC(=O)NC(C)(C)C,14.215,129.20010000000005,129.115364105,3.518,-336.78417,15.021058,QM9-overlap reference
CCCCCCCN[C@H]1CCC[C@@H]1CCCCCCC(=O)O,12.846,311.50258000000053,311.282429429001,0.973,-694.74728,37.120843,Psi4-recomputed reference
N#CCCNCCC#N,13.882,123.15576000000004,123.079647303,3.206,206.63991,13.557298,QM9-overlap reference
COCCOCCO,11.333,120.14698000000006,120.078644244,1.897,-538.23152,11.919884,QM9-overlap reference
COCCOCCOC,11.255999999999998,134.17355999999998,134.094294308,1.623,-521.30025,13.850676,QM9-overlap reference
CCCOC1(C)CC1,11.807,114.18546000000008,114.104465068,1.587,-182.71737,13.908486,QM9-overlap reference
CCCCCCC#N,15.649,111.18482000000007,111.104799421,4.088,-28.00169,13.87798,QM9-overlap reference
C[C@@H]1CC[C@H]1N[C@@H]1CC1(C)C,14.255,153.26455999999985,153.151749613,1.337,14.44115,19.442043,Psi4-recomputed reference
C[C@@H]1CCC(=N)S1,8.571,115.19666000000004,115.045570293,4.584,16.53913,13.227584,Psi4-recomputed reference
CN1C(=O)C=CC1=O,11.876,111.09870000000002,111.032028405,1.126,-212.58846,11.10426,QM9-overlap reference
N#CC(F)(F)F,16.925,95.0233096,94.998283665,0.5660000000000001,-495.26225,4.746073,QM9-overlap reference
CCCC(CC)CC,14.763,114.22852000000007,114.140850576,0.057,-191.40107,15.394489,QM9-overlap reference
O=C1CCC1,10.72,70.08984,70.041864812,2.922,-126.64431,7.835728,QM9-overlap reference
COC1CCCC1,12.038,100.15888000000008,100.088815004,1.377,-243.11252,11.914254,QM9-overlap reference
Cc1c(N)cccc1F,8.452,125.14352320000005,125.064077481,3.087,-143.15158,13.779884,QM9-overlap reference
CC#CC(C)C,11.551,82.14360000000005,82.07825032,0.236,106.5362,11.273403,QM9-overlap reference
CC(=O)C1=CCCC1,12.767,110.15370000000006,110.07316494,3.54,-158.996,13.224823,QM9-overlap reference
O=Cc1ccccc1O,11.587,122.12134000000002,122.036779432,3.144,-241.37274,13.329638,QM9-overlap reference
CCOC(=O)C1CCC1,11.445,128.16898000000003,128.083729624,1.929,-389.54567,14.01939,QM9-overlap reference
CCCCOC1CCC1,11.918,128.21204000000006,128.120115132,1.239,-235.98761,15.651646,QM9-overlap reference
Cc1ccc(=O)[nH]c1,11.48,110.13382,0.0,4.615,-121.71757,0.0,QM9-overlap reference
CCOCCC(C)(C)C,11.938,130.22792000000007,130.135765196,1.29,-336.25795,16.119684,QM9-overlap reference
C#CC1CCCCC1,11.865,108.18088000000006,108.093900384,1.043,130.48361,14.305444,QM9-overlap reference
CCOP(=O)(OCC)SCSP(=O)(OCC)OCC,7.983999999999999,352.34490200000033,352.03330368400066,4.34,-1633.81358,36.951478,Psi4-recomputed reference
CCN(C=O)CC,13.67,101.14694000000006,101.084063977,4.243,-239.45151,11.511083,QM9-overlap reference
CCOC(=O)N(C)C,10.044,117.14634000000004,117.078978597,3.016,-415.43937,12.186688,QM9-overlap reference
CCOC(=O)NC,10.585,103.11976000000004,103.063328533,2.433,-418.33651,10.268175,QM9-overlap reference
N#CCc1ccccc1,9.842,117.14788000000004,117.057849229,3.826,197.18339,14.379743,QM9-overlap reference
CC#CCC(C)C,11.818,96.17018000000006,96.093900384,0.116,83.75789,13.110065,QM9-overlap reference
N#CC1CCCC1,12.452,95.14236000000004,95.073499293,3.987,45.31545,11.481753,QM9-overlap reference
C[C@@H]1CC[C@@H]1NC1CC1,14.254,125.21140000000008,125.120449485,1.189,75.26582,15.803856,Psi4-recomputed reference
O=CNC1CCCCC1,10.989,127.18422000000008,127.099714041,3.929,-260.03499,14.609972,QM9-overlap reference
OCCCCCCCO,13.37,132.20074000000002,132.115029752,2.523,-505.0543,14.831257,QM9-overlap reference
CNC(=O)CCC(C)C,14.167000000000002,129.20010000000005,129.115364105,3.5460000000000003,-316.37417,15.065816,QM9-overlap reference
O=CCCCC=O,13.765,100.11582000000004,100.052429496,5.62,-319.20826,10.262086,QM9-overlap reference
CC(=O)C(C)C,13.941,86.13230000000006,86.07316494,3.102,-269.37968,10.122473,QM9-overlap reference
C#CCOC[C@H]1CO1,11.127,112.12652000000004,112.052429496,2.781,40.90655,12.047848,Psi4-recomputed reference
CC1=C(C)CCC1,9.992,96.17018000000006,96.093900384,0.14,-59.17564,12.976539,QM9-overlap reference
CCCNC(=O)CCC,14.114,129.20010000000005,129.115364105,3.746,-322.5707,15.120431,QM9-overlap reference
BrCI,12.067,220.83505,219.838460064,1.668,58.64379,10.794485,Psi4-recomputed reference
NC(=O)c1ccco1,9.164,111.09870000000002,111.032028405,3.846,-197.86872,11.019515,QM9-overlap reference
CCCCCCCC,14.606000000000002,114.22852000000007,114.140850576,0.003,-203.16337,15.465363,QM9-overlap reference
CCCC(=O)C1(C)CC1,13.785,126.19616000000006,126.104465068,3.153,-189.89135,15.206997,QM9-overlap reference
FC(F)(F)F,19.341,88.0043128,87.99361288,0.005,-903.47633,2.734437,QM9-overlap reference
C#CC1CCCC1,15.248,94.15430000000003,94.07825032,0.997,164.4598,12.375652,QM9-overlap reference
CCc1ccnn1C,9.928999999999998,110.15700000000004,110.08439833,3.643,142.5573,13.07448,QM9-overlap reference
NC(=O)CO,14.588,75.06660000000002,75.032028405,4.253,-387.64146,6.4232700000000005,QM9-overlap reference
COC=O,11.636,60.051959999999994,60.021129368,1.66,-351.32944,5.292462,QM9-overlap reference
CCCC,0.0,58.12219999999998,58.078250319999995,0.412,27.7089,7.813104,QM9-overlap reference
CC1CCCCC1,14.613,98.18606000000008,98.109550448,0.08,-141.78142,13.126345,QM9-overlap reference
C[C@H]1CC[C@@H]1[S@@](=O)CCC(C)(C)C,12.809,202.3567799999998,202.139136324,4.332,-254.29154,24.196189,Psi4-recomputed reference
CNC(=O)C1(C)CCC1,14.082,127.18422000000004,127.099714041,3.692,-217.28958,14.5315,QM9-overlap reference
C#Cc1ccccc1,8.862,102.13324,102.046950192,0.536,331.83604,13.828921,QM9-overlap reference
CCCC(=O)N1CC1,13.673000000000002,113.1576,113.08406398,2.969,-101.9498,12.77568,QM9-overlap reference
C=O,16.929,30.02598,30.010564684,0.753,-76.59991,2.286348,QM9-overlap reference
O=C(/C=C/c1ccc2c(c1)OCO2)/C=C/c1ccc2c(c1)OCO2,7.925,322.31146000000007,322.0841235480004,3.123,-344.89428,36.848912,Psi4-recomputed reference
c1ccccc1,9.76,78.11184000000003,78.046950192,0.0,96.05012,10.350401,QM9-overlap reference
CCC(=O)NC1CC1,13.759,113.15764000000006,113.084063977,3.514,-158.87978,12.990636,QM9-overlap reference
CCN1CC1,15.218,71.12096000000004,71.073499293,1.977,97.33332,8.94121,QM9-overlap reference
O=CCCCCC=O,10.815,114.14240000000004,114.06807956,0.064,-345.62082,12.0994,QM9-overlap reference
COc1cccnc1,8.814,109.12588000000004,109.052763849,2.008,-26.61019,12.34908,QM9-overlap reference
Cn1cccn1,9.991,82.10384000000003,82.053098202,2.922,186.61366,9.325839,QM9-overlap reference
O=CCC(F)(F)F,13.961,112.0505296,112.013599376,4.57,-829.68379,6.531932,QM9-overlap reference
CC(=O)NC(=O)CN,13.155,116.11852000000005,116.058577506,5.404,-378.28035,11.086756,QM9-overlap reference
CC,9.409,30.069040000000005,30.046950191999997,2.163,330.0927,4.22117,QM9-overlap reference
CCCC(=O)OC,14.951999999999998,102.13170000000004,102.06807956,1.836,-445.40485,10.831486,QM9-overlap reference
CCC#CCC(C)C,11.399,110.19676000000008,110.109550448,0.144,65.23785,14.986902,QM9-overlap reference
CCCCCNCC#N,13.638,126.19946000000007,126.115698458,4.867,39.10268,15.133885,QM9-overlap reference
C[C@@H]1C[C@@H]1[C@H]1OC1(C)C,15.547,126.19616000000003,126.104465068,1.735,-83.3546,15.272622,Psi4-recomputed reference
O=c1occo1,9.829,86.04618,86.000393924,3.813,-368.17236,6.964227,QM9-overlap reference
CCOC1(C)CCC1,11.962,114.18546000000008,114.104465068,1.395,-231.76433,13.780693,QM9-overlap reference
N#CC1CCCCC1,15.662,109.16894000000003,109.089149357,3.984,13.94799,13.350931,QM9-overlap reference
CCCCOCC(C)C,11.92,130.22792000000004,130.135765196,1.273,-333.84292,16.156021,QM9-overlap reference
CCCCCOCC,11.949,116.20134000000007,116.120115132,1.324,-309.86479,14.3408,QM9-overlap reference
CC[C@H]1O[C@@H]1[C@H]1C[C@@H]1C,15.467,126.19616000000006,126.104465068,1.804,-68.30606,15.309216,Psi4-recomputed reference
O=CC1CCCC1,13.734000000000002,98.14300000000004,98.07316494,3.228,-200.23386,11.475001,QM9-overlap reference
ON=C1CCCCC1,10.459,113.15764000000004,113.084063977,1.708,-111.07148,12.930518,QM9-overlap reference
NC(=O)c1ccncc1,9.766,122.12464,122.048012822,3.565,-41.53344,12.982924,QM9-overlap reference
CCCCC#CC(C)C,11.437,124.22334000000008,124.125200512,0.169,44.9767,16.869015,QM9-overlap reference
CCCC(=O)N(C)C,13.659,115.17352000000004,115.099714041,4.068,-270.19183,13.336251,QM9-overlap reference
CCCC/C=C/[C@@H]1C[C@@H]1C,10.124,138.24991999999995,138.140850576,0.547,-9.17506,18.77257,Psi4-recomputed reference
CNC(=S)NC,11.517,104.17402000000004,104.040819266,6.881,37.7462,11.260817,Psi4-recomputed reference
CCCCCC,14.707999999999998,86.17536000000007,86.109550448,0.004,-160.47194,11.79723,QM9-overlap reference
CCC(=O)C(C)(C)C,13.779,114.18546000000008,114.104465068,3.021,-310.53564,13.759946,QM9-overlap reference
COc1ccccc1N,8.455,123.15246000000003,123.068413913,1.829,-65.19595,14.451861,QM9-overlap reference
COC(=O)C(F)(F)F,14.494,128.0499296,128.008513996,2.948,-992.69185,7.378396,QM9-overlap reference
C1CCC2(CC1)CCC2,13.71,124.22334000000008,124.125200512,0.201,-85.92568,16.240296,QM9-overlap reference
CCCOC,12.02,74.1216,74.07316494,1.533,-239.04537,8.798432,QM9-overlap reference
C#CC1(C)CCC1,15.038,94.15430000000003,94.07825032,0.868,208.59653,12.431307,QM9-overlap reference
C,19.635,16.04246,16.031300127999998,0.001,-60.26632,0.0,QM9-overlap reference
CC1CC1,13.116,56.10632,56.062600256,0.315,23.1795,7.715227,QM9-overlap reference
C[C@@H]1CC[C@@H]1C(=O)C1CCCCC1,13.632,180.2865999999998,180.15141526,2.646,-270.05878,21.880902,Psi4-recomputed reference
O=C1COCCO1,14.132,102.08864000000004,102.031694052,3.789,-485.22638,9.205282,QM9-overlap reference
Cc1ccco1,12.761,82.10054000000004,82.041864812,0.9,-68.60876,9.466264,QM9-overlap reference
C[C@@H]1CC[C@H]1[C@@H]1O[C@H]1[C@@H]1CCC1(C)C,12.249,194.31317999999985,194.167065324,1.729,-120.1896,23.06726,Psi4-recomputed reference
CCCCCNC=O,13.848,115.17352000000004,115.099714041,3.511,-194.57404,12.906531,QM9-overlap reference
OCC1CCCCC1,13.336,114.18546000000008,114.104465068,1.726,-297.90484,13.717128,QM9-overlap reference
CCC1(CC)CC1,16.033,98.18606000000008,98.109550448,0.395,-38.95556,13.175436,QM9-overlap reference
CNCC(=O)OC,10.026,103.11976000000004,103.063328533,1.514,-371.16671,10.271835,QM9-overlap reference
CCOC=O,14.933,74.07854000000002,74.036779432,2.045,-383.40186,7.167981,QM9-overlap reference
C[C@@H]1CC[C@@H]1C(=S)C1CCCCC1,10.577,196.3521999999998,196.12857164,2.817,4.92669,24.283703,Psi4-recomputed reference
CCOC(=O)C(C)C,11.497,116.15828000000006,116.083729624,1.977,-478.62001,12.693146,QM9-overlap reference
CC(=O)c1cccnc1,12.404,121.13658000000004,121.052763849,0.793,-44.92329,13.628137,QM9-overlap reference
OCCCCO,12.933,90.12100000000004,90.06807956,0.017,-434.52503,9.326716,QM9-overlap reference
CCCCC[S@@](=O)[C@H]1CC1(C)C,12.764,188.3301999999998,188.12348626,4.084,-194.55547,22.568363,Psi4-recomputed reference
CC#N,16.993000000000002,41.05192,41.026549101,3.927,76.18758,4.656347,QM9-overlap reference
CCCCC(=O)C1CC1,13.785,126.19616000000006,126.104465068,2.726,-185.98925,15.232272,QM9-overlap reference
C1CCCCCCC1,14.681,112.21264000000004,112.125200512,0.018,-126.02768,14.934845,QM9-overlap reference
CC(=O)NC1(C)CCC1,14.103,127.18422000000008,127.099714041,3.634,-236.47027,14.521235,QM9-overlap reference
CCNC(=O)C1CC1,13.822,113.15764000000004,113.084063977,3.71,-155.2025,12.874293,QM9-overlap reference
CC(=O)OC(C)(C)C,14.866,116.15828000000003,116.083729624,2.03,-507.92116,12.612738,QM9-overlap reference
CC(=O)c1ccncc1,12.457999999999998,121.13658000000004,121.052763849,2.729,-38.38139,13.593916,QM9-overlap reference
CCC(=O)OC(=O)CC1CCCC1,14.222,184.23223999999985,184.109944372,3.991,-660.48469,19.716667,Psi4-recomputed reference
NC1=Cc2ccccc2[NH+]C1=S,6.741,176.2382199999999,176.040819266,3.939,220.31364,22.429947,Psi4-recomputed reference
OCC1CCC1,12.978,86.13230000000006,86.07316494,2.053,-200.74024,10.022714,QM9-overlap reference
CCNC(=O)C(C)C,14.144,115.17352000000004,115.099714041,3.467,-304.82784,13.268583,QM9-overlap reference
OCCc1ccccc1,12.791,122.16440000000006,122.07316494,1.64,-122.92473,14.7463,QM9-overlap reference
C=O,10.455,30.025980000000004,30.010564684,2.667,-106.87213,2.752683,QM9-overlap reference
OCc1ccccc1,9.732,108.13782,108.057514876,1.823,-93.46539,12.868768,QM9-overlap reference
OCC(CO)(CO)CO,12.529,136.14637999999994,136.073558864,4.788,-798.0489,12.230478,QM9-overlap reference
CCC#CCC(C)(C)C,11.39,124.22334000000008,124.125200512,0.126,38.92846,16.781996,QM9-overlap reference
COC1CCC(=O)CC1,10.812,128.16898000000006,128.083729624,3.727,-403.33509,14.031154,QM9-overlap reference
N#CC1=CCCC1,12.853,93.12648000000004,93.057849229,4.535,143.74432,11.51784,QM9-overlap reference
OC1CCCC1,13.44,86.13230000000004,86.07316494,1.787,-261.79461,10.003815,QM9-overlap reference
CCC#CC(=O)OCC,10.99,126.15310000000004,126.06807956,3.038,-196.52794,14.261852,QM9-overlap reference
C1CCCCC1,14.65,84.15948000000006,84.093900384,0.003,-100.46264,11.279532,QM9-overlap reference
Nc1cnccn1,11.685,95.10260000000002,95.048347175,2.354,173.78372,10.452512,QM9-overlap reference
C#N,0.0,27.02534,27.010899037,1.588,429.84913,2.625546,QM9-overlap reference
CCCCC(=O)NC,14.163,115.17352000000004,115.099714041,3.5789999999999997,-293.62208,13.252058,QM9-overlap reference
CCCCCCC[C@H]1[NH2+][C@@H]2CCCC[C@@H]2C(=O)[C@@H]1O,10.81,268.41490000000016,268.22765420500036,6.732,-312.92067,31.036935,Psi4-recomputed reference
Cc1ccn[nH]1,10.029,82.10384000000003,82.053098202,3.228,146.12298,9.285823,QM9-overlap reference
CC(=O)CO,13.997,74.07854000000003,74.036779432,3.492,-384.75714,7.065123,QM9-overlap reference
O,0.0,18.01528,18.010564684,1.391,30.36326,1.02389,QM9-overlap reference
O,15.865,18.01528,18.010564684,2.129,-241.83384,1.33256,QM9-overlap reference
O,0.0,18.01528,18.010564684,1.391,30.36328,1.024066,QM9-overlap reference
O,15.865,18.01528,18.010564684,2.129,-241.83384,1.332565,QM9-overlap reference
O,15.864,18.01528,18.010564684,2.129,-241.83384,1.425351,QM9-overlap reference
O,15.865,18.01528,18.010564684,2.129,-241.83384,1.33256,QM9-overlap reference
CC#CC,11.671,54.09043999999999,54.046950192,0.002,147.75841,7.548295,QM9-overlap reference
COCCO,12.028,76.09442000000004,76.052429496,2.553,-383.15276,7.544534,QM9-overlap reference
OCc1ccco1,12.766000000000002,98.09994000000005,98.036779432,2.05,-200.28321,10.077969,QM9-overlap reference
C=O,0.0,30.02598,30.010564684,1.863,-12.59872,2.448744,QM9-overlap reference
COc1ccncc1,12.552,109.12588000000004,109.052763849,3.392,-39.60319,12.257237,QM9-overlap reference
CCCCNC(=O)CC,14.123,129.20010000000005,129.115364105,3.761,-320.75754,15.12303,QM9-overlap reference
CCC1(C)CCC1,0.0,98.18606000000004,98.109550448,0.53,35.71632,12.810552,QM9-overlap reference
NC(=O)C1CCCC1,14.632,113.15764000000004,113.084063977,3.808,-264.49253,12.6165,QM9-overlap reference
CCOC(C)C,12.012,88.14818000000007,88.088815004,1.274,-281.16714,10.641047,QM9-overlap reference
COCCOC,11.511,90.12100000000004,90.06807956,0.001,-354.71361,9.462701,QM9-overlap reference
O=C(N1CC1)N1CC1,13.330000000000002,112.12982000000004,112.063662886,1.043,150.9267,11.84185,QM9-overlap reference
CC(=O)NCC(C)(C)C,14.079,129.20010000000005,129.115364105,4.108,-332.11253,15.06914,QM9-overlap reference
Cc1ccccc1C,7.405999999999999,106.16500000000003,106.07825032,0.664,377.89513,14.771227,QM9-overlap reference
O=C1CCCCN1,11.142,99.13106000000003,99.068413913,4.675,-234.61761,10.97385,QM9-overlap reference
CCCOC1CCC1,11.927,114.18546000000008,114.104465068,1.312,-215.25991,13.806917,QM9-overlap reference
C[N@@H+]1C[C@H](O)C(=O)C[C@@H]1C(=O)O,7.273,174.17447999999993,174.076632869,4.662,-569.47223,16.304028,Psi4-recomputed reference
CCCOC1CC1,11.529,100.15888000000008,100.088815004,1.595,-141.94504,12.114089,QM9-overlap reference
OCCCCCCO,13.337,118.17416000000009,118.099379688,2.328,-490.28931,12.979509,QM9-overlap reference
CCC#CC(C)(C)C,11.503,110.19676000000008,110.109550448,0.136,61.59245,14.974866,QM9-overlap reference
CCCCC(=O)C(C)C,13.831,128.21204000000006,128.120115132,2.775,-331.02306,15.611245,QM9-overlap reference
COCC1CC1,11.779,86.13230000000004,86.07316494,1.58,-113.42198,10.219523,QM9-overlap reference
O=C1NCCN1,14.291,86.09254000000003,86.048012822,4.98,-161.54996,8.441882,QM9-overlap reference
Nc1cnco1,12.128,84.07666000000002,84.032362758,3.869,3.73666,8.224951,QM9-overlap reference
Oc1ccccc1O,11.902,110.11064000000005,110.036779432,2.26,-269.19263,11.79877,QM9-overlap reference
O=C1CCCO1,14.874,86.08924000000003,86.036779432,4.806,-369.7711,8.504339,QM9-overlap reference
CCCOCCO,11.646,104.14758000000006,104.083729624,0.724,-422.87357,11.248793,QM9-overlap reference
O=C1OCCCO1,11.723,102.08864000000004,102.031694052,5.97,-513.01055,9.230198,QM9-overlap reference
C#CCCC#C,11.787,78.11184000000003,78.046950192,0.0,425.74222,10.417085,QM9-overlap reference
CC(=O)OC1CCCC1,11.65,128.16898000000006,128.083729624,2.256,-461.94003,13.980399,QM9-overlap reference
ON=C1CCCC1,13.796,99.13106000000003,99.068413913,1.664,-83.98694,11.030933,QM9-overlap reference
CSCC/C=N/NC(=O)c1ccncc1,7.701,223.29471999999976,223.077933051,3.137,104.04852,25.000539,Psi4-recomputed reference
CS[C@H]1C[C@@H]1C,11.708,102.19790000000005,102.05032132,1.836,33.33665,12.3733,Psi4-recomputed reference
CCc1ccccc1,9.712,106.16500000000003,106.07825032,0.6900000000000001,40.14656,14.125841,QM9-overlap reference
OC1CC1,15.607,58.07913999999999,58.041864812,1.529,-119.72706,6.471931,QM9-overlap reference
CC(=O)CC(=O)N(C)C,10.404,129.15704000000002,129.078978597,4.968,-398.52769,13.524024,QM9-overlap reference
OCCCO,16.312,76.09442000000004,76.052429496,0.026,-425.18283,7.494181,QM9-overlap reference
CC(=O)CCC(C)(C)C,14.055,128.2120400000001,128.120115132,3.136,-339.9779,15.579181,QM9-overlap reference
COCC=O,13.786,74.07854000000003,74.036779432,4.171,-285.12425,7.147901,QM9-overlap reference
CCCCCCCC#N,12.555,125.21140000000008,125.120449485,4.144,-49.39531,15.719579,QM9-overlap reference
CCCNC(=O)CC,14.12,115.17352000000008,115.099714041,3.702,-299.7884,13.278949,QM9-overlap reference
CN1C(=O)[C@H]2SS[C@@H]1C(=O)N2C,6.832000000000001,204.26991999999984,204.002719506,0.428,-245.5062,20.231374,Psi4-recomputed reference
CCCCC(=O)CCC,13.967,128.21204000000006,128.120115132,2.9530000000000003,-331.31,15.632099,QM9-overlap reference
Cc1ccccc1,9.443,92.13842000000004,92.062600256,0.647,55.21931,12.269916,QM9-overlap reference
CCCCC1CCCC1,14.582999999999998,126.23922000000007,126.140850576,0.085,-166.91996,16.702956,QM9-overlap reference
NC(=O)c1cnc[nH]1,9.293,111.10200000000005,111.043261795,0.924,-45.11134,10.825427,QM9-overlap reference
CCC#CCCC(C)C,11.730999999999998,124.22334000000008,124.125200512,0.203,46.08981,16.755831,QM9-overlap reference
CCc1c(C)c[nH]c1C,9.355,123.19552000000007,123.104799421,1.6920000000000002,-21.95177,15.65266,QM9-overlap reference
C#Cc1ccccc1C=O,8.864,130.14334,130.041864812,3.018,212.63143,16.044647,Psi4-recomputed reference
N#CC#CC#N,12.57,76.0562,76.00614801,0.0,529.71536,8.708902,QM9-overlap reference
O=C1NC(=O)C(=O)N1,9.832,114.05958,114.006541934,1.367,-442.47235,9.303224,Psi4-recomputed reference
CCN1CCCC1=O,13.666999999999998,113.15764000000006,113.084063977,4.181,-239.64366,12.812757,QM9-overlap reference
c1ncnnn1,12.477,82.06408,82.02794608399999,2.857,358.46749,7.370617,QM9-overlap reference
NC=O,14.616,45.04062,45.021463721,3.911,-184.50564,4.01904,QM9-overlap reference
CCOC(=O)CC#N,14.896,113.11458000000005,113.047678469,5.444,-279.1875,11.13895,QM9-overlap reference
CCC(CO)(CO)CO,12.353,134.17355999999998,134.094294308,4.429,-655.03604,13.483882,QM9-overlap reference
COC1=NCCN1,13.223,100.11912000000004,100.063662886,1.882,-69.06387,10.358354,QM9-overlap reference
CCOCC(F)(F)F,11.547999999999998,128.0929896,128.044899504,3.909,-884.13603,8.938103,QM9-overlap reference
CCCOCC(C)(C)C,11.911,130.22792000000007,130.135765196,1.251,-338.78463,16.108613,QM9-overlap reference
OCc1ncc[nH]1,12.957,98.10324000000004,98.048012822,3.253,-54.12746,9.894619,QM9-overlap reference
CCCCn1cnnc1,13.493,125.17164000000004,125.095297367,7.357,132.97651,14.148149,QM9-overlap reference
CCCCC(=O)NCC,14.117,129.20010000000005,129.115364105,3.744,-322.97244,15.116987,QM9-overlap reference
O=c1cccco1,8.664000000000001,97.092,0.0,4.11,-210.25239,0.0,QM9-overlap reference
COCCC(C)C,12.004,102.17476000000008,102.104465068,1.441,-282.333,12.455674,QM9-overlap reference
O=Cc1cnc[nH]1,12.322,96.08736000000002,96.032362758,5.301,26.02174,9.738361,QM9-overlap reference
CC1(C)C[C@H]1SC1CCC1,11.685,156.28833999999986,156.097271512,1.463,41.5985,19.253464,Psi4-recomputed reference
CCCCCCO,13.079,102.17476000000008,102.104465068,1.778,-318.77464,12.398249,QM9-overlap reference
O=Cc1ccc[nH]1,12.127,95.09930000000004,95.037113785,1.798,-20.54313,10.490147,QM9-overlap reference
CCCC=O,13.866,72.10571999999998,72.057514876,2.836,-207.32233,8.271107,QM9-overlap reference
CCCCCCC(C)C,14.805,128.25510000000008,128.15650064,0.069,-225.77673,17.275986,QM9-overlap reference
COC1CC1,11.599,72.10572000000005,72.057514876,1.608,-90.78862,8.403067,QM9-overlap reference
CNC(=O)CC(=O)NC,10.737,130.1451,130.07422757,0.943,-411.5702,12.866927,QM9-overlap reference
COCC(C)C,12.013000000000002,88.14818000000007,88.088815004,1.47,-262.0131,10.615044,QM9-overlap reference
