smiles,ref_gap,domain,ref_source,pred
CC(C)(C)c1cc(C[C@H]2SCNC2=O)cc(C(C)(C)C)c1O,5.589408615807935,heteroatom_rich_non_qm9,recomputed_pqr_reference,4.818216464
CC(=O)N[C@@H](CSC(=O)[C@@]1([C@@H](O)C(C)C)NC(=O)[C@@H](C)[C@H]1O)C(=O)O,4.863550191542021,heteroatom_rich_non_qm9,recomputed_pqr_reference,4.999513557
CCc1cccc(C)c1N(COC(C)C)C(=O)CCl,6.008204038000355,heteroatom_rich_non_qm9,recomputed_pqr_reference,5.039667239
CC#N,9.904944593539632,qm9_like_small_organic,qm9_overlap,8.529260947
Cc1ncc(C)c(N)n1,5.87221715188421,qm9_like_small_organic,qm9_overlap,5.755274915
CC(=O)O[C@H]1C[C@H]([N+]2C=C(C)C(=O)[NH+]C2=O)O[C@@H]1CO[P@@](=O)(O)O[P@@](=O)(O)Oc1ccccc1,0.3880894188674593,charged_or_radical,recomputed_pqr_reference,0.541152461
OC1CC1,8.6151248854798,qm9_like_small_organic,qm9_overlap,9.018656952
CC/C=C\[C@@H]1CC1(C)C,6.64337809688316,qm9_like_small_organic,recomputed_pqr_reference,6.672525271
[F][Ti]([F])([Cl])[Cl],4.342984292454369,heteroatom_rich_non_qm9,recomputed_pqr_reference,5.149528798
Nc1c(O)cc(Cc2cc(Cl)c(N)c(OS(=O)(=O)O)c2)cc1Cl,3.241881871010337,heteroatom_rich_non_qm9,recomputed_pqr_reference,4.113912899
Nc1ccc(O)c(N)c1,5.181047941236115,qm9_like_small_organic,qm9_overlap,5.318091027
Nc1ncco1,6.457261956172952,qm9_like_small_organic,qm9_overlap,6.431007193
CCCC(=O)CCO,6.383791213308784,qm9_like_small_organic,qm9_overlap,6.345737261
CC(C)(O)C(C)(C)O,8.821931420949308,qm9_like_small_organic,qm9_overlap,8.629148004
CC1(C)CC1,9.59473479033537,qm9_like_small_organic,qm9_overlap,9.624892196
Oc1ccccc1F,6.021879776237144,qm9_like_small_organic,qm9_overlap,5.954195411
Clc1cccc2c1CN(C1=NCCN1)C2,4.416097929561148,heteroatom_rich_non_qm9,recomputed_pqr_reference,4.439979762
Cc1ccc(N)cc1,5.499421160314174,qm9_like_small_organic,qm9_overlap,5.506274678
Cc1ccc(F)cc1,6.144331014344091,qm9_like_small_organic,qm9_overlap,6.255914584
CCNC(=O)C1CCC1,7.360679979539754,qm9_like_small_organic,qm9_overlap,7.485239173
COc1ccc2c(c1)N1C(=O)C[C@]34C=CCN5CC[C@@H]2[C@@H](CC3)[C@]514,5.142343629707263,large_neutral_organic,recomputed_pqr_reference,4.612387615
CCOC(=O)N1CCN(C(=O)[C@H](Cc2cccc(/C=N/[NH+]O)c2)NS(=O)(=O)c2c(C(C)C)cc(C(C)C)cc2C(C)C)CC1,0.2847999253265541,charged_or_radical,recomputed_pqr_reference,1.315742669
CC(=O)NCC(C)C,7.575649930883058,qm9_like_small_organic,qm9_overlap,7.577701669
NC1CCCC1,7.913363576796087,qm9_like_small_organic,recomputed_pqr_reference,8.188958049
CCCCCOCC,9.189285135270149,qm9_like_small_organic,qm9_overlap,9.19789433
CCC(=O)NC(C)(C)C,7.434150722403921,qm9_like_small_organic,qm9_overlap,7.475030395
Cc1cc(O)ccc1O,5.357921951835037,qm9_like_small_organic,qm9_overlap,5.717020617
CCCCCCCCC,10.40563410046581,qm9_like_small_organic,qm9_overlap,10.437411068
CCOCCO,9.336226620998485,qm9_like_small_organic,qm9_overlap,9.283532108
CC1(C=O)CCC1,6.114398489473504,qm9_like_small_organic,qm9_overlap,6.258870809
CCC(=O)N(C)CC,7.311699484296975,qm9_like_small_organic,qm9_overlap,7.301580727
Nc1ncnc2c1ncn2Cc1ccccc1NC(=O)CBr,4.752910099658163,heteroatom_rich_non_qm9,recomputed_pqr_reference,4.050305428
Cc1ccncc1C#N,5.757929329651061,qm9_like_small_organic,qm9_overlap,5.597669196
CN[C@@H]1CCCN([C@H]2[C@H](OC)[C@@H]3[C@H](C[C@@H]2F)C(=O)[C@@H](C(=O)O)C[N@H+]3C2CC2)C1,2.95869965803564,charged_or_radical,recomputed_pqr_reference,3.814496056
CC(C)C[C@H](N)C(O)O,7.93176543164429,qm9_like_small_organic,recomputed_pqr_reference,8.203210808
C[C@H](NC(=O)CNC(=O)[C@H](C)NC(=O)[C@@H](N)CC(N)=O)C(N)=O,6.02157568169001,large_neutral_organic,recomputed_pqr_reference,5.374941358
CN[C@H]1CC[C@H]1C,7.928431368579177,qm9_like_small_organic,recomputed_pqr_reference,7.657627704
OCCOCCO,9.167516026273356,qm9_like_small_organic,qm9_overlap,8.573139125
CCN(CC)CCOC(=O)[C@H](Cc1cccc2ccccc12)C[C@H]1CCCO1,4.441128505758391,large_neutral_organic,recomputed_pqr_reference,4.515727402
CC1(C)CCC(C)(C)O1,8.337568745770723,qm9_like_small_organic,qm9_overlap,8.689571592
OCCCCO,9.219217660140734,qm9_like_small_organic,qm9_overlap,9.191395011
CC(C)[C@@H]1NC(=O)[C@H](C(C)C)NC1=O,6.435293794583917,near_qm9_larger_organic,recomputed_pqr_reference,5.639903848
CC(=O)C=O,4.283072195118511,qm9_like_small_organic,qm9_overlap,5.351846116
CCc1ccnn1C,6.936182354102342,qm9_like_small_organic,qm9_overlap,6.56782332
CCNC=O,7.711706862112998,qm9_like_small_organic,qm9_overlap,7.624501672
O=C1[NH+]C(=O)[N+]([C@@H]2C[C@H](O)[C@@H](COP(=O)(O)O)O2)C=C1I,0.5199276470452691,charged_or_radical,recomputed_pqr_reference,0.790735376
O=C(c1ccc(Cl)cc1)c1cc(NC(=O)c2cc(I)cc(I)c2O)ccc1Cl,4.186516992484671,heteroatom_rich_non_qm9,recomputed_pqr_reference,3.95484005
CC(C)CCCC(N)=O,7.586534485381454,qm9_like_small_organic,qm9_overlap,7.558199744
COc1ccc(NC=O)c(C(=O)CCNC(C)=O)c1,4.135853879167654,near_qm9_larger_organic,recomputed_pqr_reference,4.76365205
O=C(O)CCc1cccc(O)c1O,5.618557281953473,near_qm9_larger_organic,recomputed_pqr_reference,5.249730791
CCc1cc(OC)c2c(c1)c(=O)[oH+]c1c2cc(OC)c2c(O)ccc([C@H]3O[C@H]([C@@H](C)O)[C@H](O)[C@H]3O)c21,2.863213948650953,charged_or_radical,recomputed_pqr_reference,3.310552666
CCOC(=O)CC(C)C,7.749802802857382,qm9_like_small_organic,qm9_overlap,7.735424805
CCc1cccc(CC)c1NC(=O)N1Cc2[nH]nc(NC(=O)c3ccc(N4CCN(C)CC4)cc3)c2C1,4.161237017009446,large_neutral_organic,recomputed_pqr_reference,3.919326428
CC(C)C(=O)OCC(=O)[C@@]12O[C@H](C3CCCCC3)O[C@@H]1C[C@H]1[C@@H]3CCC4=CC(=O)C=C[C@]4(C)[C@H]3[C@@H](O)C[C@@]12C,4.5874012883660855,large_neutral_organic,recomputed_pqr_reference,4.501512562
O=C1C2=Nc3ccccc3C(=O)[N+]2c2ccccc21,1.0530227393024554,charged_or_radical,recomputed_pqr_reference,1.544492219
C[N@H+]1CNC(=N)[C@@H]2NCN([C@H]3C[C@H](O)[C@@H](CO)O3)[C@@H]21,6.0758369015611695,charged_or_radical,recomputed_pqr_reference,5.546009932
Cn1cccc1,6.718491264134437,qm9_like_small_organic,qm9_overlap,6.619631342
O=CN1CCCCC1,7.349795425041359,qm9_like_small_organic,qm9_overlap,7.265946867
CCCCOCC=O,6.236849727580449,qm9_like_small_organic,qm9_overlap,6.237641663
Nc1ccccc1N,5.594661012175132,qm9_like_small_organic,qm9_overlap,5.473006195
CCNC(=O)C(C)(C)C,7.445035276902317,qm9_like_small_organic,qm9_overlap,7.514301581
CCC#CCC(C)(C)C,8.098108546806028,qm9_like_small_organic,qm9_overlap,8.211391474
CC/C(C)=C\[C@@H]1C[C@@H]1C,6.326037886490153,qm9_like_small_organic,recomputed_pqr_reference,6.537042245
CCCC(C)(C)/C=C/[C@H]1CCC1(C)C,6.58274882138356,near_qm9_larger_organic,recomputed_pqr_reference,6.647528339
C#CC(C)C,8.598798053732208,qm9_like_small_organic,qm9_overlap,8.405350136
COC1CC(C)(C)C1,8.840979391321502,qm9_like_small_organic,qm9_overlap,8.801708225
C#CC(C)(C)O,8.201511814540783,qm9_like_small_organic,qm9_overlap,8.267877665
CN1CC(=O)NC1=O,6.726654680008234,qm9_like_small_organic,qm9_overlap,6.316948608
CC(C)(C)CO,9.151189194525765,qm9_like_small_organic,qm9_overlap,9.080749174
CSCC[C@@](C)(N)C(=O)O,5.683365025797,heteroatom_rich_non_qm9,recomputed_pqr_reference,5.926397685
Cc1cnc(N)nc1N,5.534795962433959,qm9_like_small_organic,qm9_overlap,5.652663037
C[C@H](Cc1ccccc1)NC(=S)S,3.947757667634373,heteroatom_rich_non_qm9,recomputed_pqr_reference,4.80183807
C/C=C/[C@H]1CC[C@@H]1C,6.545232925195752,qm9_like_small_organic,recomputed_pqr_reference,6.832007833
CN1[C@@H]2C(=O)[N+](Cc3cccc(N)c3)NC[C@@H]2[C@@H]2S[C@@H]([S@@](C)=O)C[C@@H]21,0.4204981559869064,charged_or_radical,recomputed_pqr_reference,1.471696733
Cc1occc(=O)c1O,5.012337346510989,qm9_like_small_organic,qm9_overlap,5.501998942
C#C[C@]1(OC(C)=O)CC[C@H]2[C@@H]3CCC4=C/C(=N/O)CC[C@@H]4[C@H]3CC[C@@]21CC,5.16013039329958,large_neutral_organic,recomputed_pqr_reference,4.889515087
Cn1ccnc1[C@H](NC[C@H]1O[C@@H]([N+]2C=CC(=O)[NH+]C2=O)C[C@@H]1O)c1ccccc1,0.6257817876181376,charged_or_radical,recomputed_pqr_reference,0.724291292
N#CCO,8.269540280155754,qm9_like_small_organic,qm9_overlap,8.085051017
C[N+]1C=CC2=C(C(=O)OC2(C)C)C1=O,1.185932576896422,charged_or_radical,recomputed_pqr_reference,2.109674923
CC[C@@H](C)[N@@H+](O)CC(C)(C)CC,8.086649418312552,charged_or_radical,recomputed_pqr_reference,8.156977463
OCc1ccco1,6.367464381561192,qm9_like_small_organic,qm9_overlap,6.322291307
CCCC1=CCCC1,7.042306760461694,qm9_like_small_organic,qm9_overlap,7.000142109
CS(=O)(=O)c1ccc([C@@H](O)[C@@H](CF)NC(=O)C(Cl)Cl)cc1,5.501518877734999,heteroatom_rich_non_qm9,recomputed_pqr_reference,4.765620546
CCCOCC[N+]1C(=O)C(NCCN2CCOCC2)=Nc2ccc(-c3ccc(OC)nc3)nc21,0.9435199110440278,charged_or_radical,recomputed_pqr_reference,1.160658018
O=C(C1CCC1)C1CC1,6.201474925460665,qm9_like_small_organic,qm9_overlap,6.164050392
Nc1nn[nH]n1,5.970178142369767,qm9_like_small_organic,qm9_overlap,6.008769375
O=C1OCCCO1,8.72669156908835,qm9_like_small_organic,qm9_overlap,7.472638103
N[C@@H]1NC(=O)[C@@H]2[C@@H](CN[C@@H]3[C@@H](O)[C@@H](O)[C@@H]4O[C@H]34)CN([C@@H]3O[C@H](CO)[C@@H](O)[C@H]3O)[C@H]2[NH2+]1,3.6618249913937433,charged_or_radical,recomputed_pqr_reference,4.837481917
CCCCC[S@@](=O)C(C)(C)CCC,6.280059565227977,heteroatom_rich_non_qm9,recomputed_pqr_reference,6.320626096
CCC#N,9.668205533199536,qm9_like_small_organic,qm9_overlap,9.194131111
CC(CO)CO,9.094045283409187,qm9_like_small_organic,qm9_overlap,8.993527464
O=C1CCCCC1=O,4.438177096720643,qm9_like_small_organic,qm9_overlap,5.5733136
NC1=CC(=O)[N+]([C@@H]2C[C@H](O)[C@@H](CO)O2)C=C1,0.7882265811941079,charged_or_radical,recomputed_pqr_reference,2.13631764
CC1(/C=C\C2CCCCC2)CC1,6.832394233050275,near_qm9_larger_organic,recomputed_pqr_reference,6.50546586
CCC(N)=O,7.600140178504448,qm9_like_small_organic,qm9_overlap,7.54434678
O=C1C=CC=C/C1=C\NNC(=S)N/N=C(\c1ccccc1)c1ccccn1,3.12662271771212,heteroatom_rich_non_qm9,recomputed_pqr_reference,3.63135995
COC(=O)c1ccccc1[C@H]1c2ccc(N)cc2Oc2c1ccc(N)c2I,3.8742764340677063,heteroatom_rich_non_qm9,recomputed_pqr_reference,3.911206879
CCc1ccccc1,6.557944085283108,qm9_like_small_organic,qm9_overlap,6.347405239
CC(=O)N[C@H]1[C@@H](O[P@](=O)(O)O[P@](=O)(O)OC[C@H]2O[C@@H]([N+]3C=CC(=O)[NH+]C3=O)[C@H](O)[C@@H]2O)O[C@H](CO)[C@@H](O)[C@@H]1O[C@H](C)C(=O)O,0.3908573709124147,charged_or_radical,recomputed_pqr_reference,0.640008741
CCCCOC1(C)CC1,9.028737956418816,qm9_like_small_organic,qm9_overlap,8.834561075
CCCCCCCC/C=C\CCCCCCCCCCCCCC(=O)N[C@@H](CO[C@H]1O[C@H](CO)[C@H](O)[C@H](O)[C@H]1O)[C@H](O)[C@H](O)CCCCCCCCCCCCCC,6.648378028139281,large_neutral_organic,recomputed_pqr_reference,5.341675972
C[C@@H](Cc1ccc(C(C)(C)C)cc1)CN1C[C@@H](C)O[C@H](C)C1,5.553586204538798,large_neutral_organic,recomputed_pqr_reference,5.768545717
Cc1ccccc1N,5.700785418534486,qm9_like_small_organic,qm9_overlap,5.599258903
COc1ccc2cc(C(C)=O)c(=O)[oH+]c2c1,3.2797715370697578,charged_or_radical,recomputed_pqr_reference,3.676821612
CC(=O)C[C@H](c1ccco1)c1c(O)c2ccccc2[oH+]c1=O,1.5627513996960354,charged_or_radical,recomputed_pqr_reference,3.43584814
CC(=O)N[C@H]1[C@@H](O[P@@](=O)(O)O[P@@](=O)(O)OC[C@H]2O[C@@H]([N+]3C=C(c4ccc(C=O)s4)C(=O)[NH+]C3=O)[C@H](O)[C@@H]2O)O[C@H](CO)[C@H](O)[C@@H]1O,0.899991918781473,charged_or_radical,recomputed_pqr_reference,0.574493757
O=CCOCCO,6.223244034457455,qm9_like_small_organic,qm9_overlap,6.655224508
OCC1CC1,9.224659937389932,qm9_like_small_organic,qm9_overlap,9.178267784
COc1cc(OC)c(C(=O)CCCCN2CCC3(CC2)NC(=O)NC3=O)cc1NS(=O)(=O)c1ccc(C(F)(F)F)cc1,4.084487238695878,heteroatom_rich_non_qm9,recomputed_pqr_reference,3.750200558
O=C1CCCC(=O)C1,5.730717943405073,qm9_like_small_organic,qm9_overlap,5.773458585
NCc1ccco1,6.223224462468807,qm9_like_small_organic,recomputed_pqr_reference,6.280342374
C=C[C@]1(C)C[C@@H](OC(=O)CO)[C@@]2(C)[C@H](C)CC[C@]3(CCC(=O)[C@H]32)[C@@H](C)[C@@H]1O,5.562764627884937,large_neutral_organic,recomputed_pqr_reference,5.127061897
CC(C)(C)C=O,6.23412858895585,qm9_like_small_organic,qm9_overlap,6.248230655
CCc1cccc(C)c1,6.446377401674557,qm9_like_small_organic,qm9_overlap,6.423651614
COc1c(NC(=O)Nc2ccc(-c3ccc(CN4CCOCC4)nc3)c3ccccc23)cc(C(C)(C)C)cc1NS(C)(=O)=O,3.92014807774626,heteroatom_rich_non_qm9,recomputed_pqr_reference,3.760766059
CCCCC(C)=O,6.378348936059587,qm9_like_small_organic,qm9_overlap,6.382338034
C1=Cc2ccccc2C1,5.295335763469264,qm9_like_small_organic,qm9_overlap,5.132305557
CCC/C(=N/OCc1ccc(-c2ccc(F)cc2)cc1)[C@@H]1C(=O)CC(C)(C)[C@H](C#N)C1=O,4.753598084145584,large_neutral_organic,recomputed_pqr_reference,3.839635518
COC(=O)c1cc2c(c(O)c1[C@H](C)OC(=O)CO)C(=O)c1c(O)cc3cc(C)c(Cl)c(OC)c3c1C2=O,2.728253086442795,heteroatom_rich_non_qm9,recomputed_pqr_reference,3.608027791
Cc1ccncc1C,6.264061113826437,qm9_like_small_organic,qm9_overlap,6.079846587
CO[C@@H](C(=O)N[C@H]1CCCCNC1=O)[C@H](O)[C@@H](O)[C@H](O)/C=C/C(C)C,5.592031940559807,large_neutral_organic,recomputed_pqr_reference,5.179324218
Nc1[nH]c(=O)c2nc(CCCc3ccc(C(=O)N[C@@H](CCC(=O)O)C(=O)O)cc3)cnc2[nH+]1,3.0912063875282976,charged_or_radical,recomputed_pqr_reference,3.528175785
c1ccc(-c2cc(SSc3cc(-c4ccccc4)sn3)ns2)cc1,4.241364015890951,heteroatom_rich_non_qm9,recomputed_pqr_reference,3.945646788
COC(=O)CN,7.118498641950461,qm9_like_small_organic,qm9_overlap,7.246334585
CC1([C@@H](NC(=O)[C@H](CS)NC(=O)CCC[C@H](N)C(=O)O)C(=O)O)CC1,5.994427510841691,heteroatom_rich_non_qm9,recomputed_pqr_reference,5.184259085
C1CCCCCCCC1,10.29134627823266,qm9_like_small_organic,qm9_overlap,10.243485446
CN1CCCC1=O,7.385170227161142,qm9_like_small_organic,qm9_overlap,7.241771035
CC1(C)CO1,9.537590879218794,qm9_like_small_organic,qm9_overlap,8.910478889
CCCN(C)C1(C)CC1,7.491659738745997,qm9_like_small_organic,recomputed_pqr_reference,7.396946294
ON=C1CCCC1,6.8164522546199935,qm9_like_small_organic,qm9_overlap,6.885151701
CC1(C)COCCO1,8.628730578602795,qm9_like_small_organic,qm9_overlap,8.772104427
O=C(C[S@](=O)Cc1ccco1)NCCCOc1cccc(CN2CCCCC2)c1,4.96837013069155,heteroatom_rich_non_qm9,recomputed_pqr_reference,4.379918704
Nc1ccccn1,5.46404635819439,qm9_like_small_organic,qm9_overlap,5.569847594
COCCC#N,8.36750127064131,qm9_like_small_organic,qm9_overlap,8.533693363
CCCCOCC,9.227381076014533,qm9_like_small_organic,qm9_overlap,9.227866079
CCCCCNC=O,7.711706862112998,qm9_like_small_organic,qm9_overlap,7.689070494
CC1(O)CCC1,8.895402163813477,qm9_like_small_organic,qm9_overlap,8.917367306
CCC(=O)NC1CC1,7.265440127678796,qm9_like_small_organic,qm9_overlap,7.41735549
NC(=O)c1ccccc1,5.749765913777264,qm9_like_small_organic,qm9_overlap,5.383487152
c1ccnnc1,4.968799128517409,qm9_like_small_organic,qm9_overlap,6.227015093
FC(F)(F)F,16.928203383629135,qm9_like_small_organic,qm9_overlap,9.70092621
CCC(=O)OC,7.812388991223155,qm9_like_small_organic,qm9_overlap,7.745345546
CCCCC[S@@](=O)[C@H]1CC1(C)C,6.187658514430144,heteroatom_rich_non_qm9,recomputed_pqr_reference,6.382461386
CC(C)C(C)C,10.443730041210191,qm9_like_small_organic,qm9_overlap,10.381435076
O=C1NCCN1,8.397433795511896,qm9_like_small_organic,qm9_overlap,8.00901135
Cc1ccno1,6.683116462014653,qm9_like_small_organic,qm9_overlap,6.697006481
O=S(=O)(O)CCN(CCCl)CCCl,6.180908692612228,heteroatom_rich_non_qm9,recomputed_pqr_reference,5.598925452
COc1cc2[oH+]c3c(c(=O)c2cc1OC)C(=O)c1c(ccc2cc4c(c(O)c12)C(=O)N1[C@@](C)(C4)OC(=O)[C@]1(C)COC(=O)C(C)C)C3=O,0.6793521075595891,charged_or_radical,recomputed_pqr_reference,2.923228636
CNc1ccccc1,5.477652051317384,qm9_like_small_organic,qm9_overlap,5.460337198
C[C@@H](O)[C@@]1(O)CC[C@H]2[C@@H]3C[C@H](O)C4=CC(=O)CC[C@]4(C)[C@H]3CC[C@@]21C,4.782770459325039,large_neutral_organic,recomputed_pqr_reference,5.316666595
CCCOC(=O)CC,7.787898743601765,qm9_like_small_organic,qm9_overlap,7.770444662
Cc1cc(N)nc(CCc2cncc([C@@H](CN)Cc3cc(C)cc(N)n3)c2)c1,4.950516148365652,large_neutral_organic,recomputed_pqr_reference,4.929404665
C[C@@H](C[C@@H](C[C@H](CCC(=O)O)C(=O)O)C(=O)O)C(=O)O,6.434325649368834,near_qm9_larger_organic,recomputed_pqr_reference,5.512183867
CC#CCC(=O)OCC,7.045027899086294,qm9_like_small_organic,qm9_overlap,6.631083801
CCC(=O)CC(C)(C)C,6.261339975201839,qm9_like_small_organic,qm9_overlap,6.272630495
O=C(O)C[C@@H]1CC12CC2,3.761481381184257,qm9_like_small_organic,recomputed_pqr_reference,6.996718952
C1C[C@H]2CC[C@@H]1N=N2,4.69905132297207,qm9_like_small_organic,recomputed_pqr_reference,7.656916632
CCOC(=O)C1(C)CC1,7.679053198617813,qm9_like_small_organic,qm9_overlap,7.611850699
Cc1cc(C)n(C(=O)CCNc2ccc(S(N)(=O)=O)cc2)n1,4.187457953811978,heteroatom_rich_non_qm9,recomputed_pqr_reference,4.285914674
CC(C)CCNC=O,7.717149139362197,qm9_like_small_organic,qm9_overlap,7.689779462
C=CC[C@]1([C@H](C)[C@@H](OC(C)=O)c2ccc(OC)c(OC)c2)C=C(OC)C(OC)=CC1=O,3.463563511189706,large_neutral_organic,recomputed_pqr_reference,4.060880043
CC(C)c1ccc(-c2cc(C(=O)Cl)c3ccccc3n2)cc1,3.753738828901504,heteroatom_rich_non_qm9,recomputed_pqr_reference,4.025183785
OCCc1cnc[nH]1,6.786519729749407,qm9_like_small_organic,qm9_overlap,6.491356398
CCCCOCCCC,9.172958303522554,qm9_like_small_organic,qm9_overlap,9.15408393
COc1c(-c2ccc3cc(NS(C)(=O)=O)ccc3c2)cc([N+]2C=CC(=O)[NH+]C2=O)cc1C(C)(C)C,0.5832711503320336,charged_or_radical,recomputed_pqr_reference,0.787954344
CC(C)CNC=O,7.700822307614603,qm9_like_small_organic,qm9_overlap,7.682837861
NCCCNCCCN1CCCC/C=C\CCCCCCCC1,5.9578763237624495,large_neutral_organic,recomputed_pqr_reference,6.0994075
Cc1ccccc1C#N,5.71439111165748,qm9_like_small_organic,qm9_overlap,5.701642093
C=C1CC(=O)O[C@]12c1ccc(O[C@H]3OC(=C=O)C(=O)C(=O)C3=O)cc1OC1=C3O[C@@H](C(=O)C(=O)C(=O)C=C=O)O[C@H]3C=C[C@H]12,1.1433923496014926,large_neutral_organic,recomputed_pqr_reference,3.07185725
CCC[C@H](C)[N@H+](O)C1(C)CC1,8.38199562557462,charged_or_radical,recomputed_pqr_reference,7.976940053
CC(C)(C)C(=O)C1CC1,6.201474925460665,qm9_like_small_organic,qm9_overlap,6.171924144
CN1CCN(C)C1=O,7.834158100219945,qm9_like_small_organic,qm9_overlap,7.4785876
COc1ccc(O)cc1,5.34975853596124,qm9_like_small_organic,qm9_overlap,5.77283358
C#CCCC(=O)OCC,7.472246663148304,qm9_like_small_organic,qm9_overlap,6.792727318
CC(C)OC(C)(C)C,8.530769588117238,qm9_like_small_organic,qm9_overlap,8.748667981
Nc1nc(-c2ccc3c(N)[nH]nc3c2)cc(N2CCO[C@H](C(=O)Nc3ccccc3)C2)n1,3.488281933781195,large_neutral_organic,recomputed_pqr_reference,3.821057474
CC[C@H](C)/C=C/[C@H]1CC[C@@H]1C,6.560982770539656,near_qm9_larger_organic,recomputed_pqr_reference,6.742131169
CCC#CC(C)C,8.168858151045598,qm9_like_small_organic,qm9_overlap,8.193457033
CCCCCC=O,6.231407450331252,qm9_like_small_organic,qm9_overlap,6.236500751
C[C@@H]1[C@@H](O)C[C@]2(O)C[C@@]3(O)CC(C)(C)C[C@H]3[C@]12C,8.030435542928963,near_qm9_larger_organic,recomputed_pqr_reference,6.833934746
Nc1[nH]c(=O)c2cc(CNc3ccc(C(=O)N[C@@H](CCC(=O)O)C(=O)O)cc3)ccc2[nH+]1,2.109341035971656,charged_or_radical,recomputed_pqr_reference,3.355317127
CCOC(=O)C1CC1,7.722591416611394,qm9_like_small_organic,qm9_overlap,7.680362295
C#CC(C)(C)C,8.745739539460544,qm9_like_small_organic,qm9_overlap,8.541394165
C[C@H](CCC(=O)O)[C@H]1CC[C@H]2[C@@H]3CC[C@H]4CCCC[C@]4(C)[C@H]3CC[C@]12C,6.872951886688716,large_neutral_organic,recomputed_pqr_reference,6.292095148
CCCC(CCC)C(=O)O[C@H](CC(=O)O)C[N+](C)(C)C,6.554612100742356,charged_or_radical,recomputed_pqr_reference,5.881522418
N#CC(C#N)=NNCc1ccc(Cl)cc1,4.244653310007502,heteroatom_rich_non_qm9,recomputed_pqr_reference,4.671659758
FC(F)(F)C1=C(C(F)(F)C(F)(F)F)OCCOC1(F)F,5.683746572149858,near_qm9_larger_organic,recomputed_pqr_reference,5.779651081
COC1=C(C)C(=O)C2=CC(=O)[N+](C)C=C2C1=O,0.8263185774052741,charged_or_radical,recomputed_pqr_reference,1.752039246
c1nnco1,7.377006811287346,qm9_like_small_organic,qm9_overlap,6.615316833
CCCCCNCC#N,7.349795425041359,qm9_like_small_organic,qm9_overlap,7.852632562
C1CC1OC1CC1,9.143025778651968,qm9_like_small_organic,qm9_overlap,8.822551757
CCCC[C@H]1C[C@H]2C(=O)C[C@@H](C(=O)O)[NH2+][C@H]2[C@H]2C(=O)C[C@@H](C(=O)O)[NH2+][C@@H]12,4.5616834538886994,charged_or_radical,recomputed_pqr_reference,4.578894461
CC(C)C(=O)C1(C)CC1,6.155215568842486,qm9_like_small_organic,qm9_overlap,6.193604306
CC1(C)CCCC1,10.038280386144972,qm9_like_small_organic,qm9_overlap,9.763325201
COCC1CC1,9.303572957503295,qm9_like_small_organic,qm9_overlap,9.130366364
C[C@H]1COC2(CCN(c3nc(=O)c4cc(C(F)(F)F)cc([NH+]O)c4s3)CC2)O1,0.5862781781671581,charged_or_radical,recomputed_pqr_reference,1.45837161
CNC(=O)[C@H](Cc1ccccc1)NC(=O)[C@H](CC(C)C)[C@H](CSc1cccs1)C(=O)NO,5.612834950283102,heteroatom_rich_non_qm9,recomputed_pqr_reference,4.175796992
COCCOC(C)=O,7.613745871627442,qm9_like_small_organic,qm9_overlap,7.456278486
CC1(C)C[C@@]2(NCC3=C[N+]([C@H]4C[C@H](O)[C@@H](CO)O4)C(=O)[NH+]C3=O)O[N@@H+]1C2(C)C,0.7029792225989728,charged_or_radical,recomputed_pqr_reference,1.054189609
CC[C@@H](C)[C@H]1OC1(C)C,8.784236774017586,qm9_like_small_organic,recomputed_pqr_reference,8.758882167
COc1ccc2c(c1)c(CC(=O)NCCc1ccccc1)c(C)n2C(=O)c1ccc(Cl)cc1,2.968463756911539,heteroatom_rich_non_qm9,recomputed_pqr_reference,3.950200851
CC(C)C[C@@H](N)C(=O)O,6.210087631519559,qm9_like_small_organic,recomputed_pqr_reference,6.701880332
COc1ccc(S(=O)(=O)N[C@H](CO)C(=O)N=O)cc1,2.1950393574368428,heteroatom_rich_non_qm9,recomputed_pqr_reference,4.763857328
CCc1nc(N)nc(N)c1-c1ccccc1,5.145618714365704,near_qm9_larger_organic,recomputed_pqr_reference,4.570780386
CC(C)(C)OC1CC1,8.604240330981405,qm9_like_small_organic,qm9_overlap,8.754644737
CC(=O)OC(C)C,7.744360525608185,qm9_like_small_organic,qm9_overlap,7.732083206
CC[C@@H](C)[C@@H](O)C(=O)O,6.655576031917443,qm9_like_small_organic,recomputed_pqr_reference,6.908627245
COc1c(O)cc2[oH+]c3cc(O)c(CC=C(C)C)c(O)c3c(=O)c2c1CC=C(C)C,2.8049056450911927,charged_or_radical,recomputed_pqr_reference,3.572759557
O=CNC1CCC1,7.61646701025204,qm9_like_small_organic,qm9_overlap,7.54133935
N=C(N)c1ccc(OCCCC2CCN(CCCOc3ccc(C(=N)N)cc3)CC2)cc1,5.182353488097135,large_neutral_organic,recomputed_pqr_reference,4.293841501
Cc1ncc(CCN)[nH]1,6.341596039851361,qm9_like_small_organic,recomputed_pqr_reference,6.343758273
CNC(=O)C(=O)NC,5.80690982489384,qm9_like_small_organic,qm9_overlap,6.282700107
COc1cc2nccc(Oc3ccc(NC(=O)C4=CC=C[N+](Cc5ccccc5)C4=O)nc3)c2cc1OC,0.3973384234229438,charged_or_radical,recomputed_pqr_reference,1.218785363
CCCC[C@@H]1C[C@H]2C(=O)[C@@H](C(=O)OC)C[NH2+][C@H]2C[C@H]1OCCOC1CCCCC1,4.07493231043742,charged_or_radical,recomputed_pqr_reference,4.850265257
CCCCCC#N,9.586571374461572,qm9_like_small_organic,qm9_overlap,9.553339452
CC(C)CC1CCCC1,10.095424297261548,qm9_like_small_organic,qm9_overlap,10.005775829
O=C1[N+](C[C@H]2CO2)C(=O)[N+](C[C@@H]2CO2)C(=O)[N+]1C[C@@H]1CO1,0.8093447636669728,charged_or_radical,recomputed_pqr_reference,1.497177098
COc1c2ccoc2cc2[oH+]c(=O)ccc12,3.5760879170443416,charged_or_radical,recomputed_pqr_reference,3.410160578
Fc1cncnc1,5.630035814294917,qm9_like_small_organic,qm9_overlap,5.919378377
Cc1cc[nH]c1,6.843663640865982,qm9_like_small_organic,qm9_overlap,6.670682254
CN1C(=O)[C@]2(CC(C)(C)Cc3ccc(-c4cncnc4)cc32)N=C1N,4.933388923933742,large_neutral_organic,recomputed_pqr_reference,4.090028682
CC(=O)[C@@]12O[C@@H]1C[C@H]1[C@@H]3CC=C4C[C@H](O)CC[C@]4(C)[C@H]3CC[C@@]12C,5.450876073542888,large_neutral_organic,recomputed_pqr_reference,5.299542803
CC[S@@](=O)c1c(C#N)nn(-c2c(Cl)cc(C(F)(F)F)cc2Cl)c1N,3.591363892996795,heteroatom_rich_non_qm9,recomputed_pqr_reference,4.089244826
CCOCCCOCC,9.110372115156782,qm9_like_small_organic,qm9_overlap,9.058687337
CCCCCCCC[C@H]1CCC(=O)[C@H]2[NH2+][C@H](C)[C@H](OC)C(=O)[C@@H]12,4.495793178138742,charged_or_radical,recomputed_pqr_reference,4.928632515
Cc1cn([C@@H]2O[C@H](COP(=O)(O)O)[C@@H](O)[C@H]2OCCO[NH2+]CO)c(=O)[nH]c1=O,4.275316437617648,charged_or_radical,recomputed_pqr_reference,4.000690372
C=CCCl,6.707806003167269,heteroatom_rich_non_qm9,recomputed_pqr_reference,5.881349918
CC(C)CCO,9.306294096127896,qm9_like_small_organic,qm9_overlap,9.183474438
COc1cc(-c2[oH+]c3cc(OC)c(OC)c(O)c3c(=O)c2OC)ccc1O,3.391647732879312,charged_or_radical,recomputed_pqr_reference,3.435856551
CC(=O)C1CCC1,6.245013143454246,qm9_like_small_organic,qm9_overlap,6.241928796
NC(=O)C1CC1,7.575649930883058,qm9_like_small_organic,qm9_overlap,7.497231569
Nc1c(N2CCc3ccc(CNC(=O)C4=Nc5sc6c(c5C(=O)[NH+]4)CCS(=O)(=O)C6)cc3C2)c(=O)c1=O,0.2653034866569608,charged_or_radical,recomputed_pqr_reference,1.078892912
CO,9.352553452746076,qm9_like_small_organic,qm9_overlap,9.07099758
CC1(C)NC(=O)NC1=O,6.944345769976137,qm9_like_small_organic,qm9_overlap,6.317797245
CCc1ccc(C)cc1,6.323926163567611,qm9_like_small_organic,qm9_overlap,6.416126879
CCC1(C)CCCC1,9.983857613652996,qm9_like_small_organic,qm9_overlap,9.755823177
CC1(OC2CCC2)CC1,8.865469638942889,qm9_like_small_organic,qm9_overlap,8.685336854
COC1(C)CCC1,8.862748500318292,qm9_like_small_organic,qm9_overlap,8.922944711
CCC[C@H](C)NCC(C)(C)CC,7.270965934236127,near_qm9_larger_organic,recomputed_pqr_reference,7.768486335
CC(=O)C1CC(C)(C)C1,6.288551361447826,qm9_like_small_organic,qm9_overlap,6.252970987
CC(C)=CCc1c(O)cc(O)c2c(=O)c(O[C@@H]3O[C@H](C)[C@H](O)[C@H](O)[C@@H]3O)c(-c3ccc(O)cc3)[oH+]c12,3.564153843029879,charged_or_radical,recomputed_pqr_reference,3.490739499
CC/C(C)=C/[C@@H](C)CC,6.475156107578458,qm9_like_small_organic,recomputed_pqr_reference,6.790972875
COc1cc(Cl)c(OC)cc1N,4.975807210039164,heteroatom_rich_non_qm9,recomputed_pqr_reference,4.92457044
C/[N+](O)=N/CO[C@@H]1O[C@H](CO[C@@H]2OC[C@@H](O)[C@H](O)[C@H]2O)[C@@H](O)[C@H](O)[C@H]1O,0.7043866817599427,charged_or_radical,recomputed_pqr_reference,5.482495921
N#CCc1ccccc1,6.5742709170307005,qm9_like_small_organic,qm9_overlap,5.770244622
Clc1ccccc1Cl,6.010462971733674,heteroatom_rich_non_qm9,recomputed_pqr_reference,5.091152951
CC(C)C1(C)CCC1,9.581129097212376,qm9_like_small_organic,qm9_overlap,9.612176104
COc1ccnc(NC2CCN(C(=O)c3ccc(C#N)cc3)CC2)c1,3.479880671954807,large_neutral_organic,recomputed_pqr_reference,4.104425295
Cc1nccn1CCO,6.696722155137647,qm9_like_small_organic,qm9_overlap,6.466203472
N#CCCCCC(N)=O,7.608303594378245,qm9_like_small_organic,qm9_overlap,7.267596238
c1ccc(C2(c3ccccc3)OC[C@H]([C@H]3CCCCN3)O2)cc1,5.382860431029884,large_neutral_organic,recomputed_pqr_reference,5.173368653
CC(C)COC1CCC1,8.97431518392684,qm9_like_small_organic,qm9_overlap,8.819525909
CCCCCS[C@H](C)CCC,6.620318208783194,heteroatom_rich_non_qm9,recomputed_pqr_reference,6.513003064
OCCn1cccn1,7.102171810202868,qm9_like_small_organic,qm9_overlap,6.49529076
CCOC=O,7.804225575349358,qm9_like_small_organic,qm9_overlap,7.67057063
CC[C@H](C)[C@H]1O[C@@H]1[C@@H]1C[C@H]1C,8.794478442296294,near_qm9_larger_organic,recomputed_pqr_reference,8.262195765
CNC(=S)NC,5.408211989390744,heteroatom_rich_non_qm9,recomputed_pqr_reference,5.768495131
CC=O,6.372906658810389,qm9_like_small_organic,qm9_overlap,6.198339
Cc1cccnn1,4.798136079502769,qm9_like_small_organic,recomputed_pqr_reference,6.071719991
CC1(C)C[C@@H]1[N@H+](O)C1CC1,7.829849614440762,charged_or_radical,recomputed_pqr_reference,7.687135996
CC(C)(NC[C@H](O)c1ccc(O)c(O)c1)[C@H]1CC[C@@](C)(N)CC1,5.67944673024879,large_neutral_organic,recomputed_pqr_reference,5.41179952
C1CC1,10.694074794673284,qm9_like_small_organic,qm9_overlap,10.665768652
CCCO,9.330784343749285,qm9_like_small_organic,qm9_overlap,9.217256976
OCCO,8.650499687599586,qm9_like_small_organic,qm9_overlap,8.927787474
CC[C@H](C)CC/C=C/C=C(\C)[C@@H](O)C/C=C/C=C/C(=O)O[C@H]1[C@H](O)[C@@H](CO)O[C@@]2(OCc3cc(O)cc(O)c32)[C@@H]1O,4.098579797629385,large_neutral_organic,recomputed_pqr_reference,4.2182571
C[C@H]1CC[C@@H]2N(C1)C[C@H]1[C@@H]3C[C@H]4[C@@H](CC(=O)[C@H]5C[C@@H](O)CC[C@@]54C)[C@@H]3CC[C@@H]1[C@]2(C)O,4.946341566348889,large_neutral_organic,recomputed_pqr_reference,5.571839816
O=CCc1ccccc1,5.763371606900258,qm9_like_small_organic,qm9_overlap,5.276202166
CCCCOCCO,9.344390036872278,qm9_like_small_organic,qm9_overlap,9.241298643
CCCCCC(=O)OC,7.80150443672476,qm9_like_small_organic,qm9_overlap,7.782124066
Cc1c(N)cccc1N,5.657247200540905,qm9_like_small_organic,qm9_overlap,5.556928672
Cc1cc(=O)c(O)co1,5.333431704213648,qm9_like_small_organic,qm9_overlap,5.491706638
CCC#CC(C)(C)C,8.223280923537574,qm9_like_small_organic,qm9_overlap,8.245379222
C#CCC(C)(C)C,8.45457770662847,qm9_like_small_organic,qm9_overlap,8.479282869
Cc1c(COc2ccc([N+](=O)[O-])cc2)c2c(n1C)C(=O)C=C(NCCCCN)C2=O,3.091837372564485,large_neutral_organic,recomputed_pqr_reference,3.536073202
CC(C)C1CC1,9.9729730591546,qm9_like_small_organic,qm9_overlap,9.749120119
CCC1(CC)CCCC1,9.88861776179204,qm9_like_small_organic,qm9_overlap,9.809292334
Cc1ccc[nH]c1=O,4.879001553905648,qm9_like_small_organic,qm9_overlap,5.219772664
CC(C)PC1(C)CC1,6.927383194852177,heteroatom_rich_non_qm9,recomputed_pqr_reference,7.095237701
O=CCc1cnc[nH]1,4.794646256543086,qm9_like_small_organic,qm9_overlap,5.505803984
NC1=Cc2ccccc2[NH+]C1=S,1.4650871437730784,charged_or_radical,recomputed_pqr_reference,3.126229659
CCC(C)(C)CC=O,6.0490911624831325,qm9_like_small_organic,qm9_overlap,6.204674943
COc1cc(O)cc2cc3[oH+]c(C)cc(=O)c3c(O)c12,3.254207209032226,charged_or_radical,recomputed_pqr_reference,3.513589192
C[N+]1=C(CCCN=C(N)N)C=[N+]2C=CC=C2C1=O,0.562271950044033,charged_or_radical,recomputed_pqr_reference,3.823066285
CCC(C)(C)O,8.86819077756749,qm9_like_small_organic,qm9_overlap,8.881761437
O=CC(O)C=O,5.404181308453216,qm9_like_small_organic,qm9_overlap,5.596059226
CC(C)C[N@@H+](O)CC(C)(C)C,8.139932087924551,charged_or_radical,recomputed_pqr_reference,8.005466557
CC(C)c1ccncc1,6.28038794557403,qm9_like_small_organic,qm9_overlap,6.157935332
C1=CCCCC1,7.292651513924784,qm9_like_small_organic,qm9_overlap,7.116180942
OC1CCCC1,9.083160728910794,qm9_like_small_organic,qm9_overlap,9.067738371
CCCCNC(=O)c1ccc(Cl)cc1O,5.163616140219586,heteroatom_rich_non_qm9,recomputed_pqr_reference,5.130215132
CC(C)OC1CC1,8.805604589201716,qm9_like_small_organic,qm9_overlap,8.89112445
C[N+]1C(=O)C2=C([NH+]C(=O)C(C=O)=N2)[N+](C)C1=O,0.8762175723925377,charged_or_radical,recomputed_pqr_reference,1.134001391
CC(C)(C)O,8.884517609315083,qm9_like_small_organic,qm9_overlap,8.908231279
CCCOC1(C)CC1,9.053228204040208,qm9_like_small_organic,qm9_overlap,8.896528011
CC(C)c1cccc(C(C)C)c1NC(=O)N[C@](C)(Cc1c[nH]c2ccccc12)C(=O)NCC1(c2ccccn2)CCCCC1,5.01767198522301,large_neutral_organic,recomputed_pqr_reference,4.050919029
CN(C=O)C1=C(N)[N+](C)C(=O)[N+](C)C1=O,1.3298772656725617,charged_or_radical,recomputed_pqr_reference,1.453983006
N#Cc1ccc([C@H]2CCc3cncn32)c(F)c1,3.951112673804052,near_qm9_larger_organic,recomputed_pqr_reference,4.768105489
C[C@H]1C[C@@H](C(=O)OC(=O)CC2CCC2)C1,5.358015507152901,near_qm9_larger_organic,recomputed_pqr_reference,5.733530605
FC(F)(F)c1nc2c(Cl)cc(Cl)c(Oc3cc(Cl)c(Cl)cc3Cl)c2[nH]1,4.535144364056956,heteroatom_rich_non_qm9,recomputed_pqr_reference,4.008569278
COc1cccc(N)c1,5.738881359278869,qm9_like_small_organic,qm9_overlap,5.393062619
CCCC(C)(C)SC(=O)CC(C)(C)CC,5.234237612436294,heteroatom_rich_non_qm9,recomputed_pqr_reference,5.150714724
C1CCCC1,10.672305685676491,qm9_like_small_organic,qm9_overlap,10.581321488
COC(=O)C1(C)CCC1,7.583813346756855,qm9_like_small_organic,qm9_overlap,7.602984007
CCCOc1[oH+]c(=O)c2cc(NC(=O)Nc3ccccc3)ccc2c1Cl,1.9461803756175884,charged_or_radical,recomputed_pqr_reference,3.326885067
Cc1cc(=O)[oH+]c2cc3c(cc12)CCO3,3.79739761364174,charged_or_radical,recomputed_pqr_reference,3.728059543
c1ncc2nc[nH]c2n1,5.564728487304546,qm9_like_small_organic,qm9_overlap,5.223363072
CC1=CC(=O)NC1=O,4.870838138031852,qm9_like_small_organic,qm9_overlap,5.021390182
CCCC/C=C/CC/C=C/CCCCCC=O,5.681356805228642,near_qm9_larger_organic,recomputed_pqr_reference,5.730009043
Cc1[nH]cnc1CO,6.541617253535515,qm9_like_small_organic,qm9_overlap,6.397066197
C1CCC2(CC1)CCC2,9.510379492972804,qm9_like_small_organic,qm9_overlap,9.707224669
CC(=O)O[C@]1(C)CC[C@H]2[C@H]3[C@@H]1[C@@H]1C/C(C)=C\CC[C@](C)(OC(=O)[C@@H]2C)[C@H]3O1,5.516188788472914,large_neutral_organic,recomputed_pqr_reference,5.365922519
C[C@H]1C[C@@H]2c3cccc4[nH]cc(c34)C[C@H]2N(C)C1,4.923073943144519,near_qm9_larger_organic,recomputed_pqr_reference,4.728820215
O=c1ccocc1,5.436834971948402,qm9_like_small_organic,qm9_overlap,5.106660155
COC[C@@H]1OC[C@H](OCC(=O)OC)[C@@H](OCC(=O)OC)[C@@H]1OC(C)=O,6.037730367891343,large_neutral_organic,recomputed_pqr_reference,5.419439226
O[C@@H]1C=Cc2c(ccc3cc4c(ccc5ccccc54)cc23)[C@H]1O,3.1845066060608995,large_neutral_organic,recomputed_pqr_reference,3.703834906
CCOCC,9.289967264380302,qm9_like_small_organic,qm9_overlap,9.275960916
OCc1ccc(O)cc1,5.8232366566414315,qm9_like_small_organic,qm9_overlap,5.770270612
C#CCCCC,8.6151248854798,qm9_like_small_organic,qm9_overlap,8.578655485
CC(C)=NO,7.0314222059633,qm9_like_small_organic,qm9_overlap,6.930427518
CCOC(=O)NC,8.59335577648301,qm9_like_small_organic,qm9_overlap,8.359383978
COCCOCCO,9.102208699282986,qm9_like_small_organic,qm9_overlap,8.867215476
Cc1cc(C)cc(N)c1,5.632756952919515,qm9_like_small_organic,qm9_overlap,5.680134029
CC1([N@H+](O)C2CCCCC2)CC1,7.574204439182958,charged_or_radical,recomputed_pqr_reference,8.004696672
CC#C[C@]1(O)CC[C@@H]2[C@@H]3CCC4=CC(=O)CCC4=C3[C@@H](c3ccc4c(c3)OCO4)C[C@@]21C,4.089939757480926,large_neutral_organic,recomputed_pqr_reference,4.461190131
O=C1CCCCN1,7.295372652549383,qm9_like_small_organic,qm9_overlap,7.40721142
CNC(=O)CC(C)(C)C,7.417823890656328,qm9_like_small_organic,qm9_overlap,7.496421334
CCCC1(C)CCCC1,9.918550286662626,qm9_like_small_organic,qm9_overlap,9.834495836
Cc1ccn(C(N)=O)n1,6.465425372046749,qm9_like_small_organic,qm9_overlap,5.668496615
C#CC,8.767508648457333,qm9_like_small_organic,qm9_overlap,7.852786839
N=C(N)[NH+]OCCNC(=O)Cc1c(Cl)ccc(NCC(F)(F)c2ccccc2)c1F,0.5725320388600411,charged_or_radical,recomputed_pqr_reference,1.351358995
Nc1ccc(O)c(O)c1,5.30622031796766,qm9_like_small_organic,qm9_overlap,5.439247361
Cc1ccc(N)c(C)c1,5.553843932806151,qm9_like_small_organic,qm9_overlap,5.61036607
CC(C)S(=O)(=O)N[C@H]1Cc2ccc(-c3ccc(F)nc3)cc2C1,5.183714489378903,heteroatom_rich_non_qm9,recomputed_pqr_reference,4.326059401
C[C@H](O)C(=O)Nc1c(I)c(C(=O)NC(CO)CO)c(I)c(C(=O)NC(CO)CO)c1I,4.402986271399303,heteroatom_rich_non_qm9,recomputed_pqr_reference,4.231723512
CCCN[C@@H](C)CC,7.715448057105454,qm9_like_small_organic,recomputed_pqr_reference,7.760592704
O=c1c(O)c(CCCCCO)[oH+]c2ccccc12,4.383485855542095,charged_or_radical,recomputed_pqr_reference,3.923035703
Cc1c(C(=O)O)c(O)cc2c1C(=O)c1c(O)c([C@H]3O[C@H](CO)[C@@H](O)[C@H](O)[C@H]3O)c(O)c(O)c1C2=O,3.207259734458604,large_neutral_organic,recomputed_pqr_reference,3.427902574
C[C@H](Oc1ccc(Oc2ncc(C(F)(F)F)cc2Cl)cc1)C(=O)O,4.251511038102794,heteroatom_rich_non_qm9,recomputed_pqr_reference,4.170050764
O=C1C=CCC1,5.273566654472474,qm9_like_small_organic,qm9_overlap,5.636230842
C[C@]12CC[C@H]3[C@@H](CCC4=CC(=O)CC[C@@H]43)[C@H]1CC[C@@H]2OC(=O)N(CCCl)N=O,3.795665949782606,heteroatom_rich_non_qm9,recomputed_pqr_reference,4.585554724
N#Cc1ccccc1N,4.887164969779445,qm9_like_small_organic,qm9_overlap,5.325654614
Cc1nc2ccccc2n1S(=O)(=O)c1cc([N+](=O)[O-])ccc1Cl,2.4200409255778443,heteroatom_rich_non_qm9,recomputed_pqr_reference,3.818963289
C[C@@H]1CC[C@@H]1NC1CC1,7.665095775159675,qm9_like_small_organic,recomputed_pqr_reference,7.587989098
C[N@@H+]1C[C@H](O)C(=O)C[C@@H]1C(=O)O,5.303249880978923,charged_or_radical,recomputed_pqr_reference,5.330926776
CCCOC=O,7.798783298100161,qm9_like_small_organic,qm9_overlap,7.763934652
COC(=O)/C=C/C(=O)Nc1ccc(CCN2C[C@H]3CCC[C@@H](C2)[C@]3(OC)c2cccc(OC)c2)cc1,2.4570553410668325,large_neutral_organic,recomputed_pqr_reference,4.006719394
COCC(=O)NC(N)=O,6.375627797434988,qm9_like_small_organic,qm9_overlap,6.561770369
CCCN(C)C(=O)CC,7.300814929798579,qm9_like_small_organic,qm9_overlap,7.306072382
COC(=O)C1=CO[C@@H](O)[C@@H]2C(CO)=CC[C@H]12,5.354354997138658,near_qm9_larger_organic,recomputed_pqr_reference,5.015557515
CC(C)(C)CCC(N)=O,7.586534485381454,qm9_like_small_organic,qm9_overlap,7.484553645
N=c1ccccoc1=O,4.394638878727062,qm9_like_small_organic,qm9_overlap,5.1738975
Nc1ccccc1O,5.545680516932355,qm9_like_small_organic,qm9_overlap,5.524413399
O=C1C=CC(=O)N1,4.759271454423301,qm9_like_small_organic,qm9_overlap,5.501763958
O[C@@]1(c2ccc(Cl)cc2)CCCCC[C@H]1n1cncn1,5.804789197568773,heteroatom_rich_non_qm9,recomputed_pqr_reference,4.621480266
C/C(=C\[C@H]1c2cccc3[nH]cc(c23)C[C@H]1N)CO,4.890019316288956,near_qm9_larger_organic,recomputed_pqr_reference,4.516386304
Cc1nccc2c1C=CC(=O)[NH+]2,1.2826884329877046,charged_or_radical,recomputed_pqr_reference,2.434492303
CCCC(C)(C)O,8.849142807195298,qm9_like_small_organic,qm9_overlap,8.868541318
N=C(N)c1ccc(C[P@@](=O)(O)Oc2ccccc2)cc1,4.96683487573353,heteroatom_rich_non_qm9,recomputed_pqr_reference,4.443481906
COc1cc(C)cc2c(-c3c(O)cc(O)c4c3C[C@@H](C)N[C@@H]4C)ccc(O)c12,4.213676894214888,large_neutral_organic,recomputed_pqr_reference,4.107275604
CCO[P@](S)(N[C@H](C)CC)Oc1cc(C)ccc1[N+](=O)[O-],0.7399184294730871,charged_or_radical,recomputed_pqr_reference,2.157018065
OCC#CCO,7.638236119248831,qm9_like_small_organic,qm9_overlap,7.907475323
Cc1ccccc1CO,6.435492847176161,qm9_like_small_organic,qm9_overlap,6.300201355
Cc1ccn[nH]1,7.012374235591107,qm9_like_small_organic,qm9_overlap,6.974105335
CC(=O)c1ccco1,5.1069808082653285,qm9_like_small_organic,qm9_overlap+recomputed_pqr_reference,5.113406804
CC(=O)c1cccn1C,5.134788584617936,qm9_like_small_organic,qm9_overlap,5.156641869
CC(C)C(=O)C1CC1,6.236849727580449,qm9_like_small_organic,qm9_overlap,6.223865078
OCc1ccc(CO)o1,6.125283043971899,qm9_like_small_organic,qm9_overlap,6.30321391
COCCOCCC=O,6.21235947995906,qm9_like_small_organic,qm9_overlap,6.471331317
C/C(=N\O)C(=O)O,5.342670109837505,qm9_like_small_organic,recomputed_pqr_reference,5.698917159
C#CCOCC#C,7.420545029280928,qm9_like_small_organic,qm9_overlap,7.446320384
CC(C)CSC[C@H]1O[C@@H](n2cnc3c(N)ncnc32)[C@H](O)[C@@H]1O,4.720893429584271,heteroatom_rich_non_qm9,recomputed_pqr_reference,4.387828492
CCCC(=O)C1(C)CC1,6.318483886318413,qm9_like_small_organic,qm9_overlap,6.286523002
NC(N)=O,8.302193943650938,qm9_like_small_organic,qm9_overlap,7.462482807
CC1=CC(=O)OCC1,5.942966756123779,qm9_like_small_organic,qm9_overlap,6.042441858
CCC1=CCCC1,7.047749037710892,qm9_like_small_organic,qm9_overlap,7.058750227
CCCC1CCCC1,10.36481702109683,qm9_like_small_organic,qm9_overlap,10.184047674
Cc1nc(N)n[nH]1,6.364743242936592,qm9_like_small_organic,qm9_overlap,6.352353026
C#CCCCCCC,8.612403746855202,qm9_like_small_organic,qm9_overlap,8.600938608
NC(N)=NCCC[C@H](NCCC(=O)O)C(=O)O,5.294271801906494,near_qm9_larger_organic,recomputed_pqr_reference,5.345895426
C=C[C@@H]1CNCC[C@H]1CCCc1ccnc2ccc(OC)cc12,4.234748185918114,large_neutral_organic,recomputed_pqr_reference,4.416100337
Cc1nc(N)nc2c1/C(=N/O)C[C@@H](c1ccc(F)cc1-c1cccnc1)C2,4.677186174346687,large_neutral_organic,recomputed_pqr_reference,3.986809728
CC1(C)CCOCO1,9.153910333150362,qm9_like_small_organic,qm9_overlap,8.741379756
CCC(C)(C)NC=O,7.5511596832616705,qm9_like_small_organic,qm9_overlap,7.546508631
CC(C)(C)C(C)(C)C,9.88317548454284,qm9_like_small_organic,qm9_overlap,9.880270017
OC1CC=CC1,7.265440127678796,qm9_like_small_organic,qm9_overlap,6.988568607
CC1CC=CC1,7.205575077937621,qm9_like_small_organic,qm9_overlap,7.172043889
CCn1c(C2=C(N)[NH+]O[NH+]2)nc2c(C#CC(C)(C)O)nc(O[C@@H](CCN)c3ccccc3)cc21,0.6626409582138163,charged_or_radical,recomputed_pqr_reference,1.791332689
CN(C[C@@H]1COCCO1)S(=O)(=O)Nc1ccc2ccc3ncc(-c4cnn(C5CCNCC5)c4)cc3c(=O)c2c1,3.4460312193643805,heteroatom_rich_non_qm9,recomputed_pqr_reference,3.76665089
O=C1C=CCCC1,5.1293463073687375,qm9_like_small_organic,qm9_overlap,5.460749695
CC1=CC(=O)c2c(O)c(O)c(O)c3c2C1=C1O[C@H](C)C(C)(C)[C@@]1(O)C3=O,3.2281734430620075,large_neutral_organic,recomputed_pqr_reference,3.580159681
O=[N+]([O-])c1ccc[nH]1,4.6613104639377445,qm9_like_small_organic,qm9_overlap,5.194032705
COc1ccccc1N,5.567449625929145,qm9_like_small_organic,qm9_overlap,5.37700161
CCc1c(C)c[nH]c1C,6.506242451415731,qm9_like_small_organic,qm9_overlap,6.426564309
Cc1nc2ccc(Br)cc2c(-c2ccc(Cl)cc2)c1[C@H](OC(C)(C)C)C(=O)O,4.302067376965892,heteroatom_rich_non_qm9,recomputed_pqr_reference,3.957429127
CCCCOC(C)=O,7.75252394148198,qm9_like_small_organic,qm9_overlap,7.749104889
COC(=O)COc1ccc(OCCNC[C@@H](O)COc2ccccc2)cc1,4.874395420907263,large_neutral_organic,recomputed_pqr_reference,4.57280603
Nc1ccc2cccc(O)c2n1,4.064508543651522,near_qm9_larger_organic,recomputed_pqr_reference,4.643258756
CC[C@@H]1C[C@@H](C(=O)N[C@@H]([C@@H]2O[C@H](SC)[C@H](O)[C@@H](O)[C@H]2O)[C@@H](C)O)N(C)C1,5.784106945866932,heteroatom_rich_non_qm9,recomputed_pqr_reference,5.198404082
CC1=C(C=C(CO)CO)[NH+]C(=O)[NH+]C1=O,0.6728869690525846,charged_or_radical,recomputed_pqr_reference,1.130836019
CCCCC(N)=O,7.586534485381454,qm9_like_small_organic,qm9_overlap,7.574260155
CCOP(=O)(OCC)SCSP(=O)(OCC)OCC,5.958580122408081,heteroatom_rich_non_qm9,recomputed_pqr_reference,5.415388011
CO[C@@H](C(=O)NCC(N)=O)[C@H](O)[C@@H](O)[C@H](O)/C=C/C(C)(C)C,5.974051313849086,large_neutral_organic,recomputed_pqr_reference,5.229497004
c1ccc2c(c1)COC2,6.07630254872912,qm9_like_small_organic,qm9_overlap,6.208254839
CC(C)(C)C#N,9.779772216808087,qm9_like_small_organic,qm9_overlap,9.329197231
CC(C)(C)OC(C)(C)C,8.492673647372854,qm9_like_small_organic,qm9_overlap,8.671604478
OCC(F)(F)C(F)(F)C(F)(F)C(F)(F)C(F)(F)C(F)(F)C(F)(F)C(F)(F)CO,7.4744564580410975,large_neutral_organic,recomputed_pqr_reference,6.529410206
CC(C)=CCC[C@]1(C)[C@H](CC=C(C)C)C[C@]2(CC=C(C)C)C(=O)C(CC=C(C)C)=C(O)[C@@]1(C(=O)C(C)C)C2=O,4.083097472959376,large_neutral_organic,recomputed_pqr_reference,4.115246703
CC#CCC(C)(C)C,8.106271962679825,qm9_like_small_organic,qm9_overlap,8.29486195
c1cn[nH]c1,7.284488098050987,qm9_like_small_organic,qm9_overlap,7.031890768
CCCC(=O)C(C)=O,4.291235610992308,qm9_like_small_organic,qm9_overlap,5.557545998
C#CCCCCC,8.6151248854798,qm9_like_small_organic,qm9_overlap,8.583800297
CC(=O)c1ccccc1,5.254518684100282,qm9_like_small_organic,qm9_overlap,5.100262712
CCC1CCCC1,10.45461459570859,qm9_like_small_organic,qm9_overlap,10.189469062
O=C1C[C@H]2CC[C@@H](C1)C2,5.819498583225333,qm9_like_small_organic,recomputed_pqr_reference,6.102927281
COC,9.34711117549688,qm9_like_small_organic,qm9_overlap,9.134079091
CCCCC(C)(C)C,10.13352023800593,qm9_like_small_organic,qm9_overlap,10.137668467
CCN(C)c1cc(=O)c2c(ccc3ccccc32)[oH+]1,3.767441946369364,charged_or_radical,recomputed_pqr_reference,3.65774549
CC(C)OCCO,9.080439590286195,qm9_like_small_organic,qm9_overlap,8.984568478
CC1(C)CC[C@H]1C(=O)SC1CCCC1,4.695246249040702,heteroatom_rich_non_qm9,recomputed_pqr_reference,4.946494824
Cn1cccn1,7.14298888957185,qm9_like_small_organic,qm9_overlap,6.860980468
CCCC(=O)OC(C)C,7.768850773229573,qm9_like_small_organic,qm9_overlap,7.713529536
Fc1ccccc1F,6.3293684408168085,qm9_like_small_organic,qm9_overlap,6.342123081
NC(=O)C1CCCCC1,7.518506019766484,qm9_like_small_organic,qm9_overlap,7.47216024
NCCCNCCCN,7.156337350493938,qm9_like_small_organic,recomputed_pqr_reference,7.736110479
