smiles,gap,mol_weight,exact_mass,polarizability,heat_formation,subset
C,9.519,16.042460000000002,16.031300128,2.185805,430.44644,PQR–QM9 overlap
C,0.0,16.04246,16.031300127999998,2.287129,117.0261,PQR–QM9 overlap
C,19.635,16.04246,16.031300127999998,0.0,-60.26632,PQR–QM9 overlap
C#C,12.83,26.037280000000003,26.015650064,3.513948,239.06159,PQR–QM9 overlap
C#CC#C,10.522,50.058679999999995,50.015650064,6.987179,471.58398,PQR–QM9 overlap
C#CC#CC#C,9.314,74.08008000000001,74.015650064,11.301739,702.12335,PQR–QM9 overlap
C#CC#N,14.549,51.04674,51.010899037,5.933095,376.19807,PQR–QM9 overlap
C#CC(C)(C)C,15.414,82.14360000000003,82.07825032,11.052375,126.2721,PQR–QM9 overlap
C#CC(F)(F)F,12.391,94.0352496,94.003034692,5.612856,-415.28978,PQR–QM9 overlap
C#CC1(C)CC1,11.168,80.12772000000004,80.062600256,10.75904,270.17092,PQR–QM9 overlap
C#CC1(C)CCC1,15.038,94.15430000000003,94.07825032,12.431307,208.59653,PQR–QM9 overlap
C#CC1=CCCCC1,9.643,106.16500000000003,106.07825032,14.399084,217.1576,PQR–QM9 overlap
C#CC1CC1,11.303,66.10114,66.046950192,8.915279,297.58592,PQR–QM9 overlap
C#CC1CCC1,11.767,80.12772000000004,80.062600256,10.601506,236.46463,PQR–QM9 overlap
C#CC1CCCC1,15.248,94.15430000000003,94.07825032,12.375652,164.4598,PQR–QM9 overlap
C#CC1CCCCC1,11.865,108.18088000000006,108.093900384,14.305444,130.48361,PQR–QM9 overlap
C#CCC(C)(C)C,12.25,96.17018000000006,96.093900384,12.857097,102.4852,PQR–QM9 overlap
C#CCCC#C,11.787,78.11184000000003,78.046950192,10.417085,425.74222,PQR–QM9 overlap
C#CCCC(C)C,11.913,96.17018000000006,96.093900384,12.853438,111.40096,PQR–QM9 overlap
C#CCCC(C)C,0.0,96.17018000000006,96.093900384,12.571638,206.31238,PQR–QM9 overlap
C#CCCCC(C)C,11.99,110.19676000000008,110.109550448,14.743583,87.59269,PQR–QM9 overlap
C#CCOCC#C,10.498,94.11124000000004,94.041864812,11.13918,329.34503,PQR–QM9 overlap
C#Cc1ccccc1,8.862,102.13324,102.046950192,13.828921,331.83604,PQR–QM9 overlap
C#Cc1ccccc1N,8.242,117.14788000000004,117.057849229,15.30547,322.95254,PQR–QM9 overlap
C#Cc1ccccn1,12.196,103.12130000000003,103.042199165,13.066147,383.99187,PQR–QM9 overlap
C#N,17.713,27.025340000000003,27.010899037,2.718676,124.87923,PQR–QM9 overlap
C#N,0.0,27.02534,27.010899037,2.625546,429.84913,PQR–QM9 overlap
C1=CC=CC=CC=C1,9.189,104.14912000000004,104.062600256,13.786127,249.49134,PQR–QM9 overlap
C1=CC=CC=CC=C1,8.883000000000001,104.14912000000004,104.062600256,13.855663,249.50761,PQR–QM9 overlap
C1CC1,13.765,42.07973999999999,42.046950192,5.867671,50.28594,PQR–QM9 overlap
C1CC1C1CC1,12.494,82.14360000000005,82.07825032,11.029427,123.33085,PQR–QM9 overlap
C1CC1OC1CC1,11.693,98.14300000000006,98.07316494,11.662909,-0.52325,PQR–QM9 overlap
C1CC2(C1)CC2,16.13,82.14360000000005,82.07825032,10.852568,86.74931,PQR–QM9 overlap
C1CC2(C1)CCC2,13.869,96.17018000000006,96.093900384,12.559839,21.88548,PQR–QM9 overlap
C1CCC1,17.747,56.10631999999998,56.062600256,7.603578,-9.51471,PQR–QM9 overlap
C1CCC2(C1)CC2,15.973,96.17018000000006,96.093900384,12.670089,4.59415,PQR–QM9 overlap
C1CCC2(C1)CCCC2,14.195,124.22334000000008,124.125200512,16.163824,-125.39578,PQR–QM9 overlap
C1CCC2(CC1)CC2,15.93,110.19676000000008,110.109550448,14.552115,-25.41505,PQR–QM9 overlap
C1CCC2(CC1)CCC2,13.71,124.22334000000008,124.125200512,16.240296,-85.92568,PQR–QM9 overlap
C1CCCC1,14.908,70.13290000000002,70.07825032,9.420658,-83.58616,PQR–QM9 overlap
C1CCCCC1,8.072,84.1595,84.09390038,15.98741,336.26277,PQR–QM9 overlap
C1CCCCC1,14.65,84.15948000000006,84.093900384,11.279532,-100.46264,PQR–QM9 overlap
C1CCCCCC1,14.962,98.18606000000004,98.109550448,13.107152,-116.66374,PQR–QM9 overlap
C1CCCCCCC1,14.681,112.21264000000004,112.125200512,14.934845,-126.02768,PQR–QM9 overlap
C1CCCCCCCC1,14.951,126.23922000000005,126.140850576,16.739085,-146.20166,PQR–QM9 overlap
C=O,16.929,30.025979999999997,30.010564684,2.28644,-76.59991,PQR–QM9 overlap
C=O,16.929,30.02598,30.010564684,2.286348,-76.59991,PQR–QM9 overlap
C=O,10.455,30.025980000000004,30.010564684,2.752683,-106.87213,PQR–QM9 overlap
C=O,0.0,30.02598,30.010564684,2.448744,-12.59872,PQR–QM9 overlap
CC,16.475,30.069040000000008,30.046950191999997,4.472911,-76.13706,PQR–QM9 overlap
CC,9.409,30.069040000000005,30.046950191999997,4.22117,330.0927,PQR–QM9 overlap
CC#CC,11.671,54.09043999999999,54.046950192,7.548295,147.75841,PQR–QM9 overlap
CC#CC(C)(C)C,11.624,96.17018000000006,96.093900384,13.107988,80.52156,PQR–QM9 overlap
CC#CC(C)C,11.551,82.14360000000005,82.07825032,11.273403,106.5362,PQR–QM9 overlap
CC#CCC(C)(C)C,11.509,110.19676000000008,110.109550448,14.907495,57.50265,PQR–QM9 overlap
CC#CCC(C)C,11.818,96.17018000000006,96.093900384,13.110065,83.75789,PQR–QM9 overlap
CC#CCCC(C)C,11.512,110.19676000000008,110.109550448,14.9759,63.93362,PQR–QM9 overlap
CC#Cc1ccccc1,8.708,116.15982000000004,116.062600256,16.054673,284.05658,PQR–QM9 overlap
CC#N,16.993000000000002,41.05192,41.026549101,4.656347,76.18758,PQR–QM9 overlap
CC(=O)C#N,13.541,69.06202000000002,69.021463721,6.752048,-28.61644,PQR–QM9 overlap
CC(=O)C(C)(C)C,13.855,100.15888000000008,100.088815004,11.928821,-289.03719,PQR–QM9 overlap
CC(=O)C(C)C,13.941,86.13230000000006,86.07316494,10.122473,-269.37968,PQR–QM9 overlap
CC(=O)C1(C)CC1,13.87,98.14300000000006,98.07316494,11.545759,-149.95481,PQR–QM9 overlap
CC(=O)C1(C)CCC1,13.847,112.16958000000008,112.088815004,13.243616,-212.25871,PQR–QM9 overlap
CC(=O)C1=CCCC1,12.767,110.15370000000006,110.07316494,13.224823,-158.996,PQR–QM9 overlap
CC(=O)C1CC1,10.876,84.11642,84.057514876,9.732965,-125.83485,PQR–QM9 overlap
CC(=O)C1CCC1,13.947,98.14300000000006,98.07316494,11.429822,-184.88068,PQR–QM9 overlap
CC(=O)C1CCCC1,13.953,112.16958000000008,112.088815004,13.247227,-259.1949,PQR–QM9 overlap
CC(=O)C1CCCCC1,13.859,126.19616000000008,126.104465068,15.139653,-291.54732,PQR–QM9 overlap
CC(=O)CC(=O)C(C)C,10.602,128.16898000000003,128.083729624,13.927023,-442.39925,PQR–QM9 overlap
CC(=O)CC(=O)N(C)C,10.404,129.15704000000002,129.078978597,13.524024,-398.52769,PQR–QM9 overlap
CC(=O)CC(C)(C)C,13.975,114.18546000000008,114.104465068,13.712825,-318.0325,PQR–QM9 overlap
CC(=O)CCC(C)(C)C,14.055,128.2120400000001,128.120115132,15.579181,-339.9779,PQR–QM9 overlap
CC(=O)CCO,14.108,88.10512000000004,88.052429496,8.886105,-410.08693,PQR–QM9 overlap
CC(=O)CO,13.997,74.07854000000003,74.036779432,7.065123,-384.75714,PQR–QM9 overlap
CC(=O)N(C)C,10.349,87.12036000000005,87.068413913,9.670726,-230.47082,PQR–QM9 overlap
CC(=O)N1CC1,13.698,85.10448000000004,85.052763849,9.190959,-60.50823,PQR–QM9 overlap
CC(=O)NC(=O)CN,13.155,116.11852000000005,116.058577506,11.086756,-378.28035,PQR–QM9 overlap
CC(=O)NC(C)(C)C,14.205000000000002,115.17352000000008,115.099714041,13.176383,-320.47516,PQR–QM9 overlap
CC(=O)NC1(C)CC1,14.16,113.15764000000006,113.084063977,12.823733,-167.41166,PQR–QM9 overlap
CC(=O)NC1(C)CCC1,14.103,127.18422000000008,127.099714041,14.521235,-236.47027,PQR–QM9 overlap
CC(=O)NC1CC1,13.748,99.13106000000003,99.068413913,11.147118,-142.73164,PQR–QM9 overlap
CC(=O)NC1CCC1,14.029,113.15764000000006,113.084063977,12.817126,-211.32318,PQR–QM9 overlap
CC(=O)NC1CCCC1,14.098,127.18422000000008,127.099714041,14.605689,-285.9552,PQR–QM9 overlap
CC(=O)NCC(C)(C)C,14.079,129.20010000000005,129.115364105,15.06914,-332.11253,PQR–QM9 overlap
CC(=O)OC(C)(C)C,14.866,116.15828000000003,116.083729624,12.612738,-507.92116,PQR–QM9 overlap
CC(=O)OC1(C)CC1,11.265,114.14240000000004,114.06807956,12.260345,-342.86582,PQR–QM9 overlap
CC(=O)OC1(C)CCC1,11.479,128.16898000000006,128.083729624,13.950406,-419.29403,PQR–QM9 overlap
CC(=O)OC1CC1,14.582,100.11582000000004,100.052429496,10.49145,-306.36496,PQR–QM9 overlap
CC(=O)OC1CCC1,11.605,114.14240000000004,114.06807956,12.189186,-381.14323,PQR–QM9 overlap
CC(=O)OC1CCCC1,11.65,128.16898000000006,128.083729624,13.980399,-461.94003,PQR–QM9 overlap
CC(=O)OCC(C)(C)C,14.971,130.18486000000004,130.099379688,14.494612,-507.29634,PQR–QM9 overlap
CC(=O)OCCO,14.814,104.10452000000004,104.047344116,9.636376,-592.896,PQR–QM9 overlap
CC(=O)c1ccc[nH]1,12.246,109.12588000000004,109.052763849,12.321483,-65.37876,PQR–QM9 overlap
CC(=O)c1ccccc1,9.512,120.14852000000003,120.057514876,14.393727,-82.40119,PQR–QM9 overlap
CC(=O)c1ccccn1,12.375,121.13658000000004,121.052763849,13.637124,-39.42972,PQR–QM9 overlap
CC(=O)c1cccn1C,12.198,123.15246000000003,123.068413913,14.177035,-84.17019,PQR–QM9 overlap
CC(=O)c1cccnc1,12.404,121.13658000000004,121.052763849,13.628137,-44.92329,PQR–QM9 overlap
CC(=O)c1ccco1,9.31,110.11064000000005,110.036779432,11.70932,-198.30112,PQR–QM9 overlap
CC(=O)c1ccncc1,12.457999999999998,121.13658000000004,121.052763849,13.593916,-38.38139,PQR–QM9 overlap
CC(C)(C)C,15.369,72.14878000000003,72.093900384,9.92193,-148.64815,PQR–QM9 overlap
CC(C)C,18.571,58.12219999999998,58.078250319999995,8.11739,-121.11629,PQR–QM9 overlap
CC1(C)CC1,16.079,70.13290000000002,70.07825032,9.539862,-5.90373,PQR–QM9 overlap
CC1(C)CC1(C)C,15.678,98.18606000000008,98.109550448,13.190804,-54.50257,PQR–QM9 overlap
CC1(C)CC=CC1,10.456,96.17018000000006,96.093900384,12.770257,-31.33736,PQR–QM9 overlap
CC1(C)CCCC1,14.408,98.18606000000008,98.109550448,13.03889,-137.05897,PQR–QM9 overlap
CC1(C)CCCCC1,14.487,112.21264000000008,112.125200512,14.920168,-164.35468,PQR–QM9 overlap
CC1(C)CCOCO1,12.167,116.15828000000006,116.083729624,12.54767,-429.89119,PQR–QM9 overlap
CC1(C)COC=N1,14.019000000000002,99.13106000000003,99.068413913,10.853781,-146.53347,PQR–QM9 overlap
CC1(C)COCCO1,11.54,116.15828000000006,116.083729624,12.54113,-411.30972,PQR–QM9 overlap
CC1(C)COCOC1,12.231,116.15828000000006,116.083729624,12.511584,-414.66465,PQR–QM9 overlap
CC1(O)CC1,15.823999999999998,72.10572000000003,72.057514876,8.31792,-150.43866,PQR–QM9 overlap
CC1(O)CCC1,16.461,86.13230000000004,86.07316494,10.027165,-224.51976,PQR–QM9 overlap
CC1=C(C)CCC1,9.992,96.17018000000006,96.093900384,12.976539,-59.17564,PQR–QM9 overlap
CC1=CC(=O)CC1,12.947,96.12712,96.057514876,11.445548,-150.10571,PQR–QM9 overlap
CC1=CC(=O)CCC1,9.825,110.15370000000006,110.07316494,13.308344,-187.43143,PQR–QM9 overlap
CC1=CC(=O)OCC1,13.175999999999998,112.12652000000004,112.052429496,12.092286,-325.95523,PQR–QM9 overlap
CC1=CCCC1,10.223,82.14360000000005,82.07825032,11.071827,-19.96983,PQR–QM9 overlap
CC1=CCCC1(C)C,10.549,110.19676000000008,110.109550448,14.69961,-70.07081,PQR–QM9 overlap
CC1=CCCCC1,10.292,96.17018000000006,96.093900384,12.942299,-55.32352,PQR–QM9 overlap
CC1=NCCO1,10.628,85.10448000000004,85.052763849,9.095333,-134.60595,PQR–QM9 overlap
CC1CC(=O)NC(=O)C1,13.885,127.14116000000004,127.063328533,13.162886,-442.09659,PQR–QM9 overlap
CC1CC1,13.116,56.10632,56.062600256,7.715227,23.1795,PQR–QM9 overlap
CC1CCC1,17.61,70.13290000000002,70.07825032,9.434538,-36.6684,PQR–QM9 overlap
CC1CCCC1,14.484,84.15948000000006,84.093900384,11.244641,-110.37339,PQR–QM9 overlap
CC1CCCCC1,14.613,98.18606000000008,98.109550448,13.126345,-141.78142,PQR–QM9 overlap
CC1OCCO1,11.636,88.10512000000004,88.052429496,8.818997,-374.2475,PQR–QM9 overlap
CC=O,10.676,44.05255999999999,44.026214748,4.636228,-172.08831,PQR–QM9 overlap
CCC,15.393,44.09561999999998,44.062600256,6.300604,-96.59672,PQR–QM9 overlap
CCC#CC(=O)OCC,10.99,126.15310000000004,126.06807956,14.261852,-196.52794,PQR–QM9 overlap
CCC#CC(C)(C)C,11.503,110.19676000000008,110.109550448,14.974866,61.59245,PQR–QM9 overlap
CCC#CC(C)C,11.476,96.17018000000006,96.093900384,13.139223,87.61519,PQR–QM9 overlap
CCC#CCC,11.422,82.14360000000005,82.07825032,11.284604,110.4397,PQR–QM9 overlap
CCC#CCC(C)(C)C,11.39,124.22334000000008,124.125200512,16.781996,38.92846,PQR–QM9 overlap
CCC#CCC(C)C,11.399,110.19676000000008,110.109550448,14.986902,65.23785,PQR–QM9 overlap
CCC#CCCC(C)C,11.730999999999998,124.22334000000008,124.125200512,16.755831,46.08981,PQR–QM9 overlap
CCC#N,13.495,55.07849999999999,55.042199165,6.503759,56.98099,PQR–QM9 overlap
CCC(=O)C(C)(C)C,13.779,114.18546000000008,114.104465068,13.759946,-310.53564,PQR–QM9 overlap
CCC(=O)C(C)C,13.838,100.15888000000008,100.088815004,11.951453,-287.15724,PQR–QM9 overlap
CCC(=O)C1(C)CC1,13.793,112.16958000000008,112.088815004,13.379451,-167.42629,PQR–QM9 overlap
CCC(=O)C1(C)CCC1,13.764,126.19616000000008,126.104465068,15.075931,-229.35057,PQR–QM9 overlap
CCC(=O)C1CC1,13.793,98.14300000000006,98.07316494,11.564348,-142.44713,PQR–QM9 overlap
CCC(=O)C1CCC1,13.851,112.16958000000008,112.088815004,13.260512,-202.17152,PQR–QM9 overlap
CCC(=O)C1CCCC1,13.868,126.19616000000008,126.104465068,15.082399,-275.97221,PQR–QM9 overlap
CCC(=O)C=O,12.19,86.08924000000003,86.036779432,8.575043,-284.54915,PQR–QM9 overlap
CCC(=O)CC,13.981,86.13230000000004,86.07316494,10.140193,-264.8626,PQR–QM9 overlap
CCC(=O)CC(=O)CC,13.671,128.16898000000003,128.083729624,13.982006,-435.57826,PQR–QM9 overlap
CCC(=O)CC(C)(C)C,13.896,128.2120400000001,128.120115132,15.550135,-334.45277,PQR–QM9 overlap
CCC(=O)CC(C)C,13.962,114.18546000000008,114.104465068,13.765367,-310.87537,PQR–QM9 overlap
CCC(=O)CCC(C)C,13.97,128.2120400000001,128.120115132,15.612136,-331.40049,PQR–QM9 overlap
CCC(=O)CO,13.887,88.10512000000004,88.052429496,8.937907,-375.05389,PQR–QM9 overlap
CCC(=O)N(C)C,13.764,101.14694000000006,101.084063977,11.518657,-243.5713,PQR–QM9 overlap
CCC(=O)NC,14.153,87.12036000000005,87.068413913,9.631819,-246.78692,PQR–QM9 overlap
CCC(=O)NC(C)(C)C,14.215,129.20010000000005,129.115364105,15.021058,-336.78417,PQR–QM9 overlap
CCC(=O)NC(C)C,14.182,115.17352000000008,115.099714041,13.28442,-312.50806,PQR–QM9 overlap
CCC(=O)NC1(C)CC1,14.144,127.18422000000008,127.099714041,14.665514,-183.78173,PQR–QM9 overlap
CCC(=O)NC1CC1,13.759,113.15764000000006,113.084063977,12.990636,-158.87978,PQR–QM9 overlap
CCC(=O)NC1CCC1,14.036,127.18422000000008,127.099714041,14.659274,-227.62147,PQR–QM9 overlap
CCC(=O)NCC(C)C,14.108,129.20010000000005,129.115364105,15.104765,-324.10531,PQR–QM9 overlap
CCC(=O)OC,14.951,88.10512000000004,88.052429496,8.984653999999999,-423.45051,PQR–QM9 overlap
CCC(=O)OC(C)(C)C,14.814,130.18486000000004,130.099379688,14.461613,-526.53566,PQR–QM9 overlap
CCC(=O)OC(C)C,11.632,116.15828000000006,116.083729624,12.678712,-492.01277,PQR–QM9 overlap
CCC(=O)OC1(C)CC1,11.256,128.16898000000006,128.083729624,14.100368,-361.5073,PQR–QM9 overlap
CCC(=O)OC1CC1,14.589,114.14240000000004,114.06807956,12.341371,-324.82942,PQR–QM9 overlap
CCC(=O)OC1CCC1,11.585,128.16898000000006,128.083729624,14.040519,-399.38357,PQR–QM9 overlap
CCC(=O)OCC(C)C,11.624,130.18486000000004,130.099379688,14.536913,-500.27316,PQR–QM9 overlap
CCC(C)(C)C,0.0,86.17536000000007,86.109550448,11.454212,-44.694,PQR–QM9 overlap
CCC(C)(C)C,18.112,86.17536000000007,86.109550448,11.747604,-163.55348,PQR–QM9 overlap
CCC(C)C,18.38,72.14878000000003,72.093900384,9.945761,-135.90265,PQR–QM9 overlap
CCC(CC)(CC)CC,17.725,128.25510000000008,128.15650064,17.22393,-210.19595,PQR–QM9 overlap
CCC(CC)CC,17.895,100.20194000000008,100.125200512,13.579877,-174.98603,PQR–QM9 overlap
CCC(CO)(CO)CO,12.353,134.17355999999998,134.094294308,13.483882,-655.03604,PQR–QM9 overlap
CCC1(C)CC1,16.055,84.15948000000006,84.093900384,11.362936,-24.46728,PQR–QM9 overlap
CCC1(C)CC1,0.0,84.15948000000004,84.093900384,11.169574,91.92628,PQR–QM9 overlap
CCC1(C)CCC1,0.0,98.18606000000004,98.109550448,12.810552,35.71632,PQR–QM9 overlap
CCC1(C)CCCC1,14.625,112.21264000000008,112.125200512,14.869143,-152.92033,PQR–QM9 overlap
CCC1(CC)CC1,16.033,98.18606000000008,98.109550448,13.175436,-38.95556,PQR–QM9 overlap
CCC1(CC)CCCC1,14.509,126.23922000000007,126.140850576,16.688582,-167.67483,PQR–QM9 overlap
CCC1=CCCC1,13.505,96.17018000000004,96.093900384,12.90131,-38.81231,PQR–QM9 overlap
CCC1=NCCO1,10.6,99.13106000000003,99.068413913,10.929419,-153.85797,PQR–QM9 overlap
CCC1CC1,13.079999999999998,70.13290000000002,70.07825032,9.545545,2.42282,PQR–QM9 overlap
CCC1CCC1,17.465,84.15948000000006,84.093900384,11.260411,-57.44397,PQR–QM9 overlap
CCC1CCCC1,17.724,98.18606000000008,98.109550448,13.061517,-127.89219,PQR–QM9 overlap
CCC1CCCCC1,17.66,112.21264000000008,112.125200512,14.933887,-155.64888,PQR–QM9 overlap
CCC=O,10.581,58.07913999999999,58.041864812,6.460314,-187.56548,PQR–QM9 overlap
CCCC,14.993,58.12219999999998,58.078250319999995,8.130492,-118.02856,PQR–QM9 overlap
CCCC,0.0,58.12219999999998,58.078250319999995,7.81287,27.66601,PQR–QM9 overlap
CCCC,0.0,58.12219999999998,58.078250319999995,7.813104,27.7089,PQR–QM9 overlap
CCCC,0.0,58.12219999999998,58.078250319999995,7.813104,27.7089,PQR–QM9 overlap
CCCC#CC(C)(C)C,14.783,124.22334000000008,124.125200512,16.85099,39.68396,PQR–QM9 overlap
CCCC#CC(C)C,11.431,110.19676000000008,110.109550448,15.020805,65.97952,PQR–QM9 overlap
CCCC#CCC(C)C,11.379,124.22334000000008,124.125200512,16.867362,43.22475,PQR–QM9 overlap
CCCC#CCCC,11.694,110.19676000000008,110.109550448,15.031251,66.74545,PQR–QM9 overlap
CCCC#N,16.181,69.10508000000003,69.057849229,8.359069,35.30588,PQR–QM9 overlap
CCCC(=O)C(C)(C)C,13.773,128.21204000000006,128.120115132,15.595239,-333.56131,PQR–QM9 overlap
CCCC(=O)C(C)C,13.836,114.18546000000006,114.104465068,13.7788,-309.74251,PQR–QM9 overlap
CCCC(=O)C1(C)CC1,13.785,126.19616000000006,126.104465068,15.206997,-189.89135,PQR–QM9 overlap
CCCC(=O)C1CC1,13.788,112.16958000000004,112.088815004,13.398239,-164.82131,PQR–QM9 overlap
CCCC(=O)C1CCC1,13.84,126.19616000000006,126.104465068,15.089596,-224.54484,PQR–QM9 overlap
CCCC(=O)CC,13.975,100.15888000000008,100.088815004,11.969347,-287.46484,PQR–QM9 overlap
CCCC(=O)CC(C)C,13.927,128.2120400000001,128.120115132,15.595733,-335.18548,PQR–QM9 overlap
CCCC(=O)CCC,13.844,114.18546000000008,114.104465068,13.817273,-308.9174,PQR–QM9 overlap
CCCC(=O)CCO,13.901,116.15828000000006,116.083729624,12.533639,-462.61851,PQR–QM9 overlap
CCCC(=O)N(C)C,13.659,115.17352000000004,115.099714041,13.336251,-270.19183,PQR–QM9 overlap
CCCC(=O)N1CC1,13.673000000000002,113.1576,113.08406398,12.77568,-101.9498,PQR–QM9 overlap
CCCC(=O)NC,14.165,101.14694000000004,101.084063977,11.416038,-272.812,PQR–QM9 overlap
CCCC(=O)NC(C)C,14.176000000000002,129.20010000000005,129.115364105,15.125026,-334.93496,PQR–QM9 overlap
CCCC(=O)NC1CC1,13.753,127.18422000000004,127.099714041,14.835886,-181.6956,PQR–QM9 overlap
CCCC(=O)NCC,14.119,115.17352000000004,115.099714041,13.279358,-302.15938,PQR–QM9 overlap
CCCC(=O)OC,14.951999999999998,102.13170000000004,102.06807956,10.831486,-445.40485,PQR–QM9 overlap
CCCC(=O)OC(C)C,11.63,130.18486,130.099379688,14.5233,-514.04155,PQR–QM9 overlap
CCCC(=O)OC1CC1,11.332999999999998,128.16898000000003,128.083729624,14.172015,-347.25911,PQR–QM9 overlap
CCCC(=O)OCC,14.949000000000002,116.15828000000006,116.083729624,12.714638,-477.57755,PQR–QM9 overlap
CCCC(C)(C)C,18.029,100.20194000000008,100.125200512,13.572471,-185.77079,PQR–QM9 overlap
CCCC(C)C,18.099,86.17536000000007,86.109550448,11.77093,-161.71928,PQR–QM9 overlap
CCCC(CC)CC,14.763,114.22852000000007,114.140850576,15.394489,-191.40107,PQR–QM9 overlap
CCCC1(C)CCCC1,14.484,126.23922000000007,126.140850576,16.678881,-170.55605,PQR–QM9 overlap
CCCC1=CCCC1,10.491,110.19676000000008,110.109550448,14.714121,-59.84502,PQR–QM9 overlap
CCCC1CC1,13.027,84.15948000000006,84.093900384,11.37888,-16.97594,PQR–QM9 overlap
CCCC1CCCC1,14.618,112.21264000000008,112.125200512,14.875153,-147.59062,PQR–QM9 overlap
CCCC=O,13.866,72.10571999999998,72.057514876,8.271107,-207.32233,PQR–QM9 overlap
CCCCC,14.815,72.14878000000003,72.093900384,9.965126,-139.26822,PQR–QM9 overlap
CCCCC,9.145,72.14877999999999,72.093900384,9.901739,76.56386,PQR–QM9 overlap
CCCCC#CC(C)C,11.437,124.22334000000008,124.125200512,16.869015,44.9767,PQR–QM9 overlap
CCCCC#N,12.963,83.13166000000004,83.073499293,10.199267,14.6946,PQR–QM9 overlap
CCCCC(=O)C(C)C,13.831,128.21204000000006,128.120115132,15.611245,-331.02306,PQR–QM9 overlap
CCCCC(=O)C1CC1,13.785,126.19616000000006,126.104465068,15.232272,-185.98925,PQR–QM9 overlap
CCCCC(=O)CC,10.855,114.18546,114.104465068,13.813041,-309.16144,PQR–QM9 overlap
CCCCC(=O)CCC,13.967,128.21204000000006,128.120115132,15.632099,-331.31,PQR–QM9 overlap
CCCCC(=O)N(C)C,13.661,129.20010000000005,129.115364105,15.173187,-290.89664,PQR–QM9 overlap
CCCCC(=O)NC,14.163,115.17352000000004,115.099714041,13.252058,-293.62208,PQR–QM9 overlap
CCCCC(=O)NCC,14.117,129.20010000000005,129.115364105,15.116987,-322.97244,PQR–QM9 overlap
CCCCC(=O)OC,14.944,116.15828000000003,116.083729624,12.668312,-466.21342,PQR–QM9 overlap
CCCCC(=O)OCC,14.942,130.18486,130.099379688,14.553129,-498.42467,PQR–QM9 overlap
CCCCC(C)(C)C,17.797,114.22852000000007,114.140850576,15.403589,-195.77471,PQR–QM9 overlap
CCCCC(C)C,17.978,100.20194000000008,100.125200512,13.605759,-183.01857,PQR–QM9 overlap
CCCCC1=CCCC1,13.489,124.22334000000008,124.125200512,16.519424,-79.86747,PQR–QM9 overlap
CCCCC1CCCC1,14.582999999999998,126.23922000000007,126.140850576,16.702956,-166.91996,PQR–QM9 overlap
CCCCC=O,13.871,86.13230000000006,86.07316494,10.119483,-231.29368,PQR–QM9 overlap
CCCCCC,14.707999999999998,86.17536000000007,86.109550448,11.79723,-160.47194,PQR–QM9 overlap
CCCCCC#N,15.782,97.15824000000006,97.089149357,12.040671,-6.61096,PQR–QM9 overlap
CCCCCC(=O)CC,13.972,128.21204000000006,128.120115132,15.636114,-330.05155,PQR–QM9 overlap
CCCCCC(=O)NC,14.165,129.20010000000005,129.115364105,15.088636,-315.26792,PQR–QM9 overlap
CCCCCC(=O)OC,14.939,130.18486000000007,130.099379688,14.505752,-487.80795,PQR–QM9 overlap
CCCCCC(C)C,14.887,114.22852000000007,114.140850576,15.439101,-204.38098,PQR–QM9 overlap
CCCCCC=O,10.868,100.15888000000008,100.088815004,11.951807,-252.62071,PQR–QM9 overlap
CCCCCCC,14.647,100.20194000000008,100.125200512,13.630498,-181.81775,PQR–QM9 overlap
CCCCCCC#N,15.649,111.18482000000007,111.104799421,13.87798,-28.00169,PQR–QM9 overlap
CCCCCCC(C)C,14.805,128.25510000000008,128.15650064,17.275986,-225.77673,PQR–QM9 overlap
CCCCCCC=O,13.865,114.18546000000006,114.104465068,13.783066,-273.83097,PQR–QM9 overlap
CCCCCCCC,14.606000000000002,114.22852000000007,114.140850576,15.465363,-203.16337,PQR–QM9 overlap
CCCCCCCC#N,12.555,125.21140000000008,125.120449485,15.719579,-49.39531,PQR–QM9 overlap
CCCCCCCC=O,13.864,128.21204000000006,128.120115132,15.619362,-295.27613,PQR–QM9 overlap
CCCCCCCCC,14.821000000000002,128.25510000000008,128.15650064,17.301329,-224.50439,PQR–QM9 overlap
CCCCCCCCO,16.434,130.22792000000007,130.135765196,16.065433,-368.49051,PQR–QM9 overlap
CCCCCCCO,13.38,116.20134000000007,116.120115132,14.233462,-340.15221,PQR–QM9 overlap
CCCCCCO,13.079,102.17476000000008,102.104465068,12.398249,-318.77464,PQR–QM9 overlap
CCCCCCOC,12.008,116.20134000000007,116.120115132,14.312764,-302.14707,PQR–QM9 overlap
CCCCCNC=O,13.848,115.17352000000004,115.099714041,12.906531,-194.57404,PQR–QM9 overlap
CCCCCNCC#N,13.638,126.19946000000007,126.115698458,15.133885,39.10268,PQR–QM9 overlap
CCCCCO,13.151,88.14818000000005,88.088815004,10.559516,-304.41366,PQR–QM9 overlap
CCCCCOC,12.004,102.17476000000008,102.104465068,12.47676,-280.73425,PQR–QM9 overlap
CCCCCOC(C)C,11.971,130.22792000000004,130.135765196,16.161292,-345.00811,PQR–QM9 overlap
CCCCCOC1CC1,11.75,128.21204000000006,128.120115132,15.77814,-187.79355,PQR–QM9 overlap
CCCCCOC=O,14.891000000000002,116.15828000000003,116.083729624,12.703308,-446.63638,PQR–QM9 overlap
CCCCCOCC,11.949,116.20134000000007,116.120115132,14.3408,-309.86479,PQR–QM9 overlap
CCCCCOCCC,11.924,130.2279,130.1357652,0.0,-331.74244,PQR–QM9 overlap
CCCCNC(=O)CC,14.123,129.20010000000005,129.115364105,15.12303,-320.75754,PQR–QM9 overlap
CCCCNC=O,14.049,101.14694000000006,101.084063977,11.447605,-251.99395,PQR–QM9 overlap
CCCCO,13.081,74.1216,74.07316494,8.729524,-276.08732,PQR–QM9 overlap
CCCCOC,12.009,88.14818000000001,88.088815004,10.639161,-259.503,PQR–QM9 overlap
CCCCOC(=O)CC,14.93,130.18486000000004,130.099379688,14.565601,-497.59626,PQR–QM9 overlap
CCCCOC(C)(C)C,11.984,130.22792000000004,130.135765196,16.128146,-358.08754,PQR–QM9 overlap
CCCCOC(C)C,11.971,116.20134000000007,116.120115132,14.32207,-323.67982,PQR–QM9 overlap
CCCCOC1(C)CC1,11.772,128.21204000000006,128.120115132,15.752041,-202.89189,PQR–QM9 overlap
CCCCOC1CC1,11.739,114.18546000000006,114.104465068,13.933407,-165.65795,PQR–QM9 overlap
CCCCOC1CCC1,11.918,128.21204000000006,128.120115132,15.651646,-235.98761,PQR–QM9 overlap
CCCCOC=O,11.602,102.13170000000004,102.06807956,10.861511,-425.4332,PQR–QM9 overlap
CCCCOCC,11.952000000000002,102.17476000000008,102.104465068,12.501499,-288.59026,PQR–QM9 overlap
CCCCOCC(C)C,11.92,130.22792000000004,130.135765196,16.156021,-333.84292,PQR–QM9 overlap
CCCCOCC=O,13.745,116.15828000000006,116.083729624,12.686224,-356.71212,PQR–QM9 overlap
CCCCOCCCC,11.916,130.22792000000004,130.135765196,16.189174,-331.04617,PQR–QM9 overlap
CCCCOCCCO,11.885,132.20074000000002,132.115029752,14.952252,-473.39753,PQR–QM9 overlap
CCCCOCCO,11.936,118.17416000000006,118.099379688,13.082826,-455.19866,PQR–QM9 overlap
CCCCn1cncn1,10.122,125.17164000000004,125.095297367,14.161015,138.14041,PQR–QM9 overlap
CCCCn1cnnc1,13.493,125.17164000000004,125.095297367,14.148149,132.97651,PQR–QM9 overlap
CCCNC(=O)C(C)C,14.117,129.20010000000005,129.115364105,15.10558,-326.12984,PQR–QM9 overlap
CCCNC(=O)C1CC1,13.812,127.18422000000004,127.099714041,14.716668,-175.61141,PQR–QM9 overlap
CCCNC(=O)CC,14.12,115.17352000000008,115.099714041,13.278949,-299.7884,PQR–QM9 overlap
CCCNC(=O)CCC,14.114,129.20010000000005,129.115364105,15.120431,-322.5707,PQR–QM9 overlap
CCCNC=O,13.842,87.12036000000003,87.068413913,9.225959,-152.80463,PQR–QM9 overlap
CCCO,16.394,60.095019999999984,60.057514876,6.8930810000000005,-255.66655,PQR–QM9 overlap
CCCOC,12.02,74.1216,74.07316494,8.798432,-239.04537,PQR–QM9 overlap
CCCOC(=O)C(C)C,11.511,130.18486,130.099379688,14.536427,-499.81264,PQR–QM9 overlap
CCCOC(=O)C1CC1,11.343,128.16898000000003,128.083729624,14.161246,-349.55225,PQR–QM9 overlap
CCCOC(=O)CC,14.944,116.15828000000006,116.083729624,12.714519,-476.98141,PQR–QM9 overlap
CCCOC(=O)CCC,14.94,130.18486,130.099379688,14.561717,-499.08637,PQR–QM9 overlap
CCCOC(C)(C)C,11.993,116.20134000000007,116.120115132,14.286488,-337.58415,PQR–QM9 overlap
CCCOC(C)C,11.98,102.17476000000008,102.104465068,12.479079,-303.11362,PQR–QM9 overlap
CCCOC1(C)CC1,11.807,114.18546000000008,114.104465068,13.908486,-182.71737,PQR–QM9 overlap
CCCOC1(C)CCC1,11.934,128.2120400000001,128.120115132,15.613986,-253.75799,PQR–QM9 overlap
CCCOC1CC1,11.529,100.15888000000008,100.088815004,12.114089,-141.94504,PQR–QM9 overlap
CCCOC1CCC1,11.927,114.18546000000008,114.104465068,13.806917,-215.25991,PQR–QM9 overlap
CCCOC1CCCC1,11.944,128.2120400000001,128.120115132,15.611728,-294.24503,PQR–QM9 overlap
CCCOC=O,14.919999999999998,88.10512000000004,88.052429496,9.009151,-404.97098,PQR–QM9 overlap
CCCOCC(C)(C)C,11.911,130.22792000000007,130.135765196,16.108613,-338.78463,PQR–QM9 overlap
CCCOCC(C)C,11.929,116.20134000000007,116.120115132,14.31286,-313.2108,PQR–QM9 overlap
CCCOCCC,11.935,102.17476000000003,102.104465068,12.500853,-289.91804,PQR–QM9 overlap
CCCOCCC(C)C,11.919,130.22792000000007,130.135765196,16.16122,-333.44293,PQR–QM9 overlap
CCCOCCO,11.646,104.14758000000006,104.083729624,11.248793,-422.87357,PQR–QM9 overlap
CCCc1ccccc1,9.453,120.19158000000006,120.093900384,15.935284,14.28464,PQR–QM9 overlap
CCCc1ccncc1,10.007,121.17964000000006,121.089149357,15.178655,48.07368,PQR–QM9 overlap
CCN(C=O)CC,13.67,101.14694000000006,101.084063977,11.511083,-239.45151,PQR–QM9 overlap
CCN1C(=O)C=CC1=O,11.944,125.12528000000005,125.047678469,12.900758,-242.69126,PQR–QM9 overlap
CCN1C(=O)CCC1=O,10.218,127.14116000000006,127.063328533,13.19089,-411.89205,PQR–QM9 overlap
CCN1CC1,15.218,71.12096000000004,71.073499293,8.94121,97.33332,PQR–QM9 overlap
CCN1CCCC1=O,13.666999999999998,113.15764000000006,113.084063977,12.812757,-239.64366,PQR–QM9 overlap
CCNC(=O)C(C)(C)C,14.077,129.20010000000005,129.115364105,15.060417,-327.14733,PQR–QM9 overlap
CCNC(=O)C(C)C,14.144,115.17352000000004,115.099714041,13.268583,-304.82784,PQR–QM9 overlap
CCNC(=O)C1(C)CC1,14.05,127.18422000000004,127.099714041,14.686651,-184.23506,PQR–QM9 overlap
CCNC(=O)C1CC1,13.822,113.15764000000004,113.084063977,12.874293,-155.2025,PQR–QM9 overlap
CCNC(=O)C1CCC1,14.058,127.18422000000004,127.099714041,14.571665,-217.47459,PQR–QM9 overlap
CCNC(=O)CC,14.124,101.14694000000006,101.084063977,11.439431,-279.38814,PQR–QM9 overlap
CCNC(=O)CC(C)C,14.155,129.20010000000005,129.115364105,15.086031,-328.96574,PQR–QM9 overlap
CCNC(=O)OC,10.553,103.11976000000004,103.063328533,10.244373,-413.63009,PQR–QM9 overlap
CCNC=O,10.751,73.09378000000004,73.052763849,7.755796,-195.19207,PQR–QM9 overlap
CCNc1ccccc1,8.644,121.17964000000003,121.089149357,15.697582,65.2484,PQR–QM9 overlap
CCO,0.0,46.06843999999999,46.041864812,4.847431,-45.96266,PQR–QM9 overlap
CCO,13.157,46.06844,46.041864812,5.060739,-233.76071,PQR–QM9 overlap
CCOC(=O)C(C)(C)C,11.408,130.18486000000004,130.099379688,14.499078,-503.39203,PQR–QM9 overlap
CCOC(=O)C(C)C,11.497,116.15828000000006,116.083729624,12.693146,-478.62001,PQR–QM9 overlap
CCOC(=O)C1(C)CC1,14.601,128.16898000000003,128.083729624,14.134896,-354.03143,PQR–QM9 overlap
CCOC(=O)C1CC1,14.657,114.14240000000004,114.06807956,12.312118,-328.1484,PQR–QM9 overlap
CCOC(=O)C1CCC1,11.445,128.16898000000003,128.083729624,14.01939,-389.54567,PQR–QM9 overlap
CCOC(=O)C=O,12.706,102.08864000000004,102.031694052,9.337039,-472.79872,PQR–QM9 overlap
CCOC(=O)CC,14.951,102.13170000000004,102.06807956,10.870457,-455.52483,PQR–QM9 overlap
CCOC(=O)CC#N,14.896,113.11458000000005,113.047678469,11.13895,-279.1875,PQR–QM9 overlap
CCOC(=O)CC(C)C,11.84,130.18486000000004,130.099379688,14.469497,-500.5928,PQR–QM9 overlap
CCOC(=O)CN,13.760000000000002,103.11976000000004,103.063328533,10.282,-401.06002,PQR–QM9 overlap
CCOC(=O)CN(C)C,10.287,131.17292,131.094628661,13.924136,-399.48008,PQR–QM9 overlap
CCOC(=O)N(C)C,10.044,117.14634000000004,117.078978597,12.186688,-415.43937,PQR–QM9 overlap
CCOC(=O)NC,10.585,103.11976000000004,103.063328533,10.268175,-418.33651,PQR–QM9 overlap
CCOC(C)(C)C,12.32,102.17476000000008,102.104465068,12.449345,-315.3494,PQR–QM9 overlap
CCOC(C)C,12.012,88.14818000000007,88.088815004,10.641047,-281.16714,PQR–QM9 overlap
CCOC1(C)CC1,11.792000000000002,100.15888000000008,100.088815004,12.071805,-160.45706,PQR–QM9 overlap
CCOC1(C)CCC1,11.962,114.18546000000008,114.104465068,13.780693,-231.76433,PQR–QM9 overlap
CCOC1CC1,11.553,86.13230000000006,86.07316494,10.271549,-120.48805,PQR–QM9 overlap
CCOC1CCC1,11.956,100.15888000000008,100.088815004,11.968144,-194.04734,PQR–QM9 overlap
CCOC1CCCC1,11.98,114.18546000000008,114.104465068,13.771961,-272.63389,PQR–QM9 overlap
CCOC1CCCCC1,11.86,128.2120400000001,128.120115132,15.664888,-302.8689,PQR–QM9 overlap
CCOC=O,14.933,74.07854000000002,74.036779432,7.167981,-383.40186,PQR–QM9 overlap
CCOCC,11.991,74.12160000000006,74.07316494,8.820563,-246.27913,PQR–QM9 overlap
CCOCC(C)(C)C,11.942,116.20134000000007,116.120115132,14.267496,-316.98128,PQR–QM9 overlap
CCOCC(C)C,11.956,102.17476000000008,102.104465068,12.472526,-291.37019,PQR–QM9 overlap
CCOCC(F)(F)F,11.547999999999998,128.0929896,128.044899504,8.938103,-884.13603,PQR–QM9 overlap
CCOCCC(C)(C)C,11.938,130.22792000000007,130.135765196,16.119684,-336.25795,PQR–QM9 overlap
CCOCCC(C)C,11.946,116.20134000000007,116.120115132,14.317786,-311.45113,PQR–QM9 overlap
CCOCCCC(C)C,11.948,130.22792000000007,130.135765196,16.157601,-332.4381,PQR–QM9 overlap
CCOCCCOCC,12.06,132.20074000000002,132.115029752,15.053317,-435.03347,PQR–QM9 overlap
CCOCCOCC,11.467,118.17416000000006,118.099379688,13.201369,-413.12017,PQR–QM9 overlap
CCOCc1ccco1,9.391,126.15310000000004,126.06807956,13.921933,-222.80381,PQR–QM9 overlap
CCOc1ccccc1,9.143,122.16440000000004,122.07316494,14.976738,-102.19414,PQR–QM9 overlap
CCc1c(C)c[nH]c1C,9.355,123.19552000000007,123.104799421,15.65266,-21.95177,PQR–QM9 overlap
CCc1ccccc1,9.712,106.16500000000003,106.07825032,14.125841,40.14656,PQR–QM9 overlap
CCc1ccccc1C,9.334,120.19158000000006,120.093900384,15.997212,-1.23428,PQR–QM9 overlap
CCc1ccccc1O,12.204,122.16440000000006,122.07316494,14.827776,-142.80388,PQR–QM9 overlap
CCc1ccccn1,9.776000000000002,107.15306000000004,107.073499293,13.367734,71.23617,PQR–QM9 overlap
CCc1ccnn1C,9.928999999999998,110.15700000000004,110.08439833,13.07448,142.5573,PQR–QM9 overlap
CN1C(=O)C=CC1=O,11.876,111.09870000000002,111.032028405,11.10426,-212.58846,PQR–QM9 overlap
CN1C(=O)CCC1=O,13.451,113.11458000000005,113.047678469,11.385432,-382.55582,PQR–QM9 overlap
CN1CC(=O)NC(=O)C1,9.984,128.12922000000003,128.058577506,12.631605,-334.75217,PQR–QM9 overlap
CN1CCC(=O)CC1,13.027,113.15764000000006,113.084063977,12.775758,-192.70853,PQR–QM9 overlap
CNC(=O)C(=O)NC,10.559,116.11852000000005,116.058577506,11.294642,-342.61803,PQR–QM9 overlap
CNC(=O)C(C)(C)C,14.118,115.17352000000004,115.099714041,13.196751,-297.4052,PQR–QM9 overlap
CNC(=O)C(C)C,14.15,101.14694000000004,101.084063977,11.420133,-275.0248,PQR–QM9 overlap
CNC(=O)C1(C)CC1,14.04,113.15764000000004,113.084063977,12.835364,-154.43071,PQR–QM9 overlap
CNC(=O)C1(C)CCC1,14.082,127.18422000000004,127.099714041,14.5315,-217.28958,PQR–QM9 overlap
CNC(=O)C1CC1,13.868,99.13106000000003,99.068413913,11.008177,-126.148,PQR–QM9 overlap
CNC(=O)C1CCC1,14.093,113.15764000000004,113.084063977,12.718982,-188.9251,PQR–QM9 overlap
CNC(=O)C1CCCC1,14.106000000000002,127.18422000000004,127.099714041,14.536813,-262.15542,PQR–QM9 overlap
CNC(=O)CC(=O)NC,10.737,130.1451,130.07422757,12.866927,-411.5702,PQR–QM9 overlap
CNC(=O)CC(C)(C)C,14.175,129.20010000000005,129.115364105,15.013996,-320.28261,PQR–QM9 overlap
CNC(=O)CC(C)C,14.158,115.17352000000004,115.099714041,13.230857,-299.11498,PQR–QM9 overlap
CNC(=O)CCC(C)C,14.167000000000002,129.20010000000005,129.115364105,15.065816,-316.37417,PQR–QM9 overlap
CNC(=O)N(C)C,10.523,102.13500000000003,102.07931295,10.863146,-210.38089,PQR–QM9 overlap
CNC(=O)NC,14.188,88.10842000000004,88.063662886,8.959693,-212.45392,PQR–QM9 overlap
CNC=O,14.102,59.0672,59.037113785,5.968429,-183.37236,PQR–QM9 overlap
CNC=O,10.558,59.0672,59.037113785,5.527437,-101.75394,PQR–QM9 overlap
CNCC(=O)OC,10.026,103.11976000000004,103.063328533,10.271835,-371.16671,PQR–QM9 overlap
CNc1ccccc1,8.694,107.15306000000004,107.073499293,13.781793,92.1022,PQR–QM9 overlap
CO,16.599,32.04186000000001,32.026214748,3.213009,-204.75811,PQR–QM9 overlap
COC,12.112,46.06843999999999,46.041864812,5.103928,-188.28735,PQR–QM9 overlap
COC(=O)C(=O)OC,10.905,118.08804000000002,118.026608672,10.100213,-662.45327,PQR–QM9 overlap
COC(=O)C(C)(C)C,11.412,116.15828000000003,116.083729624,12.626804,-470.62832,PQR–QM9 overlap
COC(=O)C(C)C,11.489,102.13170000000004,102.06807956,10.8184,-446.70776,PQR–QM9 overlap
COC(=O)C(F)(F)F,14.494,128.0499296,128.008513996,7.378396,-992.69185,PQR–QM9 overlap
COC(=O)C1(C)CC1,14.608,114.14240000000004,114.06807956,12.25779,-321.58977,PQR–QM9 overlap
COC(=O)C1(C)CCC1,11.37,128.16898000000003,128.083729624,13.945946,-386.29399,PQR–QM9 overlap
COC(=O)C1CC1,11.355,100.11582000000004,100.052429496,10.428345,-296.35776,PQR–QM9 overlap
COC(=O)C1CCC1,11.455,114.14240000000004,114.06807956,12.140373,-357.55598,PQR–QM9 overlap
COC(=O)C1CCCC1,11.508,128.16898000000003,128.083729624,13.961021,-433.63286,PQR–QM9 overlap
COC(=O)CC#N,11.896,99.08800000000002,99.032028405,9.242659,-246.31733,PQR–QM9 overlap
COC(=O)CC(=O)OC,11.833,132.11461999999997,132.042258736,11.71884,-725.71775,PQR–QM9 overlap
COC(=O)CC(C)(C)C,14.847,130.18486,130.099379688,14.425743,-494.63025,PQR–QM9 overlap
COC(=O)CC(C)C,11.637,116.15828000000003,116.083729624,12.636171,-469.43501,PQR–QM9 overlap
COC(=O)CCC(C)C,11.636,130.18486,130.099379688,14.486481,-489.08432,PQR–QM9 overlap
COC(=O)CN,13.747,89.09318000000003,89.047678469,8.394811,-368.55542,PQR–QM9 overlap
COC(=O)CN(C)C,10.263,117.14634000000004,117.078978597,12.089689,-365.05097,PQR–QM9 overlap
COC(=O)CO,11.602,90.07794000000004,90.031694052,7.741248,-552.27588,PQR–QM9 overlap
COC(=O)c1cn[nH]n1,9.942,127.1014,127.038176415,11.383768,-62.86604,PQR–QM9 overlap
COC(C)(C)C,12.096,88.14818000000005,88.088815004,10.590388,-285.38262,PQR–QM9 overlap
COC(C)C,12.088,74.12160000000002,74.07316494,8.785141,-251.782,PQR–QM9 overlap
COC1(C)CC1,11.89,86.13230000000006,86.07316494,10.213502,-130.25584,PQR–QM9 overlap
COC1(C)CCC1,12.018,100.15888000000008,100.088815004,11.920959,-201.17449,PQR–QM9 overlap
COC1=NCCN1,13.223,100.11912000000004,100.063662886,10.358354,-69.06387,PQR–QM9 overlap
COC1CC1,11.599,72.10572000000005,72.057514876,8.403067,-90.78862,PQR–QM9 overlap
COC1CCC(=O)CC1,10.812,128.16898000000006,128.083729624,14.031154,-403.33509,PQR–QM9 overlap
COC1CCC1,12.019,86.13230000000006,86.07316494,10.110347,-164.7237,PQR–QM9 overlap
COC1CCCC1,12.038,100.15888000000008,100.088815004,11.914254,-243.11252,PQR–QM9 overlap
COC1CCCCC1,11.921,114.18546000000008,114.104465068,13.799044,-273.45832,PQR–QM9 overlap
COC=O,11.636,60.051959999999994,60.021129368,5.292462,-351.32944,PQR–QM9 overlap
COCC#N,10.998,71.07790000000003,71.037113785,7.190748,-40.98435,PQR–QM9 overlap
COCC(=O)OC,14.395,104.10452000000004,104.047344116,9.683974,-518.22848,PQR–QM9 overlap
COCC(C)(C)C,11.993,102.17476000000008,102.104465068,12.415514,-287.16055,PQR–QM9 overlap
COCC(C)C,12.013000000000002,88.14818000000007,88.088815004,10.615044,-262.0131,PQR–QM9 overlap
COCC1CC1,11.779,86.13230000000004,86.07316494,10.219523,-113.42198,PQR–QM9 overlap
COCC=O,13.786,74.07854000000003,74.036779432,7.147901,-285.12425,PQR–QM9 overlap
COCCC#N,11.328,85.10448000000004,85.052763849,8.997393,-80.1552,PQR–QM9 overlap
COCCC(C)(C)C,11.995,116.20134000000007,116.120115132,14.257007,-307.24103,PQR–QM9 overlap
COCCC(C)C,12.004,102.17476000000008,102.104465068,12.455674,-282.333,PQR–QM9 overlap
COCCCC(C)C,12.008,116.20134000000007,116.120115132,14.292229,-303.26483,PQR–QM9 overlap
COCCO,0.0,76.09442000000003,76.052429496,7.359229,-185.75766,PQR–QM9 overlap
COCCO,12.028,76.09442000000004,76.052429496,7.544534,-383.15276,PQR–QM9 overlap
COCCOC,11.511,90.12100000000004,90.06807956,9.462701,-354.71361,PQR–QM9 overlap
COCCOCCC=O,13.842,132.15768,132.078644244,13.368593,-501.95377,PQR–QM9 overlap
COCCOCCO,11.333,120.14698000000006,120.078644244,11.919884,-538.23152,PQR–QM9 overlap
COCCOCCOC,11.255999999999998,134.17355999999998,134.094294308,13.850676,-521.30025,PQR–QM9 overlap
COCc1ccccc1,9.502,122.16440000000006,122.07316494,14.864196,-74.12201,PQR–QM9 overlap
COc1ccccc1,9.169,108.13782000000003,108.057514876,13.050763,-71.4032,PQR–QM9 overlap
COc1ccccc1C,9.08,122.16440000000006,122.07316494,14.950506,-107.9533,PQR–QM9 overlap
COc1ccccc1N,8.455,123.15246000000003,123.068413913,14.451861,-65.19595,PQR–QM9 overlap
COc1ccccc1O,8.443,124.13722000000004,124.052429496,13.787052,-241.94987,PQR–QM9 overlap
COc1cccnc1,8.814,109.12588000000004,109.052763849,12.34908,-26.61019,PQR–QM9 overlap
COc1cccnc1N,8.167,124.14052000000004,124.063662886,13.830964,-31.23996,PQR–QM9 overlap
COc1ccncc1,12.552,109.12588000000004,109.052763849,12.257237,-39.60319,PQR–QM9 overlap
Cc1c(N)cccc1F,8.452,125.14352320000005,125.064077481,13.779884,-143.15158,PQR–QM9 overlap
Cc1ccc(=O)[nH]c1,11.48,110.13382,0.0,0.0,-121.71757,PQR–QM9 overlap
Cc1cccc(=O)[nH]1,11.663,109.12588000000004,109.052763849,12.5373,-132.29274,PQR–QM9 overlap
Cc1ccccc1,9.443,92.13842000000004,92.062600256,12.269916,55.21931,PQR–QM9 overlap
Cc1ccccc1C,9.31,106.16500000000003,106.07825032,14.171784,20.0706,PQR–QM9 overlap
Cc1ccccc1C,7.405999999999999,106.16500000000003,106.07825032,14.771227,377.89513,PQR–QM9 overlap
Cc1ccccc1F,9.292,110.12888320000005,110.053178444,12.344571,-141.37533,PQR–QM9 overlap
Cc1ccccc1N,11.748,107.15306000000004,107.073499293,13.697919,54.9739,PQR–QM9 overlap
Cc1ccccc1O,12.194,108.13782000000003,108.057514876,12.978981,-129.17403,PQR–QM9 overlap
Cc1cccnc1,12.694,93.12648000000004,93.057849229,11.530702,92.32417,PQR–QM9 overlap
Cc1cccnc1N,8.791,108.14112000000004,108.068748266,12.991211,83.3354,PQR–QM9 overlap
Cc1ccco1,12.761,82.10054000000004,82.041864812,9.466264,-68.60876,PQR–QM9 overlap
Cc1ccn[nH]1,10.029,82.10384000000003,82.053098202,9.285823,146.12298,PQR–QM9 overlap
Cc1ccncc1N,11.667,108.14112000000004,108.068748266,12.990936,94.51766,PQR–QM9 overlap
Cc1ccno1,10.218,83.08860000000003,83.037113785,8.752546,47.52481,PQR–QM9 overlap
Cc1ccon1,13.497,83.0886,83.03711379,8.62953,55.33687,PQR–QM9 overlap
Cc1nccn1CCO,12.868,126.15640000000003,126.07931295,13.688725,-87.76591,PQR–QM9 overlap
Cc1nonc1C,13.26,98.10324000000004,98.048012822,9.927648,120.01892,PQR–QM9 overlap
Cn1cccc1,9.711,81.11578000000004,81.057849229,10.067352,107.67504,PQR–QM9 overlap
Cn1cccn1,9.991,82.10384000000003,82.053098202,9.325839,186.61366,PQR–QM9 overlap
Cn1cncc1C=O,12.274,110.11394000000004,110.048012822,11.671547,20.01695,PQR–QM9 overlap
FC(F)(F)F,19.341,88.0043128,87.99361288,2.734437,-903.47633,PQR–QM9 overlap
Fc1ccccc1,9.449000000000002,96.10230320000002,96.03752838,10.419515,-102.91102,PQR–QM9 overlap
Fc1ccccc1F,9.326,114.09276640000002,114.028106568,10.497233,-286.66813,PQR–QM9 overlap
Fc1cncnc1,12.593,98.07842320000002,98.028026326,8.931626,-7.99345,PQR–QM9 overlap
N,7.234,17.03052,17.026549101,1.298245,616.54594,PQR–QM9 overlap
N,14.423,17.030520000000003,17.026549101,1.877778,-17.82555,PQR–QM9 overlap
N#CC#CC#N,12.57,76.0562,76.00614801,8.708902,529.71536,PQR–QM9 overlap
N#CC#N,15.739,52.0348,52.00614801,4.968501,299.09378,PQR–QM9 overlap
N#CC(=O)C#N,9.899,80.0449,80.00106263,7.027455,200.29437,PQR–QM9 overlap
N#CC(F)(F)F,16.925,95.0233096,94.998283665,4.746073,-495.26225,PQR–QM9 overlap
N#CC1=CCCC1,12.853,93.12648000000004,93.057849229,11.51784,143.74432,PQR–QM9 overlap
N#CC1=CCCCC1,9.97,107.15306000000004,107.073499293,13.383548,105.03641,PQR–QM9 overlap
N#CC1CC1,15.541,67.08920000000002,67.042199165,7.98655,184.40308,PQR–QM9 overlap
N#CC1CCC1,12.534,81.11578,81.057849229,9.6925,120.46936,PQR–QM9 overlap
N#CC1CCCC1,12.452,95.14236000000004,95.073499293,11.481753,45.31545,PQR–QM9 overlap
N#CC1CCCCC1,15.662,109.16894000000003,109.089149357,13.350931,13.94799,PQR–QM9 overlap
N#CCC#N,13.001,66.0614,66.02179807,6.31712,241.20963,PQR–QM9 overlap
N#CCCC#N,13.112,80.08795999999998,80.037448138,8.540507,205.75724,PQR–QM9 overlap
N#CCCCCC#N,13.151,108.14112000000004,108.068748266,12.284882,150.87009,PQR–QM9 overlap
N#CCCNCCC#N,13.882,123.15576000000004,123.079647303,13.557298,206.63991,PQR–QM9 overlap
N#CCN1CCCCC1,10.447,124.18358000000006,124.100048394,14.666597,95.83793,PQR–QM9 overlap
N#CCc1ccccc1,9.842,117.14788000000004,117.057849229,14.379743,197.18339,PQR–QM9 overlap
N#Cc1ccccc1,9.497,103.12130000000002,103.042199165,12.74277,223.99289,PQR–QM9 overlap
N#Cc1ccccc1N,11.341,118.13594000000003,118.053098202,14.242413,209.86572,PQR–QM9 overlap
N#Cc1ccccc1O,8.91,119.12070000000004,119.037113785,13.483516,39.08078,PQR–QM9 overlap
N#Cc1n[nH]nc1C#N,11.89,119.08424,119.023195057,11.280151,582.5235,PQR–QM9 overlap
N=c1ccccoc1=O,12.072,123.10940000000002,123.032028405,12.801711,-66.9416,PQR–QM9 overlap
NC(=O)C1CC1,14.602,85.10448000000004,85.052763849,9.087477,-125.96598,PQR–QM9 overlap
NC(=O)C1CCC1,14.592,99.13106000000003,99.068413913,10.797661,-189.53734,PQR–QM9 overlap
NC(=O)C1CCCC1,14.632,113.15764000000004,113.084063977,12.6165,-264.49253,PQR–QM9 overlap
NC(=O)C1CCCCC1,11.665,127.18422000000008,127.099714041,14.450339,-291.78998,PQR–QM9 overlap
NC(=O)CO,14.588,75.06660000000002,75.032028405,6.4232700000000005,-387.64146,PQR–QM9 overlap
NC(=O)N1CC1,10.838,86.09254000000003,86.048012822,8.494198,-53.38903,PQR–QM9 overlap
NC(=O)OCCO,14.538,105.09258000000004,105.042593089,8.946524,-573.90911,PQR–QM9 overlap
NC(=O)c1ccccc1,12.601,121.13658000000002,121.052763849,13.716543,-82.07536,PQR–QM9 overlap
NC(=O)c1ccccn1,12.433,122.12464000000004,122.048012822,12.990177,-46.75658,PQR–QM9 overlap
NC(=O)c1cccnc1,12.629,122.12464000000004,122.048012822,12.99156,-44.7469,PQR–QM9 overlap
NC(=O)c1ccco1,9.164,111.09870000000002,111.032028405,11.019515,-197.86872,PQR–QM9 overlap
NC(=O)c1ccncc1,9.766,122.12464,122.048012822,12.982924,-41.53344,PQR–QM9 overlap
NC(=O)c1cnc[nH]1,9.293,111.10200000000005,111.043261795,10.825427,-45.11134,PQR–QM9 overlap
NC(=O)c1ncc[nH]1,9.264,111.10200000000005,111.043261795,10.847316,-44.29222,PQR–QM9 overlap
NC=O,14.616,45.04062,45.021463721,4.01904,-184.50564,PQR–QM9 overlap
NCC(F)(F)F,14.674,99.0550696,99.029583793,5.80685,-689.31299,PQR–QM9 overlap
Nc1ccccc1,11.791,93.12648000000004,93.057849229,11.809364,88.78185,PQR–QM9 overlap
Nc1ccccc1F,8.64,111.1169,111.04842742,12.21895,-98.4294,PQR–QM9 overlap
Nc1ccccc1N,8.440000000000001,108.14112000000004,108.068748266,13.14611,97.06942,PQR–QM9 overlap
Nc1ccccc1O,11.438,109.12588000000004,109.052763849,12.547601,-87.49128,PQR–QM9 overlap
Nc1cccccc1=O,10.928999999999998,121.13658000000004,121.052763849,14.563254,32.76233,PQR–QM9 overlap
Nc1ccccn1,11.866,94.11454000000003,94.053098202,11.083391,117.79152,PQR–QM9 overlap
Nc1ccn[nH]1,12.613,83.09190000000002,83.048347175,8.687859,198.05684,PQR–QM9 overlap
Nc1ccncn1,9.178,95.10260000000002,95.048347175,10.251917,143.8422,PQR–QM9 overlap
Nc1cnccn1,11.685,95.10260000000002,95.048347175,10.452512,173.78372,PQR–QM9 overlap
Nc1cnco1,12.128,84.07666000000002,84.032362758,8.224951,3.73666,PQR–QM9 overlap
Nc1nccnn1,11.854,96.09066,96.043596148,9.712906,255.5228,PQR–QM9 overlap
Nc1ncco1,12.362,84.07666000000002,84.032362758,8.15199,4.87052,PQR–QM9 overlap
Nc1nonc1N,11.991,100.07936000000002,100.038510768,8.790754,219.29901,PQR–QM9 overlap
O,0.0,18.01528,18.010564684,1.02389,30.36326,PQR–QM9 overlap
O,15.865,18.01528,18.010564684,1.33256,-241.83384,PQR–QM9 overlap
O,0.0,18.01528,18.010564684,1.024066,30.36328,PQR–QM9 overlap
O,15.865,18.01528,18.010564684,1.332565,-241.83384,PQR–QM9 overlap
O,15.864,18.01528,18.010564684,1.425351,-241.83384,PQR–QM9 overlap
O,15.865,18.01528,18.010564684,1.33256,-241.83384,PQR–QM9 overlap
O=C(C1CC1)C1CC1,13.651,110.15370000000006,110.07316494,13.003173,-17.97607,PQR–QM9 overlap
O=C(N1CC1)N1CC1,13.330000000000002,112.12982000000004,112.063662886,11.84185,150.9267,PQR–QM9 overlap
O=C1C=CC(=O)C1,12.258,96.08406000000002,96.021129368,9.814252,-203.46281,PQR–QM9 overlap
O=C1C=CC(=O)N1,12.423,97.07212,97.016378341,9.214014,-211.56383,PQR–QM9 overlap
O=C1CCC(=O)C1,13.838,98.09994000000005,98.036779432,9.908845,-353.49166,PQR–QM9 overlap
O=C1CCC(=O)CC1,10.582,112.12652000000004,112.052429496,11.757393,-372.26525,PQR–QM9 overlap
O=C1CCC(=O)N1,13.868,99.08800000000002,99.032028405,9.47335,-381.12984,PQR–QM9 overlap
O=C1CCC1,10.72,70.08984,70.041864812,7.835728,-126.64431,PQR–QM9 overlap
O=C1CCCC(=O)C1,13.909,112.12652000000004,112.052429496,11.770789,-375.39337,PQR–QM9 overlap
O=C1CCCC(=O)N1,10.871,113.11458000000002,113.047678469,11.361715,-417.09807,PQR–QM9 overlap
O=C1CCCC1,11.065,84.11642000000003,84.057514876,9.645889,-224.41532,PQR–QM9 overlap
O=C1CCCCC1,10.887,98.14300000000004,98.07316494,11.519001,-249.07474,PQR–QM9 overlap
O=C1CCCCC1=O,12.594,112.12652000000004,112.052429496,11.814354,-335.46409,PQR–QM9 overlap
O=C1CCCCCC1,10.938,112.16958000000004,112.088815004,13.336358,-259.78163,PQR–QM9 overlap
O=C1CCCCCCC1,13.919,126.19616000000006,126.104465068,15.10288,-275.50329,PQR–QM9 overlap
O=C1CCCCCCN1,11.089,127.18422000000008,127.099714041,14.582983,-267.44065,PQR–QM9 overlap
O=C1CCCCCCO1,14.557,128.16898000000006,128.083729624,14.043982,-396.22246,PQR–QM9 overlap
O=C1CCCCCN1,14.106,113.15764000000004,113.084063977,12.782892,-255.17935,PQR–QM9 overlap
O=C1CCCCCO1,11.329,114.14240000000004,114.06807956,12.228112,-406.63382,PQR–QM9 overlap
O=C1CCCCN1,11.142,99.13106000000003,99.068413913,10.97385,-234.61761,PQR–QM9 overlap
O=C1CCCCO1,14.59,100.11582000000004,100.052429496,10.403802,-386.60961,PQR–QM9 overlap
O=C1CCCN1,10.898,85.10448000000004,85.052763849,9.084469,-208.08013,PQR–QM9 overlap
O=C1CCCO1,14.874,86.08924000000003,86.036779432,8.504339,-369.7711,PQR–QM9 overlap
O=C1CCNC(=O)N1,10.566,114.10264000000002,114.042927442,10.703039,-377.95357,PQR–QM9 overlap
O=C1CCOCC1,13.947,100.11582000000004,100.052429496,10.296037,-357.41688,PQR–QM9 overlap
O=C1COC1,10.579,72.06266000000002,72.021129368,6.642786,-202.858,PQR–QM9 overlap
O=C1COCCO1,14.132,102.08864000000004,102.031694052,9.205282,-485.22638,PQR–QM9 overlap
O=C1NCCCN1,14.123,100.11912000000004,100.063662886,10.335746,-196.01919,PQR–QM9 overlap
O=C1NCCN1,14.291,86.09254000000003,86.048012822,8.441882,-161.54996,PQR–QM9 overlap
O=C1NCCNC1=O,13.189,114.10264000000002,114.042927442,10.723859,-295.97832,PQR–QM9 overlap
O=C1NCCO1,14.13,87.07730000000002,87.032028405,7.876779,-332.67136,PQR–QM9 overlap
O=C1OCCCO1,11.723,102.08864000000004,102.031694052,9.230198,-513.01055,PQR–QM9 overlap
O=C1OCCO1,11.782,88.06205999999999,88.016043988,7.316931,-493.84449,PQR–QM9 overlap
O=CC(F)(F)F,13.593,98.0239496,97.997949312,4.817912,-772.44815,PQR–QM9 overlap
O=CC1CC1,10.367,70.08984000000002,70.041864812,7.975037,-65.18376,PQR–QM9 overlap
O=CC1CCC1,10.401000000000002,84.11642000000003,84.057514876,9.660794,-124.98344,PQR–QM9 overlap
O=CC1CCCC1,13.734000000000002,98.14300000000004,98.07316494,11.475001,-200.23386,PQR–QM9 overlap
O=CC1CCCCC1,13.71,112.16958000000008,112.088815004,13.311618,-230.72601,PQR–QM9 overlap
O=CC=O,8.833,58.03608,58.005479304000005,4.843263,-204.85778,PQR–QM9 overlap
O=CCC(F)(F)F,13.961,112.0505296,112.013599376,6.531932,-829.68379,PQR–QM9 overlap
O=CCCC=O,10.517,86.08924000000003,86.036779432,8.439572,-304.19512,PQR–QM9 overlap
O=CCCCC=O,13.765,100.11582000000004,100.052429496,10.262086,-319.20826,PQR–QM9 overlap
O=CCCCCC=O,10.815,114.14240000000004,114.06807956,12.0994,-345.62082,PQR–QM9 overlap
O=CCc1ccccc1,9.76,120.14852000000003,120.057514876,14.271178,-48.38911,PQR–QM9 overlap
O=CN(C=O)C=O,13.854,101.06082,101.011292961,8.297552,-478.7651,PQR–QM9 overlap
O=CN1CCCC1,13.656,99.13106000000003,99.068413913,11.040787,-186.08195,PQR–QM9 overlap
O=CN1CCCCC1,13.532,113.15764000000006,113.084063977,12.876089,-219.48073,PQR–QM9 overlap
O=CN1CCOCC1,10.55,115.13046000000004,115.063328533,11.739096,-326.31724,PQR–QM9 overlap
O=CNC1CC1,10.449,85.10448000000002,85.052763849,8.944601,-2.69597,PQR–QM9 overlap
O=CNC1CCC1,10.779,99.13106000000003,99.068413913,10.610952,-71.47961,PQR–QM9 overlap
O=CNC1CCCC1,10.563,113.15764000000004,113.084063977,12.48574,-145.06847,PQR–QM9 overlap
O=CNC1CCCCC1,10.989,127.18422000000008,127.099714041,14.609972,-260.03499,PQR–QM9 overlap
O=CNC=O,13.699,73.05072000000001,73.016378341,6.39761,-331.51954,PQR–QM9 overlap
O=CNCc1ccco1,9.7,125.12528000000005,125.047678469,12.853959,-194.5983,PQR–QM9 overlap
O=CNc1ccccc1,11.938,121.13658000000004,121.052763849,13.980337,-61.07804,PQR–QM9 overlap
O=COCC(F)(F)F,15.0,128.04992959999998,128.008513996,7.28993,-1012.0377,PQR–QM9 overlap
O=COCCOC=O,11.561,118.08804000000002,118.026608672,9.92506,-678.73431,PQR–QM9 overlap
O=COc1ccccc1,9.465,122.12134000000002,122.036779432,13.484445,-192.23327,PQR–QM9 overlap
O=Cc1ccc[nH]1,12.127,95.09930000000004,95.037113785,10.490147,-20.54313,PQR–QM9 overlap
O=Cc1ccccc1,9.456,106.12194000000002,106.041864812,12.578056,-25.58955,PQR–QM9 overlap
O=Cc1ccccc1O,11.587,122.12134000000002,122.036779432,13.329638,-241.37274,PQR–QM9 overlap
O=Cc1ccccn1,12.346,107.11000000000004,107.037113785,11.802608,17.77031,PQR–QM9 overlap
O=Cc1ccco1,12.199,96.08406000000002,96.021129368,9.899984,-133.69119,PQR–QM9 overlap
O=Cc1ccncc1O,11.892,123.10940000000002,123.032028405,12.546668,-162.41267,PQR–QM9 overlap
O=Cc1cnc[nH]1,12.322,96.08736000000002,96.032362758,9.738361,26.02174,PQR–QM9 overlap
O=Cc1cocn1,12.636,97.07212,97.016378341,9.06099,-95.56136,PQR–QM9 overlap
O=c1cc[nH]c(=O)[nH]1,12.43,114.10264,0.0,0.0,-310.36507,PQR–QM9 overlap
O=c1cccccc1,11.512,106.12194000000002,106.041864812,12.968834,56.00511,PQR–QM9 overlap
O=c1cccco1,8.664000000000001,97.092,0.0,0.0,-210.25239,PQR–QM9 overlap
O=c1ccocc1,12.667000000000002,97.092,0.0,0.0,-181.21257,PQR–QM9 overlap
O=c1occo1,9.829,86.04618,86.000393924,6.964227,-368.17236,PQR–QM9 overlap
OC1CC1,15.607,58.07913999999999,58.041864812,6.471931,-119.72706,PQR–QM9 overlap
OC1CCC1,16.414,72.10572000000003,72.057514876,8.198891,-182.68584,PQR–QM9 overlap
OC1CCCC1,13.44,86.13230000000004,86.07316494,10.003815,-261.79461,PQR–QM9 overlap
OC1CCCCC1,13.019,100.15888000000004,100.088815004,11.857955,-279.3445,PQR–QM9 overlap
OC1CCCCCCC1,13.282,128.2120400000001,128.120115132,15.516363,-301.79573,PQR–QM9 overlap
OCC#CCO,11.404,86.08924000000002,86.036779432,8.832228,-157.47239,PQR–QM9 overlap
OCC(CO)(CO)CO,12.529,136.14637999999994,136.073558864,12.230478,-798.0489,PQR–QM9 overlap
OCC(F)(F)F,15.975,100.03982960000002,100.013599376,5.163029,-867.32517,PQR–QM9 overlap
OCC1(CO)COC1,14.77,118.13110000000005,118.06299418,11.217213,-485.39229,PQR–QM9 overlap
OCC1CC1,12.729,72.10572000000005,72.057514876,8.305888,-140.25408,PQR–QM9 overlap
OCC1CCC1,12.978,86.13230000000006,86.07316494,10.022714,-200.74024,PQR–QM9 overlap
OCC1CCCCC1,13.336,114.18546000000008,114.104465068,13.717128,-297.90484,PQR–QM9 overlap
OCCCCCCCO,13.37,132.20074000000002,132.115029752,14.831257,-505.0543,PQR–QM9 overlap
OCCCCCCO,13.337,118.17416000000009,118.099379688,12.979509,-490.28931,PQR–QM9 overlap
OCCCCCO,13.415,104.14758000000003,104.083729624,11.140003,-467.40691,PQR–QM9 overlap
OCCCCO,12.933,90.12100000000004,90.06807956,9.326716,-434.52503,PQR–QM9 overlap
OCCCO,16.312,76.09442000000004,76.052429496,7.494181,-425.18283,PQR–QM9 overlap
OCCO,16.116,62.06784,62.036779432,5.630997,-400.50481,PQR–QM9 overlap
OCCOCCO,11.491,106.12040000000002,106.06299418,9.994243,-555.02583,PQR–QM9 overlap
OCCc1ccccc1,12.791,122.16440000000006,122.07316494,14.7463,-122.92473,PQR–QM9 overlap
OCCc1cnc[nH]1,12.838,112.12982000000004,112.063662886,11.767975,-91.59735,PQR–QM9 overlap
OCCn1cccn1,13.204,112.12982000000004,112.063662886,11.820616,-0.8525100000000001,PQR–QM9 overlap
OCc1ccccc1,9.732,108.13782,108.057514876,12.868768,-93.46539,PQR–QM9 overlap
OCc1ccccc1O,9.203,124.13722000000004,124.052429496,13.588326,-274.32498,PQR–QM9 overlap
OCc1ccco1,12.766000000000002,98.09994000000005,98.036779432,10.077969,-200.28321,PQR–QM9 overlap
OCc1cn[nH]n1,13.358,99.09130000000002,99.043261795,9.176424,68.58789,PQR–QM9 overlap
OCc1cnc[nH]1,12.834,98.10324000000004,98.048012822,9.937987,-38.67271,PQR–QM9 overlap
OCc1ncc[nH]1,12.957,98.10324000000004,98.048012822,9.894619,-54.12746,PQR–QM9 overlap
ON=C1CCCC1,13.796,99.13106000000003,99.068413913,11.030933,-83.98694,PQR–QM9 overlap
ON=C1CCCCC1,10.459,113.15764000000004,113.084063977,12.930518,-111.07148,PQR–QM9 overlap
Oc1ccccc1,0.0,94.11124000000002,94.041864812,10.898963,33.85544,PQR–QM9 overlap
Oc1ccccc1,12.271,94.11124000000004,94.041864812,11.079181,-92.70895,PQR–QM9 overlap
Oc1ccccc1F,8.888,112.10170320000005,112.032443,11.164066,-278.41769,PQR–QM9 overlap
Oc1ccccc1O,11.902,110.11064000000005,110.036779432,11.79877,-269.19263,PQR–QM9 overlap
c1ccccc1,9.76,78.11184000000003,78.046950192,10.350401,96.05012,PQR–QM9 overlap
c1ccnnc1,12.742,80.08796000000002,80.037448138,8.85436,222.38912,PQR–QM9 overlap
c1cn[nH]n1,13.574000000000002,69.06532000000001,69.032697111,6.646417,261.06705,PQR–QM9 overlap
c1cnc2c(c1)CCC2,12.487000000000002,119.16376000000004,119.073499293,14.759098,92.14887,PQR–QM9 overlap
c1cnnnc1,12.656,81.07602000000001,81.032697111,8.103119,301.85475,PQR–QM9 overlap
c1cnnnn1,12.144,82.06408,82.027946084,7.408977,402.09591,PQR–QM9 overlap
c1cnon1,10.515,70.05008000000001,70.016712694,6.115284,201.52781,PQR–QM9 overlap
c1ncnnn1,12.477,82.06408,82.02794608399999,7.370617,358.46749,PQR–QM9 overlap
NC1=Cc2ccccc2[NH+]C1=S,6.741,176.2382199999999,176.040819266,22.429947,220.31364,Psi4-recomputed PQR
Cc1nccc2c1C=CC(=O)[NH+]2,11.416,160.17261999999988,160.063662886,18.49661,-36.27847,Psi4-recomputed PQR
CCCCCCC[C@H]1[NH2+][C@@H]2CCCC[C@@H]2C(=O)[C@@H]1O,10.81,268.41490000000016,268.22765420500036,31.036935,-312.92067,Psi4-recomputed PQR
CCOC[N+]1C=C(F)C(=O)[NH+]C1=O,9.067,188.15636319999984,188.059720378,17.099326,-661.95964,Psi4-recomputed PQR
COC1=C(C)C=NC(=O)[NH+]1,8.651,140.1399199999999,140.058577506,14.386615,-244.51714,Psi4-recomputed PQR
C[N@@H+]1C[C@H](O)C(=O)C[C@@H]1C(=O)O,7.273,174.17447999999993,174.076632869,16.304028,-569.47223,Psi4-recomputed PQR
C[NH2+]OC,11.343,62.091019999999986,62.060588880999994,6.347184,-77.53242,Psi4-recomputed PQR
O[NH+]1CCCCC1,14.456,102.15488000000006,102.091889009,11.381931,-130.73394,Psi4-recomputed PQR
[Li][NH+]O,10.984,38.963,39.02964324,2.15578,122.44337,Psi4-recomputed PQR
N=C1S[C@@H]2CCCC[C@@H]2C2=NCCC[N+]12,11.078,223.33777999999992,223.114318559,26.170944,273.52406,Psi4-recomputed PQR
CC(=O)SSCc1ccccc1,10.668,198.3050999999998,198.01730694,23.114462,-88.0714,Psi4-recomputed PQR
CSCC/C=N/NC(=O)c1ccncc1,7.701,223.29471999999976,223.077933051,25.000539,104.04852,Psi4-recomputed PQR
C[C@H](Cc1ccccc1)NC(=S)S,7.349,211.3469199999998,211.048941421,24.231393,119.87579,Psi4-recomputed PQR
N/C=C/OP(=O)(O)O,7.949,139.04710099999994,139.003444307,13.114604,-974.32463,Psi4-recomputed PQR
C=CCSC#N,8.5,99.15420000000002,99.014270165,11.115351,189.09555,Psi4-recomputed PQR
CCC(=S)[C@H]1CC[C@@H]1C,7.340000000000001,142.2617599999999,142.081621448,17.485696,36.47536,Psi4-recomputed PQR
C[C@H]1C[C@H]1C(=O)SC1CCC1,11.755,170.27185999999983,170.076536068,19.681809,-88.76705,Psi4-recomputed PQR
Clc1ccccc1Cl,12.254,147.00195999999997,145.969005488,14.381979,24.51395,Psi4-recomputed PQR
CNC(=S)NC,11.517,104.17402000000004,104.040819266,11.260817,37.7462,Psi4-recomputed PQR
CN1C(=O)[C@H]2SS[C@@H]1C(=O)N2C,6.832000000000001,204.26991999999984,204.002719506,20.231374,-245.5062,Psi4-recomputed PQR
C[C@@H]1CCC(=N)S1,8.571,115.19666000000004,115.045570293,13.227584,16.53913,Psi4-recomputed PQR
CCCC(=O)OC(=C(Cl)Cl)P(=O)(OC)OC,11.956,291.0655810000002,289.98776550600036,27.157106,-1142.53072,Psi4-recomputed PQR
CCCCC[S@@](=O)[C@H]1CC1(C)C,12.764,188.3301999999998,188.12348626,22.568363,-194.55547,Psi4-recomputed PQR
CSSSSC,9.881,158.3290399999999,157.935234192,18.587693,-24.07253,Psi4-recomputed PQR
C[C@H]1CC[C@@H]1[S@@](=O)CCC(C)(C)C,12.809,202.3567799999998,202.139136324,24.196189,-254.29154,Psi4-recomputed PQR
BrCI,12.067,220.83505,219.838460064,10.794485,58.64379,Psi4-recomputed PQR
CCOP(=O)(OCC)SCSP(=O)(OCC)OCC,7.983999999999999,352.34490200000033,352.03330368400066,36.951478,-1633.81358,Psi4-recomputed PQR
CPCC(C)(C)C,13.239999999999998,118.15706100000008,118.09113711,15.925884,-163.13731,Psi4-recomputed PQR
CPCC(C)(C)C,13.239999999999998,118.15706100000008,118.09113711,15.925858,-163.13719,Psi4-recomputed PQR
CPCCC(C)(C)C,13.234,132.18364100000002,132.106787174,17.774598,-180.25885,Psi4-recomputed PQR
CPCCC(C)(C)C,13.234,132.18364100000002,132.106787174,17.774627,-180.25886,Psi4-recomputed PQR
CCCCS[C@@H]1CC[C@H]1C,11.693,158.30421999999987,158.112921576,19.701292,-90.77425,Psi4-recomputed PQR
C[C@H]1C[C@@H]1[S@](=O)[C@@H]1CC1(C)C,12.779,172.2877399999999,172.092186132,20.309526,-40.10071,Psi4-recomputed PQR
CC1(C)C[C@H]1SC1CCC1,11.685,156.28833999999986,156.097271512,19.253464,41.5985,Psi4-recomputed PQR
CS[C@H]1C[C@@H]1C,11.708,102.19790000000005,102.05032132,12.3733,33.33665,Psi4-recomputed PQR
C[C@@H]1CC[C@H]1S[C@@H]1CCC1(C)C,11.702,184.3414999999998,184.12857164,22.776304,-45.09203,Psi4-recomputed PQR
BrBr,11.2,159.808,157.836674,6.883293,35.44985,Psi4-recomputed PQR
C[C@@H]1CC[C@@H]1C(=S)C1CCCCC1,10.577,196.3521999999998,196.12857164,24.283703,4.92669,Psi4-recomputed PQR
CS,0.0,48.10745999999999,48.003371128,4.763688,109.15163,Psi4-recomputed PQR
CS,11.625,48.10745999999999,48.003371128,5.211218,-21.71473,Psi4-recomputed PQR
O=C(/C=C/c1ccc2c(c1)OCO2)/C=C/c1ccc2c(c1)OCO2,7.925,322.31146000000007,322.0841235480004,36.848912,-344.89428,Psi4-recomputed PQR
CCCCC[C@@H]1O[C@@H]1C/C=C\CCCCCCCC(=O)O,10.694,296.44488000000047,296.2351448840009,34.667506,-667.93081,Psi4-recomputed PQR
CCCCCCCN[C@H]1CCC[C@@H]1CCCCCCC(=O)O,12.846,311.50258000000053,311.282429429001,37.120843,-694.74728,Psi4-recomputed PQR
C#Cc1ccccc1C=O,8.864,130.14334,130.041864812,16.044647,212.63143,Psi4-recomputed PQR
NC(=O)NC(c1ccccc1)c1ccccc1,12.563,226.27375999999975,226.110613078,26.646826,7.19736,Psi4-recomputed PQR
CCCC/C=C/CC/C=C/CCCCCC=O,10.14,236.3929199999997,236.214015516,29.863436,-276.70068,Psi4-recomputed PQR
CC/C=C/CCOC(=O)/C=C/c1ccccc1,8.768,230.30221999999975,230.130679816,28.174594,-214.51584,Psi4-recomputed PQR
C[C@@H]1CC[C@@H]1C(=O)C1CCCCC1,13.632,180.2865999999998,180.15141526,21.880902,-270.05878,Psi4-recomputed PQR
CC1(/C=C\C2CCCCC2)CC1,10.483,164.2871999999998,164.15650064,21.26067,-13.50948,Psi4-recomputed PQR
CCC(=O)OC(=O)CC1CCCC1,14.222,184.23223999999985,184.109944372,19.716667,-660.48469,Psi4-recomputed PQR
C[C@H]1C[C@H]1C(=O)OC(C)(C)C,14.501,156.22213999999985,156.115029752,17.73182,-428.15472,Psi4-recomputed PQR
C[C@@H]1C[C@H]1/C=C\C1(C)CC1,10.061,136.23403999999994,136.125200512,18.3013,124.43176,Psi4-recomputed PQR
CCCC/C=C/[C@@H]1C[C@@H]1C,10.124,138.24991999999995,138.140850576,18.77257,-9.17506,Psi4-recomputed PQR
CC1(C)C[C@H]1/C=C/C1CCCCC1,10.042,178.3137799999998,178.172150704,23.82353,-41.66448,Psi4-recomputed PQR
CCC[C@]1(C)O[C@@H]1C(C)(C)C,15.526,156.26519999999982,156.15141526,19.255693,-260.83572,Psi4-recomputed PQR
CCCCCCCCCCCCC,17.61,184.36141999999975,184.219100896,24.654633,-309.89631,Psi4-recomputed PQR
C[C@@H]1CC[C@H]1[C@@H]1O[C@@H]1[C@@H]1CC1(C)C,15.082999999999998,180.28659999999985,180.15141526,22.153761,-58.22898,Psi4-recomputed PQR
CCCCC[C@@H]1O[C@@H]1CC,15.666,142.23861999999988,142.135765196,17.5343,-224.01834,Psi4-recomputed PQR
C[C@@H]1CC[C@H]1N[C@@H]1CC1(C)C,14.255,153.26455999999985,153.151749613,19.442043,14.44115,Psi4-recomputed PQR
CCCOC(=O)C1CCC1,14.732,142.19555999999986,142.099379688,15.871027,-410.97167,Psi4-recomputed PQR
C[C@@H]1CC[C@H]1[C@@H]1O[C@H]1[C@@H]1CCC1(C)C,12.249,194.31317999999985,194.167065324,23.06726,-120.1896,Psi4-recomputed PQR
CC1(C)CC[C@H]1OC1CCCCC1,11.767,182.3024799999998,182.167065324,22.455167,-305.49298,Psi4-recomputed PQR
NCc1ccco1,12.644,97.11518000000004,97.052763849,10.667049,-32.89933,Psi4-recomputed PQR
C=Cc1ccncc1,12.775,105.13718000000004,105.057849229,13.226976,189.91268,Psi4-recomputed PQR
CC(=O)c1ccco1,9.31,110.11064000000005,110.036779432,11.70932,-198.30112,Psi4-recomputed PQR
Nn1cnnc1,13.564,84.07996000000001,84.043596148,7.956947,323.12367,Psi4-recomputed PQR
O=C1NC(=O)C(=O)N1,9.832,114.05958,114.006541934,9.303224,-442.47235,Psi4-recomputed PQR
NC/C=C/CC(=O)O,9.939,115.13046000000004,115.063328533,11.780472,-346.66458,Psi4-recomputed PQR
Cc1cccnn1,9.679,94.11454000000003,94.053098202,10.805358,180.31635,Psi4-recomputed PQR
Cc1cccnc1,12.694,93.12648000000004,93.057849229,11.530702,92.32417,Psi4-recomputed PQR
C/C=C/[C@@H]1CC[C@H]1C,10.347,110.19676000000004,110.109550448,14.861535,-7.15881,Psi4-recomputed PQR
CC/C=C\[C@@H]1CC1(C)C,10.291,124.22334000000006,124.125200512,16.855547,8.31253,Psi4-recomputed PQR
COC(=O)[C@@H]1CCCN1,10.024,129.15704000000002,129.078978597,13.327534,-370.56553,Psi4-recomputed PQR
C/C=C/[C@H]1CC[C@@H]1C,10.347,110.19676000000004,110.109550448,14.861747,-7.15878,Psi4-recomputed PQR
C[C@H]1CNC(=O)NC1=O,10.567,128.12922000000003,128.058577506,12.528261,-401.23623,Psi4-recomputed PQR
O=C1CCCCCO1,11.329,114.14240000000004,114.06807956,12.228112,-406.63382,Psi4-recomputed PQR
CCC(=O)NC,14.153,87.12036000000005,87.068413913,9.631819,-246.78692,Psi4-recomputed PQR
C/C=C\CCCC(C)C,10.533,126.23922000000007,126.140850576,17.099822,-123.88533,Psi4-recomputed PQR
C=CC(C)(C)C,10.963,84.15948000000006,84.093900384,11.464413,-46.45222,Psi4-recomputed PQR
CCC/C=N/O,10.606,87.12036000000005,87.068413913,9.719973,-90.80076,Psi4-recomputed PQR
CC/C=C/CO,10.467,86.13230000000006,86.07316494,10.420477,-202.49754,Psi4-recomputed PQR
CN(C=O)CO,10.79,89.09318000000003,89.047678469,8.45518,-377.42075,Psi4-recomputed PQR
F/C=C/C(F)(F)F,10.841,114.0415928,114.009262944,6.16973,-802.56545,Psi4-recomputed PQR
NCCN1CCNCC1,14.438,129.20340000000004,129.126597495,14.940751,35.62124,Psi4-recomputed PQR
CC[C@H]1O[C@@H]1[C@H]1C[C@@H]1C,15.467,126.19616000000006,126.104465068,15.309216,-68.30606,Psi4-recomputed PQR
NCCCNCCCN,12.132,131.21928000000003,131.142247559,15.245948,-22.85843,Psi4-recomputed PQR
C[C@@H]1CC[C@@H]1NC1CC1,14.254,125.21140000000008,125.120449485,15.803856,75.26582,Psi4-recomputed PQR
C#CCOC[C@H]1CO1,11.127,112.12652000000004,112.052429496,12.047848,40.90655,Psi4-recomputed PQR
C[C@@H]1C[C@@H]1[C@H]1OC1(C)C,15.547,126.19616000000003,126.104465068,15.272622,-83.3546,Psi4-recomputed PQR
C1C[C@H]2CC[C@@H]1N=N2,10.114,110.15700000000004,110.08439833,12.62894,121.64088,Psi4-recomputed PQR
CN(N=O)[C@@H]1CO1,10.01,102.09194000000002,102.042927442,9.494716,-4.01616,Psi4-recomputed PQR
N#CC#N,15.739,52.0348,52.00614801,4.968501,299.09378,Psi4-recomputed PQR
CCC[C@H]1CCCCN1,12.091,127.22728000000008,127.136099549,16.167809,-107.87919,Psi4-recomputed PQR
CN1CCCCC1,11.756,99.17412000000007,99.104799421,12.567874,-48.34983,Psi4-recomputed PQR
C1CCC2(C1)CC2,15.973,96.17018000000006,96.093900384,12.670089,4.59415,Psi4-recomputed PQR
CCCC(C)C,18.099,86.17536000000007,86.109550448,11.77093,-161.71928,Psi4-recomputed PQR
CC1(C)OO1,10.631,74.07854000000003,74.036779432,7.104869,-61.63231,Psi4-recomputed PQR
CN[C@H]1CC[C@H]1C,15.045,99.17412000000006,99.104799421,12.501104,-14.37878,Psi4-recomputed PQR
C[C@H]1CC[C@@H]1C#N,15.583,95.14236000000002,95.073499293,11.549339,91.26115,Psi4-recomputed PQR
CCC(C)C,18.38,72.14878000000003,72.093900384,9.945761,-135.90265,Psi4-recomputed PQR
CCCCCO,13.151,88.14818000000005,88.088815004,10.559516,-304.41366,Psi4-recomputed PQR
NC1CCCC1,15.747,85.14754000000006,85.089149357,10.568866,-62.97809,Psi4-recomputed PQR
