iteration,ref_val_mae,ref_test_mae,is_best_ref_val
25,1.3350029450367773,1.4848672054436713,False
50,1.0259163830124165,1.1324137518659443,False
75,0.8296257214554278,0.9112681270436355,False
100,0.7028413527152396,0.7667653378777081,False
125,0.6295644616572519,0.6840649219453537,False
150,0.5791262437504634,0.6294230633195055,False
175,0.538814652902258,0.5830555231240268,False
200,0.5150301551719786,0.553921447246575,False
225,0.4966512438255085,0.5294985841840729,False
250,0.4844405514515165,0.5121079462873973,False
275,0.4749640027830534,0.5004354729040382,False
300,0.4691046246233064,0.49323793829639045,False
325,0.465990436292416,0.48918567102904065,False
350,0.4626298732859011,0.48480605134346394,False
375,0.45901962371709715,0.48077520380665323,False
400,0.45598764510404366,0.477716097075493,False
425,0.45392425051049484,0.4757532363794209,False
450,0.4506548328729961,0.4721679488980542,False
475,0.44855892282621906,0.4700714189667941,False
500,0.44708711911151766,0.46847098697502537,False
525,0.44593083992711,0.4670008066619822,False
550,0.4445076537056482,0.4652350550646668,False
575,0.44361227933261543,0.4644476713597614,False
600,0.4421568077053703,0.4629676064297469,False
625,0.4403469705151866,0.46123188767721185,False
650,0.4387865383680949,0.45990388194464094,False
675,0.4381795424014126,0.459253234861028,False
700,0.43688700754321713,0.4578823438252228,True
