id,smiles,domain,reason
pqr_0098,Cc1cc2nc3c(=O)n(OCCS(O)(O)c4ccc(NNc5c(S(O)(O)O)cc6cc(S(O)(O)O)c(NNc7ccc(S(C)(O)O)cc7)c(O)c6c5N)cc4)c(=O)[nH]c3[n+](C[C@H](O)[C@H](O)[C@H](O)COP(=O)(O)O)c2cc1C,charged_or_radical,manually_marked_failed_after_repeated_missing_or_scf_issue
pqr_0099,COc1cccc2[oH+]c3cc4c(c(O)c3c(=O)c12)[C@@H]1CCC[C@](C)(O4)O1,,"RuntimeError('\nFatal Error: WRITE failed. Error description from the OS: No space left on device\nError in PSIO::wt_toclen()! Cannot write TOC length, unit 97.\nPSIO_ERROR: 12 (error writing to file)\n\nPractical advice: This error is probably disk related. First, check that your scratch isn’t full.\nSecond, make sure that you’re setting scratch (""psi4 -s"" or ""export PSI_SCRATCH"") rather than letting it \ndefault to /tmp. Third, run the job again to see if the error is reproducible.\nIf it persists, finally, file an issue.\n\nError occurred in file: /home/conda/feedstock_root/build_artifacts/psi4_1774729123260/work/psi4/src/psi4/libpsio/error.cc on line: 142\nThe most recent 5 function calls were:\n\npsi::PsiException::PsiException(std::__cxx11::basic_string<char, std::char_traits<char>, std::allocator<char> >, char const*, int)\npsi::PSIO::wt_toclen(unsigned long, unsigned long)\npsi::PSIO::open(unsigned long, int)\npsi::DiskDFJK::initialize_JK_disk()\n')"
pqr_0250,O=C(NCc1ccc2c(c1)OCO2)[C@H]1Cc2c(sc3ccccc23)CN1,,"RuntimeError('\nFatal Error: DFHelper:put_tensor: write error\nError occurred in file: /home/conda/feedstock_root/build_artifacts/psi4_1774729123260/work/psi4/src/psi4/lib3index/dfhelper.cc on line: 970\nThe most recent 5 function calls were:\n\npsi::PsiException::PsiException(std::__cxx11::basic_string<char, std::char_traits<char>, std::allocator<char> >, char const*, int)\npsi::DFHelper::prepare_metric()\npsi::DFHelper::initialize()\n')"
pqr_0251,CN(C)[C@H]1C[C@@H](c2ccc(Br)cc2)c2ccccc21,,"RuntimeError('\nFatal Error: DFHelper:put_tensor: write error\nError occurred in file: /home/conda/feedstock_root/build_artifacts/psi4_1774729123260/work/psi4/src/psi4/lib3index/dfhelper.cc on line: 970\nThe most recent 5 function calls were:\n\npsi::PsiException::PsiException(std::__cxx11::basic_string<char, std::char_traits<char>, std::allocator<char> >, char const*, int)\npsi::DFHelper::prepare_metric()\npsi::DFHelper::initialize()\n')"
pqr_0252,COc1ccc2c(c1)c(CC(=O)NCCc1ccccc1)c(C)n2C(=O)c1ccc(Cl)cc1,,"RuntimeError('\nFatal Error: WRITE failed. Error description from the OS: No space left on device\nError in PSIO::wt_toclen()! Cannot write TOC length, unit 97.\nPSIO_ERROR: 12 (error writing to file)\n\nPractical advice: This error is probably disk related. First, check that your scratch isn’t full.\nSecond, make sure that you’re setting scratch (""psi4 -s"" or ""export PSI_SCRATCH"") rather than letting it \ndefault to /tmp. Third, run the job again to see if the error is reproducible.\nIf it persists, finally, file an issue.\n\nError occurred in file: /home/conda/feedstock_root/build_artifacts/psi4_1774729123260/work/psi4/src/psi4/libpsio/error.cc on line: 142\nThe most recent 5 function calls were:\n\npsi::PsiException::PsiException(std::__cxx11::basic_string<char, std::char_traits<char>, std::allocator<char> >, char const*, int)\npsi::PSIO::wt_toclen(unsigned long, unsigned long)\npsi::PSIO::open(unsigned long, int)\npsi::DiskDFJK::initialize_JK_disk()\n')"
pqr_0253,COc1cc(Cl)c(OC)cc1N,,"RuntimeError('\nFatal Error: DFHelper:put_tensor: write error\nError occurred in file: /home/conda/feedstock_root/build_artifacts/psi4_1774729123260/work/psi4/src/psi4/lib3index/dfhelper.cc on line: 970\nThe most recent 5 function calls were:\n\npsi::PsiException::PsiException(std::__cxx11::basic_string<char, std::char_traits<char>, std::allocator<char> >, char const*, int)\npsi::DFHelper::prepare_metric()\npsi::DFHelper::initialize()\n')"
pqr_0254,C=NNc1cccc(Cl)c1,,"RuntimeError('\nFatal Error: DFHelper:put_tensor: write error\nError occurred in file: /home/conda/feedstock_root/build_artifacts/psi4_1774729123260/work/psi4/src/psi4/lib3index/dfhelper.cc on line: 970\nThe most recent 5 function calls were:\n\npsi::PsiException::PsiException(std::__cxx11::basic_string<char, std::char_traits<char>, std::allocator<char> >, char const*, int)\npsi::DFHelper::prepare_metric()\npsi::DFHelper::initialize()\n')"
pqr_0255,O=C1c2ccccc2C(=O)N1Br,,"RuntimeError('\nFatal Error: DFHelper:put_tensor: write error\nError occurred in file: /home/conda/feedstock_root/build_artifacts/psi4_1774729123260/work/psi4/src/psi4/lib3index/dfhelper.cc on line: 970\nThe most recent 5 function calls were:\n\npsi::PsiException::PsiException(std::__cxx11::basic_string<char, std::char_traits<char>, std::allocator<char> >, char const*, int)\npsi::DFHelper::prepare_metric()\npsi::DFHelper::initialize()\n')"
pqr_0256,C[C@]12CC[C@H]3[C@@H](CCC4=CC(=O)CC[C@@]43C)[C@@H]1CC[C@@H]2C(=O)CCl,,"RuntimeError('\nFatal Error: WRITE failed. Error description from the OS: No space left on device\nError in PSIO::wt_toclen()! Cannot write TOC length, unit 97.\nPSIO_ERROR: 12 (error writing to file)\n\nPractical advice: This error is probably disk related. First, check that your scratch isn’t full.\nSecond, make sure that you’re setting scratch (""psi4 -s"" or ""export PSI_SCRATCH"") rather than letting it \ndefault to /tmp. Third, run the job again to see if the error is reproducible.\nIf it persists, finally, file an issue.\n\nError occurred in file: /home/conda/feedstock_root/build_artifacts/psi4_1774729123260/work/psi4/src/psi4/libpsio/error.cc on line: 142\nThe most recent 5 function calls were:\n\npsi::PsiException::PsiException(std::__cxx11::basic_string<char, std::char_traits<char>, std::allocator<char> >, char const*, int)\npsi::PSIO::wt_toclen(unsigned long, unsigned long)\npsi::PSIO::open(unsigned long, int)\npsi::DiskDFJK::initialize_JK_disk()\n')"
pqr_0257,Clc1c2ccccc2cc2ccccc12,,"RuntimeError('\nFatal Error: DFHelper:put_tensor: write error\nError occurred in file: /home/conda/feedstock_root/build_artifacts/psi4_1774729123260/work/psi4/src/psi4/lib3index/dfhelper.cc on line: 970\nThe most recent 5 function calls were:\n\npsi::PsiException::PsiException(std::__cxx11::basic_string<char, std::char_traits<char>, std::allocator<char> >, char const*, int)\npsi::DFHelper::prepare_metric()\npsi::DFHelper::initialize()\n')"
pqr_0258,NNC(=S)Nc1ccc(Cl)cc1,,"RuntimeError('\nFatal Error: DFHelper:put_tensor: write error\nError occurred in file: /home/conda/feedstock_root/build_artifacts/psi4_1774729123260/work/psi4/src/psi4/lib3index/dfhelper.cc on line: 970\nThe most recent 5 function calls were:\n\npsi::PsiException::PsiException(std::__cxx11::basic_string<char, std::char_traits<char>, std::allocator<char> >, char const*, int)\npsi::DFHelper::prepare_metric()\npsi::DFHelper::initialize()\n')"
pqr_0259,O=C(O)C[S@](=O)C(c1ccccc1)c1ccccc1,,"RuntimeError('\nFatal Error: DFHelper:put_tensor: write error\nError occurred in file: /home/conda/feedstock_root/build_artifacts/psi4_1774729123260/work/psi4/src/psi4/lib3index/dfhelper.cc on line: 970\nThe most recent 5 function calls were:\n\npsi::PsiException::PsiException(std::__cxx11::basic_string<char, std::char_traits<char>, std::allocator<char> >, char const*, int)\npsi::DFHelper::prepare_metric()\npsi::DFHelper::initialize()\n')"
pqr_0260,O=[S@](O)CNc1ccc(S(=O)(=O)c2ccc(NC[S@](=O)O)cc2)cc1,,"RuntimeError('\nFatal Error: DFHelper:put_tensor: write error\nError occurred in file: /home/conda/feedstock_root/build_artifacts/psi4_1774729123260/work/psi4/src/psi4/lib3index/dfhelper.cc on line: 970\nThe most recent 5 function calls were:\n\npsi::PsiException::PsiException(std::__cxx11::basic_string<char, std::char_traits<char>, std::allocator<char> >, char const*, int)\npsi::DFHelper::prepare_metric()\npsi::DFHelper::initialize()\n')"
pqr_0261,Nc1c(C(=O)Nc2cccc(F)c2)sc2nc(-c3cccs3)ccc12,,"RuntimeError('\nFatal Error: DFHelper:put_tensor: write error\nError occurred in file: /home/conda/feedstock_root/build_artifacts/psi4_1774729123260/work/psi4/src/psi4/lib3index/dfhelper.cc on line: 970\nThe most recent 5 function calls were:\n\npsi::PsiException::PsiException(std::__cxx11::basic_string<char, std::char_traits<char>, std::allocator<char> >, char const*, int)\npsi::DFHelper::prepare_metric()\npsi::DFHelper::initialize()\n')"
pqr_0262,NS(=O)(=O)c1cccc(-c2[nH]nc3ccc(NC(=O)Cc4ccccc4)cc23)c1,,"RuntimeError('\nFatal Error: DFHelper:put_tensor: write error\nError occurred in file: /home/conda/feedstock_root/build_artifacts/psi4_1774729123260/work/psi4/src/psi4/lib3index/dfhelper.cc on line: 970\nThe most recent 5 function calls were:\n\npsi::PsiException::PsiException(std::__cxx11::basic_string<char, std::char_traits<char>, std::allocator<char> >, char const*, int)\npsi::DFHelper::prepare_metric()\npsi::DFHelper::initialize()\n')"
pqr_0263,CCNC(=O)c1cc2c(-c3ccc(Cl)cc3Cl)nc(N)nc2s1,,"RuntimeError('\nFatal Error: DFHelper:put_tensor: write error\nError occurred in file: /home/conda/feedstock_root/build_artifacts/psi4_1774729123260/work/psi4/src/psi4/lib3index/dfhelper.cc on line: 970\nThe most recent 5 function calls were:\n\npsi::PsiException::PsiException(std::__cxx11::basic_string<char, std::char_traits<char>, std::allocator<char> >, char const*, int)\npsi::DFHelper::prepare_metric()\npsi::DFHelper::initialize()\n')"
pqr_0264,N#CC(C#N)=NNCc1ccc(Cl)cc1,,"RuntimeError('\nFatal Error: DFHelper:put_tensor: write error\nError occurred in file: /home/conda/feedstock_root/build_artifacts/psi4_1774729123260/work/psi4/src/psi4/lib3index/dfhelper.cc on line: 970\nThe most recent 5 function calls were:\n\npsi::PsiException::PsiException(std::__cxx11::basic_string<char, std::char_traits<char>, std::allocator<char> >, char const*, int)\npsi::DFHelper::prepare_metric()\npsi::DFHelper::initialize()\n')"
pqr_0265,c1ccc(-c2cc(SSc3cc(-c4ccccc4)sn3)ns2)cc1,,"RuntimeError('\nFatal Error: DFHelper:put_tensor: write error\nError occurred in file: /home/conda/feedstock_root/build_artifacts/psi4_1774729123260/work/psi4/src/psi4/lib3index/dfhelper.cc on line: 970\nThe most recent 5 function calls were:\n\npsi::PsiException::PsiException(std::__cxx11::basic_string<char, std::char_traits<char>, std::allocator<char> >, char const*, int)\npsi::DFHelper::prepare_metric()\npsi::DFHelper::initialize()\n')"
pqr_0266,O=C(O)c1cc(CCc2ccc(Cl)cc2)c[nH]1,,"RuntimeError('\nFatal Error: DFHelper:put_tensor: write error\nError occurred in file: /home/conda/feedstock_root/build_artifacts/psi4_1774729123260/work/psi4/src/psi4/lib3index/dfhelper.cc on line: 970\nThe most recent 5 function calls were:\n\npsi::PsiException::PsiException(std::__cxx11::basic_string<char, std::char_traits<char>, std::allocator<char> >, char const*, int)\npsi::DFHelper::prepare_metric()\npsi::DFHelper::initialize()\n')"
pqr_0267,O=S(=O)(c1ccccc1)C(F)S(=O)(=O)c1ccccc1,,"RuntimeError('\nFatal Error: DFHelper:put_tensor: write error\nError occurred in file: /home/conda/feedstock_root/build_artifacts/psi4_1774729123260/work/psi4/src/psi4/lib3index/dfhelper.cc on line: 970\nThe most recent 5 function calls were:\n\npsi::PsiException::PsiException(std::__cxx11::basic_string<char, std::char_traits<char>, std::allocator<char> >, char const*, int)\npsi::DFHelper::prepare_metric()\npsi::DFHelper::initialize()\n')"
pqr_0268,O=C(O)CCc1ccc(-c2ccc(Cl)cc2)o1,,"RuntimeError('\nFatal Error: DFHelper:put_tensor: write error\nError occurred in file: /home/conda/feedstock_root/build_artifacts/psi4_1774729123260/work/psi4/src/psi4/lib3index/dfhelper.cc on line: 970\nThe most recent 5 function calls were:\n\npsi::PsiException::PsiException(std::__cxx11::basic_string<char, std::char_traits<char>, std::allocator<char> >, char const*, int)\npsi::DFHelper::prepare_metric()\npsi::DFHelper::initialize()\n')"
pqr_0269,CC(C)c1ccc(-c2cc(C(=O)Cl)c3ccccc3n2)cc1,,"RuntimeError('\nFatal Error: DFHelper:put_tensor: write error\nError occurred in file: /home/conda/feedstock_root/build_artifacts/psi4_1774729123260/work/psi4/src/psi4/lib3index/dfhelper.cc on line: 970\nThe most recent 5 function calls were:\n\npsi::PsiException::PsiException(std::__cxx11::basic_string<char, std::char_traits<char>, std::allocator<char> >, char const*, int)\npsi::DFHelper::prepare_metric()\npsi::DFHelper::initialize()\n')"
pqr_0270,O=C(c1ccc(Cl)cc1)c1cc(NC(=O)c2cc(I)cc(I)c2O)ccc1Cl,,"RuntimeError('\nFatal Error: DFHelper:put_tensor: write error\nError occurred in file: /home/conda/feedstock_root/build_artifacts/psi4_1774729123260/work/psi4/src/psi4/lib3index/dfhelper.cc on line: 970\nThe most recent 5 function calls were:\n\npsi::PsiException::PsiException(std::__cxx11::basic_string<char, std::char_traits<char>, std::allocator<char> >, char const*, int)\npsi::DFHelper::prepare_metric()\npsi::DFHelper::initialize()\n')"
pqr_0271,NS(=O)(=O)c1ccc(C(=O)NCc2c(F)c(F)c(F)c(F)c2F)cc1,,"RuntimeError('\nFatal Error: DFHelper:put_tensor: write error\nError occurred in file: /home/conda/feedstock_root/build_artifacts/psi4_1774729123260/work/psi4/src/psi4/lib3index/dfhelper.cc on line: 970\nThe most recent 5 function calls were:\n\npsi::PsiException::PsiException(std::__cxx11::basic_string<char, std::char_traits<char>, std::allocator<char> >, char const*, int)\npsi::DFHelper::prepare_metric()\npsi::DFHelper::initialize()\n')"
pqr_0272,Nc1nc2ccccc2n1Cc1ccc(Cl)c(Cl)c1,,"RuntimeError('\nFatal Error: DFHelper:put_tensor: write error\nError occurred in file: /home/conda/feedstock_root/build_artifacts/psi4_1774729123260/work/psi4/src/psi4/lib3index/dfhelper.cc on line: 970\nThe most recent 5 function calls were:\n\npsi::PsiException::PsiException(std::__cxx11::basic_string<char, std::char_traits<char>, std::allocator<char> >, char const*, int)\npsi::DFHelper::prepare_metric()\npsi::DFHelper::initialize()\n')"
pqr_0273,CO[C@]1(CO)Nc2cc(Br)ccc2C1=O,,"RuntimeError('\nFatal Error: DFHelper:put_tensor: write error\nError occurred in file: /home/conda/feedstock_root/build_artifacts/psi4_1774729123260/work/psi4/src/psi4/lib3index/dfhelper.cc on line: 970\nThe most recent 5 function calls were:\n\npsi::PsiException::PsiException(std::__cxx11::basic_string<char, std::char_traits<char>, std::allocator<char> >, char const*, int)\npsi::DFHelper::prepare_metric()\npsi::DFHelper::initialize()\n')"
pqr_0274,N#Cc1ccc(C(=O)c2ccc(S[C@@H]3SC[C@@H](O)[C@H](O)[C@H]3O)cc2)cc1,,"RuntimeError('\nFatal Error: DFHelper:put_tensor: write error\nError occurred in file: /home/conda/feedstock_root/build_artifacts/psi4_1774729123260/work/psi4/src/psi4/lib3index/dfhelper.cc on line: 970\nThe most recent 5 function calls were:\n\npsi::PsiException::PsiException(std::__cxx11::basic_string<char, std::char_traits<char>, std::allocator<char> >, char const*, int)\npsi::DFHelper::prepare_metric()\npsi::DFHelper::initialize()\n')"
pqr_0275,COC(=O)c1ccccc1[C@H]1c2ccc(N)cc2Oc2c1ccc(N)c2I,,"RuntimeError('\nFatal Error: WRITE failed. Error description from the OS: No space left on device\nError in PSIO::wt_toclen()! Cannot write TOC length, unit 97.\nPSIO_ERROR: 12 (error writing to file)\n\nPractical advice: This error is probably disk related. First, check that your scratch isn’t full.\nSecond, make sure that you’re setting scratch (""psi4 -s"" or ""export PSI_SCRATCH"") rather than letting it \ndefault to /tmp. Third, run the job again to see if the error is reproducible.\nIf it persists, finally, file an issue.\n\nError occurred in file: /home/conda/feedstock_root/build_artifacts/psi4_1774729123260/work/psi4/src/psi4/libpsio/error.cc on line: 142\nThe most recent 5 function calls were:\n\npsi::PsiException::PsiException(std::__cxx11::basic_string<char, std::char_traits<char>, std::allocator<char> >, char const*, int)\npsi::PSIO::wt_toclen(unsigned long, unsigned long)\npsi::PSIO::open(unsigned long, int)\npsi::DiskDFJK::initialize_JK_disk()\n')"
pqr_0276,c1cnc2ccsc2c1,,"RuntimeError('\nFatal Error: DFHelper:put_tensor: write error\nError occurred in file: /home/conda/feedstock_root/build_artifacts/psi4_1774729123260/work/psi4/src/psi4/lib3index/dfhelper.cc on line: 970\nThe most recent 5 function calls were:\n\npsi::PsiException::PsiException(std::__cxx11::basic_string<char, std::char_traits<char>, std::allocator<char> >, char const*, int)\npsi::DFHelper::prepare_metric()\npsi::DFHelper::initialize()\n')"
pqr_0277,COc1ccc(CC(=O)c2cc(Cl)c(O)cc2O)cc1,,"RuntimeError('\nFatal Error: DFHelper:put_tensor: write error\nError occurred in file: /home/conda/feedstock_root/build_artifacts/psi4_1774729123260/work/psi4/src/psi4/lib3index/dfhelper.cc on line: 970\nThe most recent 5 function calls were:\n\npsi::PsiException::PsiException(std::__cxx11::basic_string<char, std::char_traits<char>, std::allocator<char> >, char const*, int)\npsi::DFHelper::prepare_metric()\npsi::DFHelper::initialize()\n')"
pqr_0278,CNc1nc2ccc(-c3c(C)ccc(C(=O)c4c(-c5ccccc5)n(C)n(-c5ccccc5)c4=O)c3N)cc2s1,,"RuntimeError('\nFatal Error: WRITE failed. Error description from the OS: No space left on device\nError in PSIO::wt_toclen()! Cannot write TOC length, unit 97.\nPSIO_ERROR: 12 (error writing to file)\n\nPractical advice: This error is probably disk related. First, check that your scratch isn’t full.\nSecond, make sure that you’re setting scratch (""psi4 -s"" or ""export PSI_SCRATCH"") rather than letting it \ndefault to /tmp. Third, run the job again to see if the error is reproducible.\nIf it persists, finally, file an issue.\n\nError occurred in file: /home/conda/feedstock_root/build_artifacts/psi4_1774729123260/work/psi4/src/psi4/libpsio/error.cc on line: 142\nThe most recent 5 function calls were:\n\npsi::PsiException::PsiException(std::__cxx11::basic_string<char, std::char_traits<char>, std::allocator<char> >, char const*, int)\npsi::PSIO::wt_toclen(unsigned long, unsigned long)\npsi::PSIO::open(unsigned long, int)\npsi::DiskDFJK::initialize_JK_disk()\n')"
pqr_0279,O=C[C@H](c1ccc(-c2ccc([C@@H](C=O)N(CCCl)CCCl)cc2)cc1)N(CCCl)CCCl,,"RuntimeError('\nFatal Error: WRITE failed. Error description from the OS: Disk quota exceeded\nError writing the first partial page, unit 64.\nPSIO_ERROR: 12 (error writing to file)\n\nPractical advice: This error is probably disk related. First, check that your scratch isn’t full.\nSecond, make sure that you’re setting scratch (""psi4 -s"" or ""export PSI_SCRATCH"") rather than letting it \ndefault to /tmp. Third, run the job again to see if the error is reproducible.\nIf it persists, finally, file an issue.\n\nError occurred in file: /home/conda/feedstock_root/build_artifacts/psi4_1774729123260/work/psi4/src/psi4/libpsio/error.cc on line: 142\nThe most recent 5 function calls were:\n\npsi::PsiException::PsiException(std::__cxx11::basic_string<char, std::char_traits<char>, std::allocator<char> >, char const*, int)\npsi::PSIO::rw(unsigned long, char*, psi::psio_address, unsigned long, int)\npsi::PSIO::write_entry(unsigned long, char const*, char*, unsigned long)\npsi::Matrix::save(psi::PSIO*, unsigned long, psi::Matrix::SaveType)\n')"
pqr_0280,Cc1csc(NC(=O)CSc2ccc(-c3ccccc3)nn2)n1,,"RuntimeError('\nFatal Error: DFHelper:put_tensor: write error\nError occurred in file: /home/conda/feedstock_root/build_artifacts/psi4_1774729123260/work/psi4/src/psi4/lib3index/dfhelper.cc on line: 970\nThe most recent 5 function calls were:\n\npsi::PsiException::PsiException(std::__cxx11::basic_string<char, std::char_traits<char>, std::allocator<char> >, char const*, int)\npsi::DFHelper::prepare_metric()\npsi::DFHelper::initialize()\n')"
pqr_0281,Clc1ccc2c(c1)oc1ccccc12,,"RuntimeError('\nFatal Error: DFHelper:put_tensor: write error\nError occurred in file: /home/conda/feedstock_root/build_artifacts/psi4_1774729123260/work/psi4/src/psi4/lib3index/dfhelper.cc on line: 970\nThe most recent 5 function calls were:\n\npsi::PsiException::PsiException(std::__cxx11::basic_string<char, std::char_traits<char>, std::allocator<char> >, char const*, int)\npsi::DFHelper::prepare_metric()\npsi::DFHelper::initialize()\n')"
pqr_0282,O=C1C(O)=CC=C/C1=C1\N[C@H](C(=O)N(O)CCc2cnc[nH]2)CS1,,"RuntimeError('\nFatal Error: DFHelper:put_tensor: write error\nError occurred in file: /home/conda/feedstock_root/build_artifacts/psi4_1774729123260/work/psi4/src/psi4/lib3index/dfhelper.cc on line: 970\nThe most recent 5 function calls were:\n\npsi::PsiException::PsiException(std::__cxx11::basic_string<char, std::char_traits<char>, std::allocator<char> >, char const*, int)\npsi::DFHelper::prepare_metric()\npsi::DFHelper::initialize()\n')"
pqr_0283,O=C1C=CC=C/C1=C\NNC(=S)N/N=C(\c1ccccc1)c1ccccn1,,"RuntimeError('\nFatal Error: DFHelper:put_tensor: write error\nError occurred in file: /home/conda/feedstock_root/build_artifacts/psi4_1774729123260/work/psi4/src/psi4/lib3index/dfhelper.cc on line: 970\nThe most recent 5 function calls were:\n\npsi::PsiException::PsiException(std::__cxx11::basic_string<char, std::char_traits<char>, std::allocator<char> >, char const*, int)\npsi::DFHelper::prepare_metric()\npsi::DFHelper::initialize()\n')"
pqr_0284,Nc1c(O)cc(Cc2cc(Cl)c(N)c(OS(=O)(=O)O)c2)cc1Cl,,"RuntimeError('\nFatal Error: DFHelper:put_tensor: write error\nError occurred in file: /home/conda/feedstock_root/build_artifacts/psi4_1774729123260/work/psi4/src/psi4/lib3index/dfhelper.cc on line: 970\nThe most recent 5 function calls were:\n\npsi::PsiException::PsiException(std::__cxx11::basic_string<char, std::char_traits<char>, std::allocator<char> >, char const*, int)\npsi::DFHelper::compute_metric[abi:cxx11](double)\npsi::DFHelper::return_metfile[abi:cxx11](double)\npsi::DFHelper::prepare_AO_core()\n')"
pqr_0285,Cc1nc2ccccc2n1S(=O)(=O)c1cc([N+](=O)[O-])ccc1Cl,,"RuntimeError('\nFatal Error: DFHelper:put_tensor: write error\nError occurred in file: /home/conda/feedstock_root/build_artifacts/psi4_1774729123260/work/psi4/src/psi4/lib3index/dfhelper.cc on line: 970\nThe most recent 5 function calls were:\n\npsi::PsiException::PsiException(std::__cxx11::basic_string<char, std::char_traits<char>, std::allocator<char> >, char const*, int)\npsi::DFHelper::compute_metric[abi:cxx11](double)\npsi::DFHelper::return_metfile[abi:cxx11](double)\npsi::DFHelper::prepare_AO_core()\n')"
pqr_0287,O=C1O/C(=C\Br)CC[C@@H]1c1ccccc1,,"RuntimeError('\nFatal Error: DFHelper:put_tensor: write error\nError occurred in file: /home/conda/feedstock_root/build_artifacts/psi4_1774729123260/work/psi4/src/psi4/lib3index/dfhelper.cc on line: 970\nThe most recent 5 function calls were:\n\npsi::PsiException::PsiException(std::__cxx11::basic_string<char, std::char_traits<char>, std::allocator<char> >, char const*, int)\npsi::DFHelper::prepare_metric()\npsi::DFHelper::initialize()\n')"
pqr_0288,Sc1cccc2cccc(S)c12,,"RuntimeError('\nFatal Error: DFHelper:put_tensor: write error\nError occurred in file: /home/conda/feedstock_root/build_artifacts/psi4_1774729123260/work/psi4/src/psi4/lib3index/dfhelper.cc on line: 970\nThe most recent 5 function calls were:\n\npsi::PsiException::PsiException(std::__cxx11::basic_string<char, std::char_traits<char>, std::allocator<char> >, char const*, int)\npsi::DFHelper::prepare_metric()\npsi::DFHelper::initialize()\n')"
pqr_0289,O=c1[nH]c2cc(C(F)(F)F)cc(Cl)c2[nH]c1=O,,"RuntimeError('\nFatal Error: DFHelper:put_tensor: write error\nError occurred in file: /home/conda/feedstock_root/build_artifacts/psi4_1774729123260/work/psi4/src/psi4/lib3index/dfhelper.cc on line: 970\nThe most recent 5 function calls were:\n\npsi::PsiException::PsiException(std::__cxx11::basic_string<char, std::char_traits<char>, std::allocator<char> >, char const*, int)\npsi::DFHelper::prepare_metric()\npsi::DFHelper::initialize()\n')"
pqr_0290,N=C(N)c1ccc(C[P@@](=O)(O)Oc2ccccc2)cc1,,"RuntimeError('\nFatal Error: DFHelper:put_tensor: write error\nError occurred in file: /home/conda/feedstock_root/build_artifacts/psi4_1774729123260/work/psi4/src/psi4/lib3index/dfhelper.cc on line: 970\nThe most recent 5 function calls were:\n\npsi::PsiException::PsiException(std::__cxx11::basic_string<char, std::char_traits<char>, std::allocator<char> >, char const*, int)\npsi::DFHelper::prepare_metric()\npsi::DFHelper::initialize()\n')"
pqr_0291,O=C(O)c1ccc(O)c(I)c1,,"RuntimeError('\nFatal Error: DFHelper:put_tensor: write error\nError occurred in file: /home/conda/feedstock_root/build_artifacts/psi4_1774729123260/work/psi4/src/psi4/lib3index/dfhelper.cc on line: 970\nThe most recent 5 function calls were:\n\npsi::PsiException::PsiException(std::__cxx11::basic_string<char, std::char_traits<char>, std::allocator<char> >, char const*, int)\npsi::DFHelper::prepare_metric()\npsi::DFHelper::initialize()\n')"
pqr_0292,NS(=O)(=O)c1cccc2cnccc12,,"RuntimeError('\nFatal Error: DFHelper:put_tensor: write error\nError occurred in file: /home/conda/feedstock_root/build_artifacts/psi4_1774729123260/work/psi4/src/psi4/lib3index/dfhelper.cc on line: 970\nThe most recent 5 function calls were:\n\npsi::PsiException::PsiException(std::__cxx11::basic_string<char, std::char_traits<char>, std::allocator<char> >, char const*, int)\npsi::DFHelper::prepare_metric()\npsi::DFHelper::initialize()\n')"
pqr_0293,NS(=O)(=O)c1cc2c(cc1Cl)NC=NS2(=O)=O,,"RuntimeError('\nFatal Error: DFHelper:put_tensor: write error\nError occurred in file: /home/conda/feedstock_root/build_artifacts/psi4_1774729123260/work/psi4/src/psi4/lib3index/dfhelper.cc on line: 970\nThe most recent 5 function calls were:\n\npsi::PsiException::PsiException(std::__cxx11::basic_string<char, std::char_traits<char>, std::allocator<char> >, char const*, int)\npsi::DFHelper::prepare_metric()\npsi::DFHelper::initialize()\n')"
pqr_0294,Cc1cccc(C)c1NC(=O)c1cc(S(N)(=O)=O)c(Cl)cc1O,,"RuntimeError('\nFatal Error: DFHelper:put_tensor: write error\nError occurred in file: /home/conda/feedstock_root/build_artifacts/psi4_1774729123260/work/psi4/src/psi4/lib3index/dfhelper.cc on line: 970\nThe most recent 5 function calls were:\n\npsi::PsiException::PsiException(std::__cxx11::basic_string<char, std::char_traits<char>, std::allocator<char> >, char const*, int)\npsi::DFHelper::prepare_metric()\npsi::DFHelper::initialize()\n')"
pqr_0295,N[C@@H](C(=O)O)c1cc(O)ccc1Cl,,"RuntimeError('\nFatal Error: DFHelper:put_tensor: write error\nError occurred in file: /home/conda/feedstock_root/build_artifacts/psi4_1774729123260/work/psi4/src/psi4/lib3index/dfhelper.cc on line: 970\nThe most recent 5 function calls were:\n\npsi::PsiException::PsiException(std::__cxx11::basic_string<char, std::char_traits<char>, std::allocator<char> >, char const*, int)\npsi::DFHelper::prepare_metric()\npsi::DFHelper::initialize()\n')"
pqr_0296,CCCOc1ccc(-c2csc(-c3ccccc3Cl)c2CC(=O)NC(=N)N)cc1,,"RuntimeError('\nFatal Error: WRITE failed. Error description from the OS: No space left on device\nError in PSIO::wt_toclen()! Cannot write TOC length, unit 97.\nPSIO_ERROR: 12 (error writing to file)\n\nPractical advice: This error is probably disk related. First, check that your scratch isn’t full.\nSecond, make sure that you’re setting scratch (""psi4 -s"" or ""export PSI_SCRATCH"") rather than letting it \ndefault to /tmp. Third, run the job again to see if the error is reproducible.\nIf it persists, finally, file an issue.\n\nError occurred in file: /home/conda/feedstock_root/build_artifacts/psi4_1774729123260/work/psi4/src/psi4/libpsio/error.cc on line: 142\nThe most recent 5 function calls were:\n\npsi::PsiException::PsiException(std::__cxx11::basic_string<char, std::char_traits<char>, std::allocator<char> >, char const*, int)\npsi::PSIO::wt_toclen(unsigned long, unsigned long)\npsi::PSIO::open(unsigned long, int)\npsi::DiskDFJK::initialize_JK_disk()\n')"
pqr_0297,O=C1C=CC(O)(c2cc3ccccc3n2S(=O)(=O)c2ccccc2)C=C1,,"RuntimeError('\nFatal Error: DFHelper:put_tensor: write error\nError occurred in file: /home/conda/feedstock_root/build_artifacts/psi4_1774729123260/work/psi4/src/psi4/lib3index/dfhelper.cc on line: 970\nThe most recent 5 function calls were:\n\npsi::PsiException::PsiException(std::__cxx11::basic_string<char, std::char_traits<char>, std::allocator<char> >, char const*, int)\npsi::DFHelper::prepare_metric()\npsi::DFHelper::initialize()\n')"
pqr_0298,O=c1oc2ccccc2c(O)c1[C@@H](C[C@H](O)c1ccc(-c2ccc(Br)cc2)cc1)c1ccccc1,,"RuntimeError('\nFatal Error: WRITE failed. Error description from the OS: No space left on device\nError in PSIO::wt_toclen()! Cannot write TOC length, unit 97.\nPSIO_ERROR: 12 (error writing to file)\n\nPractical advice: This error is probably disk related. First, check that your scratch isn’t full.\nSecond, make sure that you’re setting scratch (""psi4 -s"" or ""export PSI_SCRATCH"") rather than letting it \ndefault to /tmp. Third, run the job again to see if the error is reproducible.\nIf it persists, finally, file an issue.\n\nError occurred in file: /home/conda/feedstock_root/build_artifacts/psi4_1774729123260/work/psi4/src/psi4/libpsio/error.cc on line: 142\nThe most recent 5 function calls were:\n\npsi::PsiException::PsiException(std::__cxx11::basic_string<char, std::char_traits<char>, std::allocator<char> >, char const*, int)\npsi::PSIO::wt_toclen(unsigned long, unsigned long)\npsi::PSIO::open(unsigned long, int)\npsi::DiskDFJK::initialize_JK_disk()\n')"
pqr_0299,Nc1ncnc2c1ncn2Cc1ccccc1NC(=O)CBr,,"RuntimeError('\nFatal Error: DFHelper:put_tensor: write error\nError occurred in file: /home/conda/feedstock_root/build_artifacts/psi4_1774729123260/work/psi4/src/psi4/lib3index/dfhelper.cc on line: 970\nThe most recent 5 function calls were:\n\npsi::PsiException::PsiException(std::__cxx11::basic_string<char, std::char_traits<char>, std::allocator<char> >, char const*, int)\npsi::DFHelper::prepare_metric()\npsi::DFHelper::initialize()\n')"
pqr_0312,CN(C)CCCCC(=O)Nc1ccc(NC(=S)NC(=O)c2ccc(C(C)(C)C)cc2)cc1,,"RuntimeError('\nFatal Error: WRITE failed. Error description from the OS: Disk quota exceeded\nError writing the first partial page, unit 64.\nPSIO_ERROR: 12 (error writing to file)\n\nPractical advice: This error is probably disk related. First, check that your scratch isn’t full.\nSecond, make sure that you’re setting scratch (""psi4 -s"" or ""export PSI_SCRATCH"") rather than letting it \ndefault to /tmp. Third, run the job again to see if the error is reproducible.\nIf it persists, finally, file an issue.\n\nError occurred in file: /home/conda/feedstock_root/build_artifacts/psi4_1774729123260/work/psi4/src/psi4/libpsio/error.cc on line: 142\nThe most recent 5 function calls were:\n\npsi::PsiException::PsiException(std::__cxx11::basic_string<char, std::char_traits<char>, std::allocator<char> >, char const*, int)\npsi::PSIO::rw(unsigned long, char*, psi::psio_address, unsigned long, int)\npsi::PSIO::write_entry(unsigned long, char const*, char*, unsigned long)\npsi::Matrix::save(psi::PSIO*, unsigned long, psi::Matrix::SaveType)\n')"
pqr_0319,CC1(C)/C(=C/C=C/[C@@H]2N(CCCCS(O)(O)O)c3ccccc3C2(C)C)N(CCCCS(O)(O)O)c2ccccc21,,SCFConvergenceError('Could not converge SCF iterations in 150 iterations.')
pqr_0372,CC(C)CN(Cc1ccc(F)cc1)S(=O)(=O)c1ccc(NC2CCN(S(C)(=O)=O)CC2)nc1,,"RuntimeError('\nFatal Error: WRITE failed. Error description from the OS: Disk quota exceeded\nError writing the first partial page, unit 64.\nPSIO_ERROR: 12 (error writing to file)\n\nPractical advice: This error is probably disk related. First, check that your scratch isn’t full.\nSecond, make sure that you’re setting scratch (""psi4 -s"" or ""export PSI_SCRATCH"") rather than letting it \ndefault to /tmp. Third, run the job again to see if the error is reproducible.\nIf it persists, finally, file an issue.\n\nError occurred in file: /home/conda/feedstock_root/build_artifacts/psi4_1774729123260/work/psi4/src/psi4/libpsio/error.cc on line: 142\nThe most recent 5 function calls were:\n\npsi::PsiException::PsiException(std::__cxx11::basic_string<char, std::char_traits<char>, std::allocator<char> >, char const*, int)\npsi::PSIO::rw(unsigned long, char*, psi::psio_address, unsigned long, int)\npsi::PSIO::write_entry(unsigned long, char const*, char*, unsigned long)\npsi::Matrix::save(psi::PSIO*, unsigned long, psi::Matrix::SaveType)\n')"
pqr_0374,O=S(=O)(NC(=S)NC1CCCCC1)c1cnccc1NC1CCCCCC1,,"RuntimeError('\nFatal Error: WRITE failed. Error description from the OS: Disk quota exceeded\nError writing the first partial page, unit 64.\nPSIO_ERROR: 12 (error writing to file)\n\nPractical advice: This error is probably disk related. First, check that your scratch isn’t full.\nSecond, make sure that you’re setting scratch (""psi4 -s"" or ""export PSI_SCRATCH"") rather than letting it \ndefault to /tmp. Third, run the job again to see if the error is reproducible.\nIf it persists, finally, file an issue.\n\nError occurred in file: /home/conda/feedstock_root/build_artifacts/psi4_1774729123260/work/psi4/src/psi4/libpsio/error.cc on line: 142\nThe most recent 5 function calls were:\n\npsi::PsiException::PsiException(std::__cxx11::basic_string<char, std::char_traits<char>, std::allocator<char> >, char const*, int)\npsi::PSIO::rw(unsigned long, char*, psi::psio_address, unsigned long, int)\npsi::PSIO::write_entry(unsigned long, char const*, char*, unsigned long)\npsi::Matrix::save(psi::PSIO*, unsigned long, psi::Matrix::SaveType)\n')"
pqr_0378,CCCCCC/C=C\CCCCCCCCCC(=O)N[C@H]1[C@H](OC[C@H]2O[C@H](OP(=O)(O)O)[C@H](NC(=O)CC(=O)CCCCCCCCCCC)[C@@H](OCCCCCCCCCC)[C@@H]2O)O[C@H](COC)[C@@H](OP(=O)(O)O)[C@@H]1OCC[C@@H](CCCCCCC)OC,,"Exception('ADIIS minimization failed. File a bug, and include your entire input and output files.')"
pqr_0379,COc1ccc(CN2CCN(C[C@H](O[Si](C)(C)C)c3cc(Cl)c(N)c(Cl)c3)CC2)c(OC)c1OC,,"RuntimeError('\nFatal Error: WRITE failed. Error description from the OS: Disk quota exceeded\nError in PSIO::wt_toclen()! Cannot write TOC length, unit 64.\nPSIO_ERROR: 12 (error writing to file)\n\nPractical advice: This error is probably disk related. First, check that your scratch isn’t full.\nSecond, make sure that you’re setting scratch (""psi4 -s"" or ""export PSI_SCRATCH"") rather than letting it \ndefault to /tmp. Third, run the job again to see if the error is reproducible.\nIf it persists, finally, file an issue.\n\nError occurred in file: /home/conda/feedstock_root/build_artifacts/psi4_1774729123260/work/psi4/src/psi4/libpsio/error.cc on line: 142\nThe most recent 5 function calls were:\n\npsi::PsiException::PsiException(std::__cxx11::basic_string<char, std::char_traits<char>, std::allocator<char> >, char const*, int)\npsi::PSIO::wt_toclen(unsigned long, unsigned long)\npsi::PSIO::write(unsigned long, char const*, char*, unsigned long, psi::psio_address, psi::psio_address*)\npsi::PSIO::write_entry(unsigned long, char const*, char*, unsigned long)\n')"
pqr_0384,CCCNC(=O)CCNC(=O)[C@H](O)C(C)(C)CO[P@@](=O)(O)O[P@@](=O)(O)OC[C@H]1O[C@@H](n2cnc3c(N)ncnc32)[C@H](O)[C@@H]1OP(=O)(O)O,,"RuntimeError('\nFatal Error: WRITE failed. Error description from the OS: Disk quota exceeded\nError in PSIO::wt_toclen()! Cannot write TOC length, unit 64.\nPSIO_ERROR: 12 (error writing to file)\n\nPractical advice: This error is probably disk related. First, check that your scratch isn’t full.\nSecond, make sure that you’re setting scratch (""psi4 -s"" or ""export PSI_SCRATCH"") rather than letting it \ndefault to /tmp. Third, run the job again to see if the error is reproducible.\nIf it persists, finally, file an issue.\n\nError occurred in file: /home/conda/feedstock_root/build_artifacts/psi4_1774729123260/work/psi4/src/psi4/libpsio/error.cc on line: 142\nThe most recent 5 function calls were:\n\npsi::PsiException::PsiException(std::__cxx11::basic_string<char, std::char_traits<char>, std::allocator<char> >, char const*, int)\npsi::PSIO::wt_toclen(unsigned long, unsigned long)\npsi::PSIO::tocwrite(unsigned long)\n')"
pqr_0392,CC1(C)CCC[C@]2(C)[C@@H]1C[C@H](OC(=O)c1ccc(Br)cc1)[C@]13C=C[C@](COC(=O)c4ccc(Br)cc4)(CC[C@@]21O)C3,,"RuntimeError('\nFatal Error: WRITE failed. Error description from the OS: Disk quota exceeded\nError in PSIO::wt_toclen()! Cannot write TOC length, unit 64.\nPSIO_ERROR: 12 (error writing to file)\n\nPractical advice: This error is probably disk related. First, check that your scratch isn’t full.\nSecond, make sure that you’re setting scratch (""psi4 -s"" or ""export PSI_SCRATCH"") rather than letting it \ndefault to /tmp. Third, run the job again to see if the error is reproducible.\nIf it persists, finally, file an issue.\n\nError occurred in file: /home/conda/feedstock_root/build_artifacts/psi4_1774729123260/work/psi4/src/psi4/libpsio/error.cc on line: 142\nThe most recent 5 function calls were:\n\npsi::PsiException::PsiException(std::__cxx11::basic_string<char, std::char_traits<char>, std::allocator<char> >, char const*, int)\npsi::PSIO::wt_toclen(unsigned long, unsigned long)\npsi::PSIO::write(unsigned long, char const*, char*, unsigned long, psi::psio_address, psi::psio_address*)\npsi::PSIO::write_entry(unsigned long, char const*, char*, unsigned long)\n')"
pqr_0396,CCOC(=O)CC1CCN(C(=O)C(C)(C)[C@@H](CC)NC(=O)c2ccc(C(=N)N3CCSC3)cc2F)CC1,,"RuntimeError('\nFatal Error: WRITE failed. Error description from the OS: Disk quota exceeded\nError writing the first partial page, unit 97.\nPSIO_ERROR: 12 (error writing to file)\n\nPractical advice: This error is probably disk related. First, check that your scratch isn’t full.\nSecond, make sure that you’re setting scratch (""psi4 -s"" or ""export PSI_SCRATCH"") rather than letting it \ndefault to /tmp. Third, run the job again to see if the error is reproducible.\nIf it persists, finally, file an issue.\n\nError occurred in file: /home/conda/feedstock_root/build_artifacts/psi4_1774729123260/work/psi4/src/psi4/libpsio/error.cc on line: 142\nThe most recent 5 function calls were:\n\npsi::PsiException::PsiException(std::__cxx11::basic_string<char, std::char_traits<char>, std::allocator<char> >, char const*, int)\npsi::PSIO::rw(unsigned long, char*, psi::psio_address, unsigned long, int)\npsi::DiskDFJK::initialize_JK_disk()\npsi::DiskDFJK::preiterations()\n')"
pqr_0429,CCOC(=O)[C@H]1CC2(CC3(CC(COS(C)(O)O)(COS(C)(O)O)C3)C2)[C@@H]1C(=O)OCC,,SCFConvergenceError('Could not converge SCF iterations in 150 iterations.')
pqr_0433,C[C@@H]1CN([C@H]2C[C@H](O)[C@@H](CO[P@@](=O)(O)O[P@](=O)(O)O[C@H]3O[C@H](C)[C@H](/N=C/[C@H]4[C@H](COP(=O)(O)O)CN[C@@H](C)[C@@H]4O)[C@H](O)[C@H]3O)O2)C(=O)NC1=O,,"RuntimeError('\nFatal Error: WRITE failed. Error description from the OS: Disk quota exceeded\nError writing the first partial page, unit 97.\nPSIO_ERROR: 12 (error writing to file)\n\nPractical advice: This error is probably disk related. First, check that your scratch isn’t full.\nSecond, make sure that you’re setting scratch (""psi4 -s"" or ""export PSI_SCRATCH"") rather than letting it \ndefault to /tmp. Third, run the job again to see if the error is reproducible.\nIf it persists, finally, file an issue.\n\nError occurred in file: /home/conda/feedstock_root/build_artifacts/psi4_1774729123260/work/psi4/src/psi4/libpsio/error.cc on line: 142\nThe most recent 5 function calls were:\n\npsi::PsiException::PsiException(std::__cxx11::basic_string<char, std::char_traits<char>, std::allocator<char> >, char const*, int)\npsi::PSIO::rw(unsigned long, char*, psi::psio_address, unsigned long, int)\npsi::DiskDFJK::initialize_JK_disk()\npsi::DiskDFJK::preiterations()\n')"
pqr_0437,CC(=O)OC[C@H]1O[C@H](Br)[C@H](OC(C)=O)[C@@H](OC(C)=O)[C@@H]1OC(C)=O,,"RuntimeError('\nFatal Error: WRITE failed. Error description from the OS: Disk quota exceeded\nError in PSIO::wt_toclen()! Cannot write TOC length, unit 64.\nPSIO_ERROR: 12 (error writing to file)\n\nPractical advice: This error is probably disk related. First, check that your scratch isn’t full.\nSecond, make sure that you’re setting scratch (""psi4 -s"" or ""export PSI_SCRATCH"") rather than letting it \ndefault to /tmp. Third, run the job again to see if the error is reproducible.\nIf it persists, finally, file an issue.\n\nError occurred in file: /home/conda/feedstock_root/build_artifacts/psi4_1774729123260/work/psi4/src/psi4/libpsio/error.cc on line: 142\nThe most recent 5 function calls were:\n\npsi::PsiException::PsiException(std::__cxx11::basic_string<char, std::char_traits<char>, std::allocator<char> >, char const*, int)\npsi::PSIO::wt_toclen(unsigned long, unsigned long)\npsi::PSIO::write(unsigned long, char const*, char*, unsigned long, psi::psio_address, psi::psio_address*)\npsi::PSIO::write_entry(unsigned long, char const*, char*, unsigned long)\n')"
pqr_0457,CC(C)CCCS[C@H]1CC1(C)C,,"RuntimeError('\nFatal Error: WRITE failed. Error description from the OS: Disk quota exceeded\nError in PSIO::wt_toclen()! Cannot write TOC length, unit 64.\nPSIO_ERROR: 12 (error writing to file)\n\nPractical advice: This error is probably disk related. First, check that your scratch isn’t full.\nSecond, make sure that you’re setting scratch (""psi4 -s"" or ""export PSI_SCRATCH"") rather than letting it \ndefault to /tmp. Third, run the job again to see if the error is reproducible.\nIf it persists, finally, file an issue.\n\nError occurred in file: /home/conda/feedstock_root/build_artifacts/psi4_1774729123260/work/psi4/src/psi4/libpsio/error.cc on line: 142\nThe most recent 5 function calls were:\n\npsi::PsiException::PsiException(std::__cxx11::basic_string<char, std::char_traits<char>, std::allocator<char> >, char const*, int)\npsi::PSIO::wt_toclen(unsigned long, unsigned long)\npsi::PSIO::write(unsigned long, char const*, char*, unsigned long, psi::psio_address, psi::psio_address*)\npsi::PSIO::write_entry(unsigned long, char const*, char*, unsigned long)\n')"
pqr_0478,O=P(CC(Cl)(Cl)Cl)(CC(Cl)(Cl)Cl)[C@@H](O)CCO,,"RuntimeError('\nFatal Error: WRITE failed. Error description from the OS: Disk quota exceeded\nError writing the first partial page, unit 64.\nPSIO_ERROR: 12 (error writing to file)\n\nPractical advice: This error is probably disk related. First, check that your scratch isn’t full.\nSecond, make sure that you’re setting scratch (""psi4 -s"" or ""export PSI_SCRATCH"") rather than letting it \ndefault to /tmp. Third, run the job again to see if the error is reproducible.\nIf it persists, finally, file an issue.\n\nError occurred in file: /home/conda/feedstock_root/build_artifacts/psi4_1774729123260/work/psi4/src/psi4/libpsio/error.cc on line: 142\nThe most recent 5 function calls were:\n\npsi::PsiException::PsiException(std::__cxx11::basic_string<char, std::char_traits<char>, std::allocator<char> >, char const*, int)\npsi::PSIO::rw(unsigned long, char*, psi::psio_address, unsigned long, int)\npsi::PSIO::write_entry(unsigned long, char const*, char*, unsigned long)\npsi::Matrix::save(psi::PSIO*, unsigned long, psi::Matrix::SaveType)\n')"
pqr_0483,CC(C)CCC[C@](C)(O[P@@](=O)(O)OP(=O)(O)O)[C@H](C)F,,"RuntimeError('\nFatal Error: WRITE failed. Error description from the OS: Disk quota exceeded\nError in PSIO::wt_toclen()! Cannot write TOC length, unit 64.\nPSIO_ERROR: 12 (error writing to file)\n\nPractical advice: This error is probably disk related. First, check that your scratch isn’t full.\nSecond, make sure that you’re setting scratch (""psi4 -s"" or ""export PSI_SCRATCH"") rather than letting it \ndefault to /tmp. Third, run the job again to see if the error is reproducible.\nIf it persists, finally, file an issue.\n\nError occurred in file: /home/conda/feedstock_root/build_artifacts/psi4_1774729123260/work/psi4/src/psi4/libpsio/error.cc on line: 142\nThe most recent 5 function calls were:\n\npsi::PsiException::PsiException(std::__cxx11::basic_string<char, std::char_traits<char>, std::allocator<char> >, char const*, int)\npsi::PSIO::wt_toclen(unsigned long, unsigned long)\npsi::PSIO::write(unsigned long, char const*, char*, unsigned long, psi::psio_address, psi::psio_address*)\npsi::PSIO::write_entry(unsigned long, char const*, char*, unsigned long)\n')"
pqr_0500,CC(C)=CCc1c(O)cc(O)cc1-c1cc2ccc(O)cc2o1,,"RuntimeError('\nFatal Error: WRITE failed. Error description from the OS: Disk quota exceeded\nError writing the first partial page, unit 64.\nPSIO_ERROR: 12 (error writing to file)\n\nPractical advice: This error is probably disk related. First, check that your scratch isn’t full.\nSecond, make sure that you’re setting scratch (""psi4 -s"" or ""export PSI_SCRATCH"") rather than letting it \ndefault to /tmp. Third, run the job again to see if the error is reproducible.\nIf it persists, finally, file an issue.\n\nError occurred in file: /home/conda/feedstock_root/build_artifacts/psi4_1774729123260/work/psi4/src/psi4/libpsio/error.cc on line: 142\nThe most recent 5 function calls were:\n\npsi::PsiException::PsiException(std::__cxx11::basic_string<char, std::char_traits<char>, std::allocator<char> >, char const*, int)\npsi::PSIO::rw(unsigned long, char*, psi::psio_address, unsigned long, int)\npsi::PSIO::write_entry(unsigned long, char const*, char*, unsigned long)\npsi::Matrix::save(psi::PSIO*, unsigned long, psi::Matrix::SaveType)\n')"
pqr_0503,CC1(C)OC2=C(C(=O)c3cc(O)cc(O)c3C2=O)c2cc(CO)c(O)cc21,,"RuntimeError('\nFatal Error: WRITE failed. Error description from the OS: Disk quota exceeded\nError writing the first partial page, unit 64.\nPSIO_ERROR: 12 (error writing to file)\n\nPractical advice: This error is probably disk related. First, check that your scratch isn’t full.\nSecond, make sure that you’re setting scratch (""psi4 -s"" or ""export PSI_SCRATCH"") rather than letting it \ndefault to /tmp. Third, run the job again to see if the error is reproducible.\nIf it persists, finally, file an issue.\n\nError occurred in file: /home/conda/feedstock_root/build_artifacts/psi4_1774729123260/work/psi4/src/psi4/libpsio/error.cc on line: 142\nThe most recent 5 function calls were:\n\npsi::PsiException::PsiException(std::__cxx11::basic_string<char, std::char_traits<char>, std::allocator<char> >, char const*, int)\npsi::PSIO::rw(unsigned long, char*, psi::psio_address, unsigned long, int)\npsi::PSIO::write_entry(unsigned long, char const*, char*, unsigned long)\npsi::Matrix::save(psi::PSIO*, unsigned long, psi::Matrix::SaveType)\n')"
pqr_0505,CCN(C)C(=O)c1ccc2c(c1)NC(=O)/C2=C(\Nc1ccc(CN2CCCCC2)cc1)c1ccccc1,,"RuntimeError('\nFatal Error: WRITE failed. Error description from the OS: Disk quota exceeded\nError writing the first partial page, unit 97.\nPSIO_ERROR: 12 (error writing to file)\n\nPractical advice: This error is probably disk related. First, check that your scratch isn’t full.\nSecond, make sure that you’re setting scratch (""psi4 -s"" or ""export PSI_SCRATCH"") rather than letting it \ndefault to /tmp. Third, run the job again to see if the error is reproducible.\nIf it persists, finally, file an issue.\n\nError occurred in file: /home/conda/feedstock_root/build_artifacts/psi4_1774729123260/work/psi4/src/psi4/libpsio/error.cc on line: 142\nThe most recent 5 function calls were:\n\npsi::PsiException::PsiException(std::__cxx11::basic_string<char, std::char_traits<char>, std::allocator<char> >, char const*, int)\npsi::PSIO::rw(unsigned long, char*, psi::psio_address, unsigned long, int)\npsi::DiskDFJK::initialize_JK_disk()\npsi::DiskDFJK::preiterations()\n')"
pqr_0507,O=C(/C=C/c1ccc(O)c(O)c1)NCCc1ccc(O)cc1,,"RuntimeError('\nFatal Error: DFHelper:put_tensor: write error\nError occurred in file: /home/conda/feedstock_root/build_artifacts/psi4_1774729123260/work/psi4/src/psi4/lib3index/dfhelper.cc on line: 970\nThe most recent 5 function calls were:\n\npsi::PsiException::PsiException(std::__cxx11::basic_string<char, std::char_traits<char>, std::allocator<char> >, char const*, int)\npsi::DFHelper::prepare_metric()\npsi::DFHelper::initialize()\n')"
pqr_0509,C#C[C@@H]1C(=O)C=C[C@]23C[C@]24C#CC(=C)[C@]2(C#C/C(C)=C\4C=C[C@H]13)C[C@]21C[C@@H]1CC#COO,,"RuntimeError('\nFatal Error: WRITE failed. Error description from the OS: No space left on device\nError in PSIO::wt_toclen()! Cannot write TOC length, unit 97.\nPSIO_ERROR: 12 (error writing to file)\n\nPractical advice: This error is probably disk related. First, check that your scratch isn’t full.\nSecond, make sure that you’re setting scratch (""psi4 -s"" or ""export PSI_SCRATCH"") rather than letting it \ndefault to /tmp. Third, run the job again to see if the error is reproducible.\nIf it persists, finally, file an issue.\n\nError occurred in file: /home/conda/feedstock_root/build_artifacts/psi4_1774729123260/work/psi4/src/psi4/libpsio/error.cc on line: 142\nThe most recent 5 function calls were:\n\npsi::PsiException::PsiException(std::__cxx11::basic_string<char, std::char_traits<char>, std::allocator<char> >, char const*, int)\npsi::PSIO::wt_toclen(unsigned long, unsigned long)\npsi::PSIO::open(unsigned long, int)\npsi::DiskDFJK::initialize_JK_disk()\n')"
pqr_0511,CCOC(=O)c1ncn2c1CN=C(c1cccc([N+](=O)[O-])c1)c1cc(F)ccc1-2,,"RuntimeError('\nFatal Error: WRITE failed. Error description from the OS: No space left on device\nError in PSIO::wt_toclen()! Cannot write TOC length, unit 97.\nPSIO_ERROR: 12 (error writing to file)\n\nPractical advice: This error is probably disk related. First, check that your scratch isn’t full.\nSecond, make sure that you’re setting scratch (""psi4 -s"" or ""export PSI_SCRATCH"") rather than letting it \ndefault to /tmp. Third, run the job again to see if the error is reproducible.\nIf it persists, finally, file an issue.\n\nError occurred in file: /home/conda/feedstock_root/build_artifacts/psi4_1774729123260/work/psi4/src/psi4/libpsio/error.cc on line: 142\nThe most recent 5 function calls were:\n\npsi::PsiException::PsiException(std::__cxx11::basic_string<char, std::char_traits<char>, std::allocator<char> >, char const*, int)\npsi::PSIO::wt_toclen(unsigned long, unsigned long)\npsi::PSIO::open(unsigned long, int)\npsi::DiskDFJK::initialize_JK_disk()\n')"
pqr_0515,CC(=O)Oc1ccccc1C(=O)Oc1ccccc1C(=O)O,,"RuntimeError('\nFatal Error: WRITE failed. Error description from the OS: Disk quota exceeded\nError in PSIO::wt_toclen()! Cannot write TOC length, unit 64.\nPSIO_ERROR: 12 (error writing to file)\n\nPractical advice: This error is probably disk related. First, check that your scratch isn’t full.\nSecond, make sure that you’re setting scratch (""psi4 -s"" or ""export PSI_SCRATCH"") rather than letting it \ndefault to /tmp. Third, run the job again to see if the error is reproducible.\nIf it persists, finally, file an issue.\n\nError occurred in file: /home/conda/feedstock_root/build_artifacts/psi4_1774729123260/work/psi4/src/psi4/libpsio/error.cc on line: 142\nThe most recent 5 function calls were:\n\npsi::PsiException::PsiException(std::__cxx11::basic_string<char, std::char_traits<char>, std::allocator<char> >, char const*, int)\npsi::PSIO::wt_toclen(unsigned long, unsigned long)\npsi::PSIO::write(unsigned long, char const*, char*, unsigned long, psi::psio_address, psi::psio_address*)\npsi::PSIO::write_entry(unsigned long, char const*, char*, unsigned long)\n')"
pqr_0516,CN(C)CCC(=O)Nc1cccc(-c2c(-c3ccccc3)oc3ncnc(N[C@H](CO)c4ccccc4)c23)c1,,"RuntimeError('\nFatal Error: WRITE failed. Error description from the OS: Disk quota exceeded\nError writing the first partial page, unit 97.\nPSIO_ERROR: 12 (error writing to file)\n\nPractical advice: This error is probably disk related. First, check that your scratch isn’t full.\nSecond, make sure that you’re setting scratch (""psi4 -s"" or ""export PSI_SCRATCH"") rather than letting it \ndefault to /tmp. Third, run the job again to see if the error is reproducible.\nIf it persists, finally, file an issue.\n\nError occurred in file: /home/conda/feedstock_root/build_artifacts/psi4_1774729123260/work/psi4/src/psi4/libpsio/error.cc on line: 142\nThe most recent 5 function calls were:\n\npsi::PsiException::PsiException(std::__cxx11::basic_string<char, std::char_traits<char>, std::allocator<char> >, char const*, int)\npsi::PSIO::rw(unsigned long, char*, psi::psio_address, unsigned long, int)\npsi::DiskDFJK::initialize_JK_disk()\npsi::DiskDFJK::preiterations()\n')"
pqr_0540,C[C@H]1[C@@H]2C(=O)c3ccc(O)cc3[C@@]1(C)CCN2CC1CC1,,"RuntimeError('\nFatal Error: WRITE failed. Error description from the OS: Disk quota exceeded\nError in PSIO::wt_toclen()! Cannot write TOC length, unit 64.\nPSIO_ERROR: 12 (error writing to file)\n\nPractical advice: This error is probably disk related. First, check that your scratch isn’t full.\nSecond, make sure that you’re setting scratch (""psi4 -s"" or ""export PSI_SCRATCH"") rather than letting it \ndefault to /tmp. Third, run the job again to see if the error is reproducible.\nIf it persists, finally, file an issue.\n\nError occurred in file: /home/conda/feedstock_root/build_artifacts/psi4_1774729123260/work/psi4/src/psi4/libpsio/error.cc on line: 142\nThe most recent 5 function calls were:\n\npsi::PsiException::PsiException(std::__cxx11::basic_string<char, std::char_traits<char>, std::allocator<char> >, char const*, int)\npsi::PSIO::wt_toclen(unsigned long, unsigned long)\npsi::PSIO::write(unsigned long, char const*, char*, unsigned long, psi::psio_address, psi::psio_address*)\npsi::PSIO::write_entry(unsigned long, char const*, char*, unsigned long)\n')"
pqr_0542,C[C@@H](c1ccc2ncccc2c1)c1nnc2ccc(-c3cnn(C)c3)nn12,,"RuntimeError('\nFatal Error: WRITE failed. Error description from the OS: Disk quota exceeded\nError in PSIO::wt_toclen()! Cannot write TOC length, unit 64.\nPSIO_ERROR: 12 (error writing to file)\n\nPractical advice: This error is probably disk related. First, check that your scratch isn’t full.\nSecond, make sure that you’re setting scratch (""psi4 -s"" or ""export PSI_SCRATCH"") rather than letting it \ndefault to /tmp. Third, run the job again to see if the error is reproducible.\nIf it persists, finally, file an issue.\n\nError occurred in file: /home/conda/feedstock_root/build_artifacts/psi4_1774729123260/work/psi4/src/psi4/libpsio/error.cc on line: 142\nThe most recent 5 function calls were:\n\npsi::PsiException::PsiException(std::__cxx11::basic_string<char, std::char_traits<char>, std::allocator<char> >, char const*, int)\npsi::PSIO::wt_toclen(unsigned long, unsigned long)\npsi::PSIO::write(unsigned long, char const*, char*, unsigned long, psi::psio_address, psi::psio_address*)\npsi::PSIO::write_entry(unsigned long, char const*, char*, unsigned long)\n')"
pqr_0544,OC[C@H](O)CNc1ncnc2[nH]c(-c3ccccc3)c(-c3ccccc3)c12,,"RuntimeError('\nFatal Error: WRITE failed. Error description from the OS: Disk quota exceeded\nError in PSIO::wt_toclen()! Cannot write TOC length, unit 64.\nPSIO_ERROR: 12 (error writing to file)\n\nPractical advice: This error is probably disk related. First, check that your scratch isn’t full.\nSecond, make sure that you’re setting scratch (""psi4 -s"" or ""export PSI_SCRATCH"") rather than letting it \ndefault to /tmp. Third, run the job again to see if the error is reproducible.\nIf it persists, finally, file an issue.\n\nError occurred in file: /home/conda/feedstock_root/build_artifacts/psi4_1774729123260/work/psi4/src/psi4/libpsio/error.cc on line: 142\nThe most recent 5 function calls were:\n\npsi::PsiException::PsiException(std::__cxx11::basic_string<char, std::char_traits<char>, std::allocator<char> >, char const*, int)\npsi::PSIO::wt_toclen(unsigned long, unsigned long)\npsi::PSIO::tocwrite(unsigned long)\n')"
pqr_0545,CC1=CC(=C(C#N)C#N)C=C(/C=C/c2ccc(N(C)C)cc2)O1,,"RuntimeError('\nFatal Error: WRITE failed. Error description from the OS: Disk quota exceeded\nError in PSIO::wt_toclen()! Cannot write TOC length, unit 64.\nPSIO_ERROR: 12 (error writing to file)\n\nPractical advice: This error is probably disk related. First, check that your scratch isn’t full.\nSecond, make sure that you’re setting scratch (""psi4 -s"" or ""export PSI_SCRATCH"") rather than letting it \ndefault to /tmp. Third, run the job again to see if the error is reproducible.\nIf it persists, finally, file an issue.\n\nError occurred in file: /home/conda/feedstock_root/build_artifacts/psi4_1774729123260/work/psi4/src/psi4/libpsio/error.cc on line: 142\nThe most recent 5 function calls were:\n\npsi::PsiException::PsiException(std::__cxx11::basic_string<char, std::char_traits<char>, std::allocator<char> >, char const*, int)\npsi::PSIO::wt_toclen(unsigned long, unsigned long)\npsi::PSIO::write(unsigned long, char const*, char*, unsigned long, psi::psio_address, psi::psio_address*)\npsi::PSIO::write_entry(unsigned long, char const*, char*, unsigned long)\n')"
pqr_0547,NCc1nnc2ccccc2c1/N=C/C=C(c1ccccc1)c1ccccc1,,"RuntimeError('\nFatal Error: WRITE failed. Error description from the OS: Disk quota exceeded\nError in PSIO::wt_toclen()! Cannot write TOC length, unit 64.\nPSIO_ERROR: 12 (error writing to file)\n\nPractical advice: This error is probably disk related. First, check that your scratch isn’t full.\nSecond, make sure that you’re setting scratch (""psi4 -s"" or ""export PSI_SCRATCH"") rather than letting it \ndefault to /tmp. Third, run the job again to see if the error is reproducible.\nIf it persists, finally, file an issue.\n\nError occurred in file: /home/conda/feedstock_root/build_artifacts/psi4_1774729123260/work/psi4/src/psi4/libpsio/error.cc on line: 142\nThe most recent 5 function calls were:\n\npsi::PsiException::PsiException(std::__cxx11::basic_string<char, std::char_traits<char>, std::allocator<char> >, char const*, int)\npsi::PSIO::wt_toclen(unsigned long, unsigned long)\npsi::PSIO::tocwrite(unsigned long)\n')"
pqr_0550,COc1ccc(CC2=NCCc3cc(OC)c(OC)cc32)cc1OC,,"RuntimeError('\nFatal Error: WRITE failed. Error description from the OS: Disk quota exceeded\nError in PSIO::wt_toclen()! Cannot write TOC length, unit 64.\nPSIO_ERROR: 12 (error writing to file)\n\nPractical advice: This error is probably disk related. First, check that your scratch isn’t full.\nSecond, make sure that you’re setting scratch (""psi4 -s"" or ""export PSI_SCRATCH"") rather than letting it \ndefault to /tmp. Third, run the job again to see if the error is reproducible.\nIf it persists, finally, file an issue.\n\nError occurred in file: /home/conda/feedstock_root/build_artifacts/psi4_1774729123260/work/psi4/src/psi4/libpsio/error.cc on line: 142\nThe most recent 5 function calls were:\n\npsi::PsiException::PsiException(std::__cxx11::basic_string<char, std::char_traits<char>, std::allocator<char> >, char const*, int)\npsi::PSIO::wt_toclen(unsigned long, unsigned long)\npsi::PSIO::write(unsigned long, char const*, char*, unsigned long, psi::psio_address, psi::psio_address*)\npsi::PSIO::write_entry(unsigned long, char const*, char*, unsigned long)\n')"
pqr_0554,Cn1nnnc1C(/C=C/[C@H]1C[C@H](O)CC(=O)O1)=C(c1ccc(F)cc1)c1ccc(F)cc1,,"RuntimeError('\nFatal Error: WRITE failed. Error description from the OS: Disk quota exceeded\nError writing the first partial page, unit 97.\nPSIO_ERROR: 12 (error writing to file)\n\nPractical advice: This error is probably disk related. First, check that your scratch isn’t full.\nSecond, make sure that you’re setting scratch (""psi4 -s"" or ""export PSI_SCRATCH"") rather than letting it \ndefault to /tmp. Third, run the job again to see if the error is reproducible.\nIf it persists, finally, file an issue.\n\nError occurred in file: /home/conda/feedstock_root/build_artifacts/psi4_1774729123260/work/psi4/src/psi4/libpsio/error.cc on line: 142\nThe most recent 5 function calls were:\n\npsi::PsiException::PsiException(std::__cxx11::basic_string<char, std::char_traits<char>, std::allocator<char> >, char const*, int)\npsi::PSIO::rw(unsigned long, char*, psi::psio_address, unsigned long, int)\npsi::DiskDFJK::initialize_JK_disk()\npsi::DiskDFJK::preiterations()\n')"
pqr_0568,C[C@H](NCc1ccc(OCc2ccccc2F)cc1)C(N)=O,,"RuntimeError('\nFatal Error: WRITE failed. Error description from the OS: Disk quota exceeded\nError in PSIO::wt_toclen()! Cannot write TOC length, unit 64.\nPSIO_ERROR: 12 (error writing to file)\n\nPractical advice: This error is probably disk related. First, check that your scratch isn’t full.\nSecond, make sure that you’re setting scratch (""psi4 -s"" or ""export PSI_SCRATCH"") rather than letting it \ndefault to /tmp. Third, run the job again to see if the error is reproducible.\nIf it persists, finally, file an issue.\n\nError occurred in file: /home/conda/feedstock_root/build_artifacts/psi4_1774729123260/work/psi4/src/psi4/libpsio/error.cc on line: 142\nThe most recent 5 function calls were:\n\npsi::PsiException::PsiException(std::__cxx11::basic_string<char, std::char_traits<char>, std::allocator<char> >, char const*, int)\npsi::PSIO::wt_toclen(unsigned long, unsigned long)\npsi::PSIO::write(unsigned long, char const*, char*, unsigned long, psi::psio_address, psi::psio_address*)\npsi::PSIO::write_entry(unsigned long, char const*, char*, unsigned long)\n')"
pqr_0612,COc1cc2c(cc1O)C[C@@H]1NCCc3cc4c(c-2c31)OCO4,,"RuntimeError('\nFatal Error: WRITE failed. Error description from the OS: Disk quota exceeded\nError in PSIO::wt_toclen()! Cannot write TOC length, unit 64.\nPSIO_ERROR: 12 (error writing to file)\n\nPractical advice: This error is probably disk related. First, check that your scratch isn’t full.\nSecond, make sure that you’re setting scratch (""psi4 -s"" or ""export PSI_SCRATCH"") rather than letting it \ndefault to /tmp. Third, run the job again to see if the error is reproducible.\nIf it persists, finally, file an issue.\n\nError occurred in file: /home/conda/feedstock_root/build_artifacts/psi4_1774729123260/work/psi4/src/psi4/libpsio/error.cc on line: 142\nThe most recent 5 function calls were:\n\npsi::PsiException::PsiException(std::__cxx11::basic_string<char, std::char_traits<char>, std::allocator<char> >, char const*, int)\npsi::PSIO::wt_toclen(unsigned long, unsigned long)\npsi::PSIO::write(unsigned long, char const*, char*, unsigned long, psi::psio_address, psi::psio_address*)\npsi::PSIO::write_entry(unsigned long, char const*, char*, unsigned long)\n')"
pqr_0613,C[C@@H]1N[C@H](CNC(=O)c2cc3ccccc3o2)[C@@H](O)[C@H](O)[C@@H]1O,,"RuntimeError('\nFatal Error: WRITE failed. Error description from the OS: Disk quota exceeded\nError in PSIO::wt_toclen()! Cannot write TOC length, unit 64.\nPSIO_ERROR: 12 (error writing to file)\n\nPractical advice: This error is probably disk related. First, check that your scratch isn’t full.\nSecond, make sure that you’re setting scratch (""psi4 -s"" or ""export PSI_SCRATCH"") rather than letting it \ndefault to /tmp. Third, run the job again to see if the error is reproducible.\nIf it persists, finally, file an issue.\n\nError occurred in file: /home/conda/feedstock_root/build_artifacts/psi4_1774729123260/work/psi4/src/psi4/libpsio/error.cc on line: 142\nThe most recent 5 function calls were:\n\npsi::PsiException::PsiException(std::__cxx11::basic_string<char, std::char_traits<char>, std::allocator<char> >, char const*, int)\npsi::PSIO::wt_toclen(unsigned long, unsigned long)\npsi::PSIO::write(unsigned long, char const*, char*, unsigned long, psi::psio_address, psi::psio_address*)\npsi::PSIO::write_entry(unsigned long, char const*, char*, unsigned long)\n')"
