id,domain,reason,failure_mode
pqr_0098,charged_or_radical,manually_marked_failed_after_repeated_missing_or_scf_issue,manually_marked_failed
pqr_0279,heteroatom_rich_non_qm9,"RuntimeError('\nFatal Error: WRITE failed. Error description from the OS: Disk quota exceeded\nError writing the first partial page, unit 64.\nPSIO_ERROR: 12 (error writing to file)\n\nPractical advice: This error is probably disk related. First, check that your scratch isn’t full.\nSecond, make sure that you’re setting scratch (""psi4 -s"" or ""export PSI_SCRATCH"") rather than letting it \ndefault to /tmp. Third, run the job again to see if the error is reproducible.\nIf it persists, finally, file an issue.\n\nError occurred in file: /home/conda/feedstock_root/build_artifacts/psi4_1774729123260/work/psi4/src/psi4/libpsio/error.cc on line: 142\nThe most recent 5 function calls were:\n\npsi::PsiException::PsiException(std::__cxx11::basic_string<char, std::char_traits<char>, std::allocator<char> >, char const*, int)\npsi::PSIO::rw(unsigned long, char*, psi::psio_address, unsigned long, int)\npsi::PSIO::write_entry(unsigned long, char const*, char*, unsigned long)\npsi::Matrix::save(psi::PSIO*, unsigned long, psi::Matrix::SaveType)\n')",disk_or_scratch_exhausted
pqr_0312,heteroatom_rich_non_qm9,"RuntimeError('\nFatal Error: WRITE failed. Error description from the OS: Disk quota exceeded\nError writing the first partial page, unit 64.\nPSIO_ERROR: 12 (error writing to file)\n\nPractical advice: This error is probably disk related. First, check that your scratch isn’t full.\nSecond, make sure that you’re setting scratch (""psi4 -s"" or ""export PSI_SCRATCH"") rather than letting it \ndefault to /tmp. Third, run the job again to see if the error is reproducible.\nIf it persists, finally, file an issue.\n\nError occurred in file: /home/conda/feedstock_root/build_artifacts/psi4_1774729123260/work/psi4/src/psi4/libpsio/error.cc on line: 142\nThe most recent 5 function calls were:\n\npsi::PsiException::PsiException(std::__cxx11::basic_string<char, std::char_traits<char>, std::allocator<char> >, char const*, int)\npsi::PSIO::rw(unsigned long, char*, psi::psio_address, unsigned long, int)\npsi::PSIO::write_entry(unsigned long, char const*, char*, unsigned long)\npsi::Matrix::save(psi::PSIO*, unsigned long, psi::Matrix::SaveType)\n')",disk_or_scratch_exhausted
pqr_0319,heteroatom_rich_non_qm9,SCFConvergenceError('Could not converge SCF iterations in 150 iterations.'),other
pqr_0372,heteroatom_rich_non_qm9,"RuntimeError('\nFatal Error: WRITE failed. Error description from the OS: Disk quota exceeded\nError writing the first partial page, unit 64.\nPSIO_ERROR: 12 (error writing to file)\n\nPractical advice: This error is probably disk related. First, check that your scratch isn’t full.\nSecond, make sure that you’re setting scratch (""psi4 -s"" or ""export PSI_SCRATCH"") rather than letting it \ndefault to /tmp. Third, run the job again to see if the error is reproducible.\nIf it persists, finally, file an issue.\n\nError occurred in file: /home/conda/feedstock_root/build_artifacts/psi4_1774729123260/work/psi4/src/psi4/libpsio/error.cc on line: 142\nThe most recent 5 function calls were:\n\npsi::PsiException::PsiException(std::__cxx11::basic_string<char, std::char_traits<char>, std::allocator<char> >, char const*, int)\npsi::PSIO::rw(unsigned long, char*, psi::psio_address, unsigned long, int)\npsi::PSIO::write_entry(unsigned long, char const*, char*, unsigned long)\npsi::Matrix::save(psi::PSIO*, unsigned long, psi::Matrix::SaveType)\n')",disk_or_scratch_exhausted
pqr_0374,heteroatom_rich_non_qm9,"RuntimeError('\nFatal Error: WRITE failed. Error description from the OS: Disk quota exceeded\nError writing the first partial page, unit 64.\nPSIO_ERROR: 12 (error writing to file)\n\nPractical advice: This error is probably disk related. First, check that your scratch isn’t full.\nSecond, make sure that you’re setting scratch (""psi4 -s"" or ""export PSI_SCRATCH"") rather than letting it \ndefault to /tmp. Third, run the job again to see if the error is reproducible.\nIf it persists, finally, file an issue.\n\nError occurred in file: /home/conda/feedstock_root/build_artifacts/psi4_1774729123260/work/psi4/src/psi4/libpsio/error.cc on line: 142\nThe most recent 5 function calls were:\n\npsi::PsiException::PsiException(std::__cxx11::basic_string<char, std::char_traits<char>, std::allocator<char> >, char const*, int)\npsi::PSIO::rw(unsigned long, char*, psi::psio_address, unsigned long, int)\npsi::PSIO::write_entry(unsigned long, char const*, char*, unsigned long)\npsi::Matrix::save(psi::PSIO*, unsigned long, psi::Matrix::SaveType)\n')",disk_or_scratch_exhausted
pqr_0378,heteroatom_rich_non_qm9,"Exception('ADIIS minimization failed. File a bug, and include your entire input and output files.')",other
pqr_0379,heteroatom_rich_non_qm9,"RuntimeError('\nFatal Error: WRITE failed. Error description from the OS: Disk quota exceeded\nError in PSIO::wt_toclen()! Cannot write TOC length, unit 64.\nPSIO_ERROR: 12 (error writing to file)\n\nPractical advice: This error is probably disk related. First, check that your scratch isn’t full.\nSecond, make sure that you’re setting scratch (""psi4 -s"" or ""export PSI_SCRATCH"") rather than letting it \ndefault to /tmp. Third, run the job again to see if the error is reproducible.\nIf it persists, finally, file an issue.\n\nError occurred in file: /home/conda/feedstock_root/build_artifacts/psi4_1774729123260/work/psi4/src/psi4/libpsio/error.cc on line: 142\nThe most recent 5 function calls were:\n\npsi::PsiException::PsiException(std::__cxx11::basic_string<char, std::char_traits<char>, std::allocator<char> >, char const*, int)\npsi::PSIO::wt_toclen(unsigned long, unsigned long)\npsi::PSIO::write(unsigned long, char const*, char*, unsigned long, psi::psio_address, psi::psio_address*)\npsi::PSIO::write_entry(unsigned long, char const*, char*, unsigned long)\n')",disk_or_scratch_exhausted
pqr_0384,heteroatom_rich_non_qm9,"RuntimeError('\nFatal Error: WRITE failed. Error description from the OS: Disk quota exceeded\nError in PSIO::wt_toclen()! Cannot write TOC length, unit 64.\nPSIO_ERROR: 12 (error writing to file)\n\nPractical advice: This error is probably disk related. First, check that your scratch isn’t full.\nSecond, make sure that you’re setting scratch (""psi4 -s"" or ""export PSI_SCRATCH"") rather than letting it \ndefault to /tmp. Third, run the job again to see if the error is reproducible.\nIf it persists, finally, file an issue.\n\nError occurred in file: /home/conda/feedstock_root/build_artifacts/psi4_1774729123260/work/psi4/src/psi4/libpsio/error.cc on line: 142\nThe most recent 5 function calls were:\n\npsi::PsiException::PsiException(std::__cxx11::basic_string<char, std::char_traits<char>, std::allocator<char> >, char const*, int)\npsi::PSIO::wt_toclen(unsigned long, unsigned long)\npsi::PSIO::tocwrite(unsigned long)\n')",disk_or_scratch_exhausted
pqr_0392,heteroatom_rich_non_qm9,"RuntimeError('\nFatal Error: WRITE failed. Error description from the OS: Disk quota exceeded\nError in PSIO::wt_toclen()! Cannot write TOC length, unit 64.\nPSIO_ERROR: 12 (error writing to file)\n\nPractical advice: This error is probably disk related. First, check that your scratch isn’t full.\nSecond, make sure that you’re setting scratch (""psi4 -s"" or ""export PSI_SCRATCH"") rather than letting it \ndefault to /tmp. Third, run the job again to see if the error is reproducible.\nIf it persists, finally, file an issue.\n\nError occurred in file: /home/conda/feedstock_root/build_artifacts/psi4_1774729123260/work/psi4/src/psi4/libpsio/error.cc on line: 142\nThe most recent 5 function calls were:\n\npsi::PsiException::PsiException(std::__cxx11::basic_string<char, std::char_traits<char>, std::allocator<char> >, char const*, int)\npsi::PSIO::wt_toclen(unsigned long, unsigned long)\npsi::PSIO::write(unsigned long, char const*, char*, unsigned long, psi::psio_address, psi::psio_address*)\npsi::PSIO::write_entry(unsigned long, char const*, char*, unsigned long)\n')",disk_or_scratch_exhausted
pqr_0396,heteroatom_rich_non_qm9,"RuntimeError('\nFatal Error: WRITE failed. Error description from the OS: Disk quota exceeded\nError writing the first partial page, unit 97.\nPSIO_ERROR: 12 (error writing to file)\n\nPractical advice: This error is probably disk related. First, check that your scratch isn’t full.\nSecond, make sure that you’re setting scratch (""psi4 -s"" or ""export PSI_SCRATCH"") rather than letting it \ndefault to /tmp. Third, run the job again to see if the error is reproducible.\nIf it persists, finally, file an issue.\n\nError occurred in file: /home/conda/feedstock_root/build_artifacts/psi4_1774729123260/work/psi4/src/psi4/libpsio/error.cc on line: 142\nThe most recent 5 function calls were:\n\npsi::PsiException::PsiException(std::__cxx11::basic_string<char, std::char_traits<char>, std::allocator<char> >, char const*, int)\npsi::PSIO::rw(unsigned long, char*, psi::psio_address, unsigned long, int)\npsi::DiskDFJK::initialize_JK_disk()\npsi::DiskDFJK::preiterations()\n')",disk_or_scratch_exhausted
pqr_0429,heteroatom_rich_non_qm9,SCFConvergenceError('Could not converge SCF iterations in 150 iterations.'),other
pqr_0433,heteroatom_rich_non_qm9,"RuntimeError('\nFatal Error: WRITE failed. Error description from the OS: Disk quota exceeded\nError writing the first partial page, unit 97.\nPSIO_ERROR: 12 (error writing to file)\n\nPractical advice: This error is probably disk related. First, check that your scratch isn’t full.\nSecond, make sure that you’re setting scratch (""psi4 -s"" or ""export PSI_SCRATCH"") rather than letting it \ndefault to /tmp. Third, run the job again to see if the error is reproducible.\nIf it persists, finally, file an issue.\n\nError occurred in file: /home/conda/feedstock_root/build_artifacts/psi4_1774729123260/work/psi4/src/psi4/libpsio/error.cc on line: 142\nThe most recent 5 function calls were:\n\npsi::PsiException::PsiException(std::__cxx11::basic_string<char, std::char_traits<char>, std::allocator<char> >, char const*, int)\npsi::PSIO::rw(unsigned long, char*, psi::psio_address, unsigned long, int)\npsi::DiskDFJK::initialize_JK_disk()\npsi::DiskDFJK::preiterations()\n')",disk_or_scratch_exhausted
pqr_0437,heteroatom_rich_non_qm9,"RuntimeError('\nFatal Error: WRITE failed. Error description from the OS: Disk quota exceeded\nError in PSIO::wt_toclen()! Cannot write TOC length, unit 64.\nPSIO_ERROR: 12 (error writing to file)\n\nPractical advice: This error is probably disk related. First, check that your scratch isn’t full.\nSecond, make sure that you’re setting scratch (""psi4 -s"" or ""export PSI_SCRATCH"") rather than letting it \ndefault to /tmp. Third, run the job again to see if the error is reproducible.\nIf it persists, finally, file an issue.\n\nError occurred in file: /home/conda/feedstock_root/build_artifacts/psi4_1774729123260/work/psi4/src/psi4/libpsio/error.cc on line: 142\nThe most recent 5 function calls were:\n\npsi::PsiException::PsiException(std::__cxx11::basic_string<char, std::char_traits<char>, std::allocator<char> >, char const*, int)\npsi::PSIO::wt_toclen(unsigned long, unsigned long)\npsi::PSIO::write(unsigned long, char const*, char*, unsigned long, psi::psio_address, psi::psio_address*)\npsi::PSIO::write_entry(unsigned long, char const*, char*, unsigned long)\n')",disk_or_scratch_exhausted
pqr_0457,heteroatom_rich_non_qm9,"RuntimeError('\nFatal Error: WRITE failed. Error description from the OS: Disk quota exceeded\nError in PSIO::wt_toclen()! Cannot write TOC length, unit 64.\nPSIO_ERROR: 12 (error writing to file)\n\nPractical advice: This error is probably disk related. First, check that your scratch isn’t full.\nSecond, make sure that you’re setting scratch (""psi4 -s"" or ""export PSI_SCRATCH"") rather than letting it \ndefault to /tmp. Third, run the job again to see if the error is reproducible.\nIf it persists, finally, file an issue.\n\nError occurred in file: /home/conda/feedstock_root/build_artifacts/psi4_1774729123260/work/psi4/src/psi4/libpsio/error.cc on line: 142\nThe most recent 5 function calls were:\n\npsi::PsiException::PsiException(std::__cxx11::basic_string<char, std::char_traits<char>, std::allocator<char> >, char const*, int)\npsi::PSIO::wt_toclen(unsigned long, unsigned long)\npsi::PSIO::write(unsigned long, char const*, char*, unsigned long, psi::psio_address, psi::psio_address*)\npsi::PSIO::write_entry(unsigned long, char const*, char*, unsigned long)\n')",disk_or_scratch_exhausted
pqr_0478,heteroatom_rich_non_qm9,"RuntimeError('\nFatal Error: WRITE failed. Error description from the OS: Disk quota exceeded\nError writing the first partial page, unit 64.\nPSIO_ERROR: 12 (error writing to file)\n\nPractical advice: This error is probably disk related. First, check that your scratch isn’t full.\nSecond, make sure that you’re setting scratch (""psi4 -s"" or ""export PSI_SCRATCH"") rather than letting it \ndefault to /tmp. Third, run the job again to see if the error is reproducible.\nIf it persists, finally, file an issue.\n\nError occurred in file: /home/conda/feedstock_root/build_artifacts/psi4_1774729123260/work/psi4/src/psi4/libpsio/error.cc on line: 142\nThe most recent 5 function calls were:\n\npsi::PsiException::PsiException(std::__cxx11::basic_string<char, std::char_traits<char>, std::allocator<char> >, char const*, int)\npsi::PSIO::rw(unsigned long, char*, psi::psio_address, unsigned long, int)\npsi::PSIO::write_entry(unsigned long, char const*, char*, unsigned long)\npsi::Matrix::save(psi::PSIO*, unsigned long, psi::Matrix::SaveType)\n')",disk_or_scratch_exhausted
pqr_0483,heteroatom_rich_non_qm9,"RuntimeError('\nFatal Error: WRITE failed. Error description from the OS: Disk quota exceeded\nError in PSIO::wt_toclen()! Cannot write TOC length, unit 64.\nPSIO_ERROR: 12 (error writing to file)\n\nPractical advice: This error is probably disk related. First, check that your scratch isn’t full.\nSecond, make sure that you’re setting scratch (""psi4 -s"" or ""export PSI_SCRATCH"") rather than letting it \ndefault to /tmp. Third, run the job again to see if the error is reproducible.\nIf it persists, finally, file an issue.\n\nError occurred in file: /home/conda/feedstock_root/build_artifacts/psi4_1774729123260/work/psi4/src/psi4/libpsio/error.cc on line: 142\nThe most recent 5 function calls were:\n\npsi::PsiException::PsiException(std::__cxx11::basic_string<char, std::char_traits<char>, std::allocator<char> >, char const*, int)\npsi::PSIO::wt_toclen(unsigned long, unsigned long)\npsi::PSIO::write(unsigned long, char const*, char*, unsigned long, psi::psio_address, psi::psio_address*)\npsi::PSIO::write_entry(unsigned long, char const*, char*, unsigned long)\n')",disk_or_scratch_exhausted
pqr_0500,large_neutral_organic,"RuntimeError('\nFatal Error: WRITE failed. Error description from the OS: Disk quota exceeded\nError writing the first partial page, unit 64.\nPSIO_ERROR: 12 (error writing to file)\n\nPractical advice: This error is probably disk related. First, check that your scratch isn’t full.\nSecond, make sure that you’re setting scratch (""psi4 -s"" or ""export PSI_SCRATCH"") rather than letting it \ndefault to /tmp. Third, run the job again to see if the error is reproducible.\nIf it persists, finally, file an issue.\n\nError occurred in file: /home/conda/feedstock_root/build_artifacts/psi4_1774729123260/work/psi4/src/psi4/libpsio/error.cc on line: 142\nThe most recent 5 function calls were:\n\npsi::PsiException::PsiException(std::__cxx11::basic_string<char, std::char_traits<char>, std::allocator<char> >, char const*, int)\npsi::PSIO::rw(unsigned long, char*, psi::psio_address, unsigned long, int)\npsi::PSIO::write_entry(unsigned long, char const*, char*, unsigned long)\npsi::Matrix::save(psi::PSIO*, unsigned long, psi::Matrix::SaveType)\n')",disk_or_scratch_exhausted
pqr_0501,large_neutral_organic,NO RECORD IN BAD FILE,unrecorded
pqr_0503,large_neutral_organic,"RuntimeError('\nFatal Error: WRITE failed. Error description from the OS: Disk quota exceeded\nError writing the first partial page, unit 64.\nPSIO_ERROR: 12 (error writing to file)\n\nPractical advice: This error is probably disk related. First, check that your scratch isn’t full.\nSecond, make sure that you’re setting scratch (""psi4 -s"" or ""export PSI_SCRATCH"") rather than letting it \ndefault to /tmp. Third, run the job again to see if the error is reproducible.\nIf it persists, finally, file an issue.\n\nError occurred in file: /home/conda/feedstock_root/build_artifacts/psi4_1774729123260/work/psi4/src/psi4/libpsio/error.cc on line: 142\nThe most recent 5 function calls were:\n\npsi::PsiException::PsiException(std::__cxx11::basic_string<char, std::char_traits<char>, std::allocator<char> >, char const*, int)\npsi::PSIO::rw(unsigned long, char*, psi::psio_address, unsigned long, int)\npsi::PSIO::write_entry(unsigned long, char const*, char*, unsigned long)\npsi::Matrix::save(psi::PSIO*, unsigned long, psi::Matrix::SaveType)\n')",disk_or_scratch_exhausted
pqr_0505,large_neutral_organic,"RuntimeError('\nFatal Error: WRITE failed. Error description from the OS: Disk quota exceeded\nError writing the first partial page, unit 97.\nPSIO_ERROR: 12 (error writing to file)\n\nPractical advice: This error is probably disk related. First, check that your scratch isn’t full.\nSecond, make sure that you’re setting scratch (""psi4 -s"" or ""export PSI_SCRATCH"") rather than letting it \ndefault to /tmp. Third, run the job again to see if the error is reproducible.\nIf it persists, finally, file an issue.\n\nError occurred in file: /home/conda/feedstock_root/build_artifacts/psi4_1774729123260/work/psi4/src/psi4/libpsio/error.cc on line: 142\nThe most recent 5 function calls were:\n\npsi::PsiException::PsiException(std::__cxx11::basic_string<char, std::char_traits<char>, std::allocator<char> >, char const*, int)\npsi::PSIO::rw(unsigned long, char*, psi::psio_address, unsigned long, int)\npsi::DiskDFJK::initialize_JK_disk()\npsi::DiskDFJK::preiterations()\n')",disk_or_scratch_exhausted
pqr_0509,large_neutral_organic,"RuntimeError('\nFatal Error: WRITE failed. Error description from the OS: No space left on device\nError in PSIO::wt_toclen()! Cannot write TOC length, unit 97.\nPSIO_ERROR: 12 (error writing to file)\n\nPractical advice: This error is probably disk related. First, check that your scratch isn’t full.\nSecond, make sure that you’re setting scratch (""psi4 -s"" or ""export PSI_SCRATCH"") rather than letting it \ndefault to /tmp. Third, run the job again to see if the error is reproducible.\nIf it persists, finally, file an issue.\n\nError occurred in file: /home/conda/feedstock_root/build_artifacts/psi4_1774729123260/work/psi4/src/psi4/libpsio/error.cc on line: 142\nThe most recent 5 function calls were:\n\npsi::PsiException::PsiException(std::__cxx11::basic_string<char, std::char_traits<char>, std::allocator<char> >, char const*, int)\npsi::PSIO::wt_toclen(unsigned long, unsigned long)\npsi::PSIO::open(unsigned long, int)\npsi::DiskDFJK::initialize_JK_disk()\n')",disk_or_scratch_exhausted
pqr_0511,large_neutral_organic,"RuntimeError('\nFatal Error: WRITE failed. Error description from the OS: No space left on device\nError in PSIO::wt_toclen()! Cannot write TOC length, unit 97.\nPSIO_ERROR: 12 (error writing to file)\n\nPractical advice: This error is probably disk related. First, check that your scratch isn’t full.\nSecond, make sure that you’re setting scratch (""psi4 -s"" or ""export PSI_SCRATCH"") rather than letting it \ndefault to /tmp. Third, run the job again to see if the error is reproducible.\nIf it persists, finally, file an issue.\n\nError occurred in file: /home/conda/feedstock_root/build_artifacts/psi4_1774729123260/work/psi4/src/psi4/libpsio/error.cc on line: 142\nThe most recent 5 function calls were:\n\npsi::PsiException::PsiException(std::__cxx11::basic_string<char, std::char_traits<char>, std::allocator<char> >, char const*, int)\npsi::PSIO::wt_toclen(unsigned long, unsigned long)\npsi::PSIO::open(unsigned long, int)\npsi::DiskDFJK::initialize_JK_disk()\n')",disk_or_scratch_exhausted
pqr_0513,large_neutral_organic,NO RECORD IN BAD FILE,unrecorded
pqr_0515,large_neutral_organic,"RuntimeError('\nFatal Error: WRITE failed. Error description from the OS: Disk quota exceeded\nError in PSIO::wt_toclen()! Cannot write TOC length, unit 64.\nPSIO_ERROR: 12 (error writing to file)\n\nPractical advice: This error is probably disk related. First, check that your scratch isn’t full.\nSecond, make sure that you’re setting scratch (""psi4 -s"" or ""export PSI_SCRATCH"") rather than letting it \ndefault to /tmp. Third, run the job again to see if the error is reproducible.\nIf it persists, finally, file an issue.\n\nError occurred in file: /home/conda/feedstock_root/build_artifacts/psi4_1774729123260/work/psi4/src/psi4/libpsio/error.cc on line: 142\nThe most recent 5 function calls were:\n\npsi::PsiException::PsiException(std::__cxx11::basic_string<char, std::char_traits<char>, std::allocator<char> >, char const*, int)\npsi::PSIO::wt_toclen(unsigned long, unsigned long)\npsi::PSIO::write(unsigned long, char const*, char*, unsigned long, psi::psio_address, psi::psio_address*)\npsi::PSIO::write_entry(unsigned long, char const*, char*, unsigned long)\n')",disk_or_scratch_exhausted
pqr_0516,large_neutral_organic,"RuntimeError('\nFatal Error: WRITE failed. Error description from the OS: Disk quota exceeded\nError writing the first partial page, unit 97.\nPSIO_ERROR: 12 (error writing to file)\n\nPractical advice: This error is probably disk related. First, check that your scratch isn’t full.\nSecond, make sure that you’re setting scratch (""psi4 -s"" or ""export PSI_SCRATCH"") rather than letting it \ndefault to /tmp. Third, run the job again to see if the error is reproducible.\nIf it persists, finally, file an issue.\n\nError occurred in file: /home/conda/feedstock_root/build_artifacts/psi4_1774729123260/work/psi4/src/psi4/libpsio/error.cc on line: 142\nThe most recent 5 function calls were:\n\npsi::PsiException::PsiException(std::__cxx11::basic_string<char, std::char_traits<char>, std::allocator<char> >, char const*, int)\npsi::PSIO::rw(unsigned long, char*, psi::psio_address, unsigned long, int)\npsi::DiskDFJK::initialize_JK_disk()\npsi::DiskDFJK::preiterations()\n')",disk_or_scratch_exhausted
pqr_0517,large_neutral_organic,NO RECORD IN BAD FILE,unrecorded
pqr_0519,large_neutral_organic,NO RECORD IN BAD FILE,unrecorded
pqr_0540,large_neutral_organic,"RuntimeError('\nFatal Error: WRITE failed. Error description from the OS: Disk quota exceeded\nError in PSIO::wt_toclen()! Cannot write TOC length, unit 64.\nPSIO_ERROR: 12 (error writing to file)\n\nPractical advice: This error is probably disk related. First, check that your scratch isn’t full.\nSecond, make sure that you’re setting scratch (""psi4 -s"" or ""export PSI_SCRATCH"") rather than letting it \ndefault to /tmp. Third, run the job again to see if the error is reproducible.\nIf it persists, finally, file an issue.\n\nError occurred in file: /home/conda/feedstock_root/build_artifacts/psi4_1774729123260/work/psi4/src/psi4/libpsio/error.cc on line: 142\nThe most recent 5 function calls were:\n\npsi::PsiException::PsiException(std::__cxx11::basic_string<char, std::char_traits<char>, std::allocator<char> >, char const*, int)\npsi::PSIO::wt_toclen(unsigned long, unsigned long)\npsi::PSIO::write(unsigned long, char const*, char*, unsigned long, psi::psio_address, psi::psio_address*)\npsi::PSIO::write_entry(unsigned long, char const*, char*, unsigned long)\n')",disk_or_scratch_exhausted
pqr_0542,large_neutral_organic,"RuntimeError('\nFatal Error: WRITE failed. Error description from the OS: Disk quota exceeded\nError in PSIO::wt_toclen()! Cannot write TOC length, unit 64.\nPSIO_ERROR: 12 (error writing to file)\n\nPractical advice: This error is probably disk related. First, check that your scratch isn’t full.\nSecond, make sure that you’re setting scratch (""psi4 -s"" or ""export PSI_SCRATCH"") rather than letting it \ndefault to /tmp. Third, run the job again to see if the error is reproducible.\nIf it persists, finally, file an issue.\n\nError occurred in file: /home/conda/feedstock_root/build_artifacts/psi4_1774729123260/work/psi4/src/psi4/libpsio/error.cc on line: 142\nThe most recent 5 function calls were:\n\npsi::PsiException::PsiException(std::__cxx11::basic_string<char, std::char_traits<char>, std::allocator<char> >, char const*, int)\npsi::PSIO::wt_toclen(unsigned long, unsigned long)\npsi::PSIO::write(unsigned long, char const*, char*, unsigned long, psi::psio_address, psi::psio_address*)\npsi::PSIO::write_entry(unsigned long, char const*, char*, unsigned long)\n')",disk_or_scratch_exhausted
pqr_0544,large_neutral_organic,"RuntimeError('\nFatal Error: WRITE failed. Error description from the OS: Disk quota exceeded\nError in PSIO::wt_toclen()! Cannot write TOC length, unit 64.\nPSIO_ERROR: 12 (error writing to file)\n\nPractical advice: This error is probably disk related. First, check that your scratch isn’t full.\nSecond, make sure that you’re setting scratch (""psi4 -s"" or ""export PSI_SCRATCH"") rather than letting it \ndefault to /tmp. Third, run the job again to see if the error is reproducible.\nIf it persists, finally, file an issue.\n\nError occurred in file: /home/conda/feedstock_root/build_artifacts/psi4_1774729123260/work/psi4/src/psi4/libpsio/error.cc on line: 142\nThe most recent 5 function calls were:\n\npsi::PsiException::PsiException(std::__cxx11::basic_string<char, std::char_traits<char>, std::allocator<char> >, char const*, int)\npsi::PSIO::wt_toclen(unsigned long, unsigned long)\npsi::PSIO::tocwrite(unsigned long)\n')",disk_or_scratch_exhausted
pqr_0545,large_neutral_organic,"RuntimeError('\nFatal Error: WRITE failed. Error description from the OS: Disk quota exceeded\nError in PSIO::wt_toclen()! Cannot write TOC length, unit 64.\nPSIO_ERROR: 12 (error writing to file)\n\nPractical advice: This error is probably disk related. First, check that your scratch isn’t full.\nSecond, make sure that you’re setting scratch (""psi4 -s"" or ""export PSI_SCRATCH"") rather than letting it \ndefault to /tmp. Third, run the job again to see if the error is reproducible.\nIf it persists, finally, file an issue.\n\nError occurred in file: /home/conda/feedstock_root/build_artifacts/psi4_1774729123260/work/psi4/src/psi4/libpsio/error.cc on line: 142\nThe most recent 5 function calls were:\n\npsi::PsiException::PsiException(std::__cxx11::basic_string<char, std::char_traits<char>, std::allocator<char> >, char const*, int)\npsi::PSIO::wt_toclen(unsigned long, unsigned long)\npsi::PSIO::write(unsigned long, char const*, char*, unsigned long, psi::psio_address, psi::psio_address*)\npsi::PSIO::write_entry(unsigned long, char const*, char*, unsigned long)\n')",disk_or_scratch_exhausted
pqr_0547,large_neutral_organic,"RuntimeError('\nFatal Error: WRITE failed. Error description from the OS: Disk quota exceeded\nError in PSIO::wt_toclen()! Cannot write TOC length, unit 64.\nPSIO_ERROR: 12 (error writing to file)\n\nPractical advice: This error is probably disk related. First, check that your scratch isn’t full.\nSecond, make sure that you’re setting scratch (""psi4 -s"" or ""export PSI_SCRATCH"") rather than letting it \ndefault to /tmp. Third, run the job again to see if the error is reproducible.\nIf it persists, finally, file an issue.\n\nError occurred in file: /home/conda/feedstock_root/build_artifacts/psi4_1774729123260/work/psi4/src/psi4/libpsio/error.cc on line: 142\nThe most recent 5 function calls were:\n\npsi::PsiException::PsiException(std::__cxx11::basic_string<char, std::char_traits<char>, std::allocator<char> >, char const*, int)\npsi::PSIO::wt_toclen(unsigned long, unsigned long)\npsi::PSIO::tocwrite(unsigned long)\n')",disk_or_scratch_exhausted
pqr_0550,large_neutral_organic,"RuntimeError('\nFatal Error: WRITE failed. Error description from the OS: Disk quota exceeded\nError in PSIO::wt_toclen()! Cannot write TOC length, unit 64.\nPSIO_ERROR: 12 (error writing to file)\n\nPractical advice: This error is probably disk related. First, check that your scratch isn’t full.\nSecond, make sure that you’re setting scratch (""psi4 -s"" or ""export PSI_SCRATCH"") rather than letting it \ndefault to /tmp. Third, run the job again to see if the error is reproducible.\nIf it persists, finally, file an issue.\n\nError occurred in file: /home/conda/feedstock_root/build_artifacts/psi4_1774729123260/work/psi4/src/psi4/libpsio/error.cc on line: 142\nThe most recent 5 function calls were:\n\npsi::PsiException::PsiException(std::__cxx11::basic_string<char, std::char_traits<char>, std::allocator<char> >, char const*, int)\npsi::PSIO::wt_toclen(unsigned long, unsigned long)\npsi::PSIO::write(unsigned long, char const*, char*, unsigned long, psi::psio_address, psi::psio_address*)\npsi::PSIO::write_entry(unsigned long, char const*, char*, unsigned long)\n')",disk_or_scratch_exhausted
pqr_0554,large_neutral_organic,"RuntimeError('\nFatal Error: WRITE failed. Error description from the OS: Disk quota exceeded\nError writing the first partial page, unit 97.\nPSIO_ERROR: 12 (error writing to file)\n\nPractical advice: This error is probably disk related. First, check that your scratch isn’t full.\nSecond, make sure that you’re setting scratch (""psi4 -s"" or ""export PSI_SCRATCH"") rather than letting it \ndefault to /tmp. Third, run the job again to see if the error is reproducible.\nIf it persists, finally, file an issue.\n\nError occurred in file: /home/conda/feedstock_root/build_artifacts/psi4_1774729123260/work/psi4/src/psi4/libpsio/error.cc on line: 142\nThe most recent 5 function calls were:\n\npsi::PsiException::PsiException(std::__cxx11::basic_string<char, std::char_traits<char>, std::allocator<char> >, char const*, int)\npsi::PSIO::rw(unsigned long, char*, psi::psio_address, unsigned long, int)\npsi::DiskDFJK::initialize_JK_disk()\npsi::DiskDFJK::preiterations()\n')",disk_or_scratch_exhausted
pqr_0568,large_neutral_organic,"RuntimeError('\nFatal Error: WRITE failed. Error description from the OS: Disk quota exceeded\nError in PSIO::wt_toclen()! Cannot write TOC length, unit 64.\nPSIO_ERROR: 12 (error writing to file)\n\nPractical advice: This error is probably disk related. First, check that your scratch isn’t full.\nSecond, make sure that you’re setting scratch (""psi4 -s"" or ""export PSI_SCRATCH"") rather than letting it \ndefault to /tmp. Third, run the job again to see if the error is reproducible.\nIf it persists, finally, file an issue.\n\nError occurred in file: /home/conda/feedstock_root/build_artifacts/psi4_1774729123260/work/psi4/src/psi4/libpsio/error.cc on line: 142\nThe most recent 5 function calls were:\n\npsi::PsiException::PsiException(std::__cxx11::basic_string<char, std::char_traits<char>, std::allocator<char> >, char const*, int)\npsi::PSIO::wt_toclen(unsigned long, unsigned long)\npsi::PSIO::write(unsigned long, char const*, char*, unsigned long, psi::psio_address, psi::psio_address*)\npsi::PSIO::write_entry(unsigned long, char const*, char*, unsigned long)\n')",disk_or_scratch_exhausted
pqr_0612,large_neutral_organic,"RuntimeError('\nFatal Error: WRITE failed. Error description from the OS: Disk quota exceeded\nError in PSIO::wt_toclen()! Cannot write TOC length, unit 64.\nPSIO_ERROR: 12 (error writing to file)\n\nPractical advice: This error is probably disk related. First, check that your scratch isn’t full.\nSecond, make sure that you’re setting scratch (""psi4 -s"" or ""export PSI_SCRATCH"") rather than letting it \ndefault to /tmp. Third, run the job again to see if the error is reproducible.\nIf it persists, finally, file an issue.\n\nError occurred in file: /home/conda/feedstock_root/build_artifacts/psi4_1774729123260/work/psi4/src/psi4/libpsio/error.cc on line: 142\nThe most recent 5 function calls were:\n\npsi::PsiException::PsiException(std::__cxx11::basic_string<char, std::char_traits<char>, std::allocator<char> >, char const*, int)\npsi::PSIO::wt_toclen(unsigned long, unsigned long)\npsi::PSIO::write(unsigned long, char const*, char*, unsigned long, psi::psio_address, psi::psio_address*)\npsi::PSIO::write_entry(unsigned long, char const*, char*, unsigned long)\n')",disk_or_scratch_exhausted
pqr_0613,large_neutral_organic,"RuntimeError('\nFatal Error: WRITE failed. Error description from the OS: Disk quota exceeded\nError in PSIO::wt_toclen()! Cannot write TOC length, unit 64.\nPSIO_ERROR: 12 (error writing to file)\n\nPractical advice: This error is probably disk related. First, check that your scratch isn’t full.\nSecond, make sure that you’re setting scratch (""psi4 -s"" or ""export PSI_SCRATCH"") rather than letting it \ndefault to /tmp. Third, run the job again to see if the error is reproducible.\nIf it persists, finally, file an issue.\n\nError occurred in file: /home/conda/feedstock_root/build_artifacts/psi4_1774729123260/work/psi4/src/psi4/libpsio/error.cc on line: 142\nThe most recent 5 function calls were:\n\npsi::PsiException::PsiException(std::__cxx11::basic_string<char, std::char_traits<char>, std::allocator<char> >, char const*, int)\npsi::PSIO::wt_toclen(unsigned long, unsigned long)\npsi::PSIO::write(unsigned long, char const*, char*, unsigned long, psi::psio_address, psi::psio_address*)\npsi::PSIO::write_entry(unsigned long, char const*, char*, unsigned long)\n')",disk_or_scratch_exhausted
