mol_id,n_heavy_atoms,basis,converged,wall_seconds
pqr_0380,8,def2-SVP,True,7.0
pqr_0923,7,"6-31G(d,p)",True,9.76
pqr_0492,11,def2-SVP,True,26.42
pqr_0931,9,"6-31G(d,p)",True,18.08
pqr_0767,12,"6-31G(d,p)",True,19.48
pqr_0084,14,"6-31G(d,p)",True,28.32
pqr_0031,16,"6-31G(d,p)",True,31.77
pqr_0293,17,def2-SVP,True,31.3
pqr_0705,21,"6-31G(d,p)",True,132.74
pqr_0720,21,"6-31G(d,p)",True,133.07
pqr_0398,22,def2-SVP,True,92.39
pqr_0650,23,"6-31G(d,p)",True,114.1
pqr_0674,26,"6-31G(d,p)",True,153.71
pqr_0393,24,def2-SVP,True,119.6
pqr_0318,28,def2-SVP,True,186.61
pqr_0151,29,def2-SVP,True,808.95
pqr_0567,33,"6-31G(d,p)",True,318.48
pqr_0609,33,"6-31G(d,p)",True,256.22
pqr_0504,36,"6-31G(d,p)",True,423.86
pqr_0645,37,"6-31G(d,p)",True,4668.4
