mol_id,n_heavy_atoms,method,wall_seconds,converged
pqr_0401,17,"GFN2-xTB single point (PROXY for PM7, not PM7)",1.2381,True
pqr_0877,8,"GFN2-xTB single point (PROXY for PM7, not PM7)",0.0151,True
pqr_0635,40,"GFN2-xTB single point (PROXY for PM7, not PM7)",0.0941,True
pqr_0414,14,"GFN2-xTB single point (PROXY for PM7, not PM7)",0.0246,True
pqr_0388,27,"GFN2-xTB single point (PROXY for PM7, not PM7)",0.0538,True
pqr_0709,21,"GFN2-xTB single point (PROXY for PM7, not PM7)",0.0301,True
pqr_0134,17,"GFN2-xTB single point (PROXY for PM7, not PM7)",0.0292,True
pqr_0287,15,"GFN2-xTB single point (PROXY for PM7, not PM7)",0.0236,True
pqr_0141,22,"GFN2-xTB single point (PROXY for PM7, not PM7)",0.036,True
pqr_0631,23,"GFN2-xTB single point (PROXY for PM7, not PM7)",0.0375,True
pqr_0152,9,"GFN2-xTB single point (PROXY for PM7, not PM7)",0.0166,True
pqr_0445,25,"GFN2-xTB single point (PROXY for PM7, not PM7)",0.0432,True
pqr_0357,25,"GFN2-xTB single point (PROXY for PM7, not PM7)",0.0483,True
pqr_0729,28,"GFN2-xTB single point (PROXY for PM7, not PM7)",0.0592,True
pqr_0328,22,"GFN2-xTB single point (PROXY for PM7, not PM7)",0.0358,True
pqr_0607,30,"GFN2-xTB single point (PROXY for PM7, not PM7)",0.0707,True
pqr_0789,17,"GFN2-xTB single point (PROXY for PM7, not PM7)",0.026,True
pqr_0165,17,"GFN2-xTB single point (PROXY for PM7, not PM7)",0.0416,True
pqr_0790,18,"GFN2-xTB single point (PROXY for PM7, not PM7)",0.029,True
pqr_0885,9,"GFN2-xTB single point (PROXY for PM7, not PM7)",0.0172,True
pqr_0192,22,"GFN2-xTB single point (PROXY for PM7, not PM7)",0.0543,True
pqr_0843,18,"GFN2-xTB single point (PROXY for PM7, not PM7)",0.0318,True
pqr_0806,20,"GFN2-xTB single point (PROXY for PM7, not PM7)",0.0298,True
pqr_0106,18,"GFN2-xTB single point (PROXY for PM7, not PM7)",0.0277,True
pqr_0144,34,"GFN2-xTB single point (PROXY for PM7, not PM7)",0.0972,True
pqr_0736,24,"GFN2-xTB single point (PROXY for PM7, not PM7)",0.0469,True
pqr_0741,26,"GFN2-xTB single point (PROXY for PM7, not PM7)",0.0565,True
pqr_0167,27,"GFN2-xTB single point (PROXY for PM7, not PM7)",0.0724,True
pqr_0694,39,"GFN2-xTB single point (PROXY for PM7, not PM7)",0.1022,True
pqr_0128,36,"GFN2-xTB single point (PROXY for PM7, not PM7)",0.1192,True
pqr_0218,4,"GFN2-xTB single point (PROXY for PM7, not PM7)",0.0117,True
pqr_0485,12,"GFN2-xTB single point (PROXY for PM7, not PM7)",0.0226,True
pqr_0935,7,"GFN2-xTB single point (PROXY for PM7, not PM7)",0.0134,True
pqr_0446,12,"GFN2-xTB single point (PROXY for PM7, not PM7)",0.015,True
pqr_0473,11,"GFN2-xTB single point (PROXY for PM7, not PM7)",0.021,True
pqr_0261,25,"GFN2-xTB single point (PROXY for PM7, not PM7)",0.0396,True
pqr_0834,13,"GFN2-xTB single point (PROXY for PM7, not PM7)",0.0238,True
pqr_0689,29,"GFN2-xTB single point (PROXY for PM7, not PM7)",0.0603,True
pqr_0575,25,"GFN2-xTB single point (PROXY for PM7, not PM7)",0.0422,True
pqr_0730,24,"GFN2-xTB single point (PROXY for PM7, not PM7)",0.0375,True
pqr_0882,9,"GFN2-xTB single point (PROXY for PM7, not PM7)",0.0173,True
pqr_0800,16,"GFN2-xTB single point (PROXY for PM7, not PM7)",0.0277,True
pqr_0491,11,"GFN2-xTB single point (PROXY for PM7, not PM7)",0.0215,True
pqr_0353,28,"GFN2-xTB single point (PROXY for PM7, not PM7)",0.0566,True
pqr_0381,41,"GFN2-xTB single point (PROXY for PM7, not PM7)",0.114,True
pqr_0434,45,"GFN2-xTB single point (PROXY for PM7, not PM7)",0.1754,True
pqr_0601,25,"GFN2-xTB single point (PROXY for PM7, not PM7)",0.0396,True
pqr_0058,27,"GFN2-xTB single point (PROXY for PM7, not PM7)",0.0555,True
pqr_0667,33,"GFN2-xTB single point (PROXY for PM7, not PM7)",0.0585,True
pqr_0202,13,"GFN2-xTB single point (PROXY for PM7, not PM7)",0.0233,True
pqr_0569,23,"GFN2-xTB single point (PROXY for PM7, not PM7)",0.0379,True
pqr_0852,8,"GFN2-xTB single point (PROXY for PM7, not PM7)",0.0139,True
pqr_0633,21,"GFN2-xTB single point (PROXY for PM7, not PM7)",0.0361,True
pqr_0323,25,"GFN2-xTB single point (PROXY for PM7, not PM7)",0.0414,True
pqr_0391,40,"GFN2-xTB single point (PROXY for PM7, not PM7)",0.1006,True
pqr_0420,31,"GFN2-xTB single point (PROXY for PM7, not PM7)",0.0686,True
pqr_0812,13,"GFN2-xTB single point (PROXY for PM7, not PM7)",0.0206,True
pqr_0438,17,"GFN2-xTB single point (PROXY for PM7, not PM7)",0.0286,True
pqr_0644,22,"GFN2-xTB single point (PROXY for PM7, not PM7)",0.0331,True
pqr_0908,9,"GFN2-xTB single point (PROXY for PM7, not PM7)",0.0156,True
pqr_0340,19,"GFN2-xTB single point (PROXY for PM7, not PM7)",0.0294,True
pqr_0310,22,"GFN2-xTB single point (PROXY for PM7, not PM7)",0.0463,True
pqr_0668,21,"GFN2-xTB single point (PROXY for PM7, not PM7)",0.0392,True
pqr_0067,27,"GFN2-xTB single point (PROXY for PM7, not PM7)",0.0586,True
pqr_0618,21,"GFN2-xTB single point (PROXY for PM7, not PM7)",0.0355,True
pqr_0660,29,"GFN2-xTB single point (PROXY for PM7, not PM7)",0.0582,True
pqr_0742,24,"GFN2-xTB single point (PROXY for PM7, not PM7)",0.0415,True
pqr_0070,23,"GFN2-xTB single point (PROXY for PM7, not PM7)",0.039,True
pqr_0235,19,"GFN2-xTB single point (PROXY for PM7, not PM7)",0.0316,True
pqr_0087,35,"GFN2-xTB single point (PROXY for PM7, not PM7)",0.1167,True
pqr_0870,9,"GFN2-xTB single point (PROXY for PM7, not PM7)",0.0162,True
pqr_0686,25,"GFN2-xTB single point (PROXY for PM7, not PM7)",0.052,True
pqr_0037,17,"GFN2-xTB single point (PROXY for PM7, not PM7)",0.0266,True
pqr_0740,22,"GFN2-xTB single point (PROXY for PM7, not PM7)",0.0433,True
pqr_0636,23,"GFN2-xTB single point (PROXY for PM7, not PM7)",0.0405,True
pqr_0403,10,"GFN2-xTB single point (PROXY for PM7, not PM7)",0.0186,True
pqr_0767,12,"GFN2-xTB single point (PROXY for PM7, not PM7)",0.0185,True
pqr_0168,9,"GFN2-xTB single point (PROXY for PM7, not PM7)",0.0172,True
pqr_0316,22,"GFN2-xTB single point (PROXY for PM7, not PM7)",0.0401,True
pqr_0053,26,"GFN2-xTB single point (PROXY for PM7, not PM7)",0.0429,True
pqr_0077,26,"GFN2-xTB single point (PROXY for PM7, not PM7)",0.0567,True
pqr_0427,6,"GFN2-xTB single point (PROXY for PM7, not PM7)",0.0139,True
pqr_0841,13,"GFN2-xTB single point (PROXY for PM7, not PM7)",0.0229,True
pqr_0361,33,"GFN2-xTB single point (PROXY for PM7, not PM7)",0.078,True
pqr_0282,24,"GFN2-xTB single point (PROXY for PM7, not PM7)",0.0394,True
pqr_0766,17,"GFN2-xTB single point (PROXY for PM7, not PM7)",0.0244,True
pqr_0574,24,"GFN2-xTB single point (PROXY for PM7, not PM7)",0.0376,True
pqr_0621,25,"GFN2-xTB single point (PROXY for PM7, not PM7)",0.0417,True
pqr_0424,5,"GFN2-xTB single point (PROXY for PM7, not PM7)",0.012,True
pqr_0692,39,"GFN2-xTB single point (PROXY for PM7, not PM7)",0.1132,True
pqr_0364,21,"GFN2-xTB single point (PROXY for PM7, not PM7)",0.0322,True
pqr_0304,18,"GFN2-xTB single point (PROXY for PM7, not PM7)",0.0317,True
pqr_0911,8,"GFN2-xTB single point (PROXY for PM7, not PM7)",0.016,True
pqr_0115,10,"GFN2-xTB single point (PROXY for PM7, not PM7)",0.0171,True
pqr_0647,25,"GFN2-xTB single point (PROXY for PM7, not PM7)",0.0462,True
pqr_0294,23,"GFN2-xTB single point (PROXY for PM7, not PM7)",0.0434,True
pqr_0072,18,"GFN2-xTB single point (PROXY for PM7, not PM7)",0.026,True
pqr_0530,21,"GFN2-xTB single point (PROXY for PM7, not PM7)",0.0288,True
pqr_0382,24,"GFN2-xTB single point (PROXY for PM7, not PM7)",0.042,True
pqr_0784,18,"GFN2-xTB single point (PROXY for PM7, not PM7)",0.0294,True
